Country,Time,ngdpsa,hdisa,gssa,compsa,emplsa,sharep,neer,tot,hpi,ir_mort,ir_cons,oecd,imfdeveloped,eu,ea
Transformation,,gr,gr,gr,gr,gr,gr,gr,gr,gr,n,n,n,n,n,n
SA,,n,n,n,n,n,n,n,n,n,n,n,n,n,n,n
Reciprocal,,n,n,n,n,n,n,n,n,n,y,y,n,n,n,n
EST,4/30/18,0.821558306,,8.441009455,55.25447776,664.3224,145.6901,98.4025,102.2295985,183.12925,2.45,2.94,,,,
EST,7/31/18,0.928878509,,8.441009455,55.25447776,662.5761,143.4107,98.4025,102.2295985,183.12925,2.58,3.01,,,,
EST,10/31/18,1.164539081,,8.441009455,55.25447776,674.124,138.6179,98.4025,102.2295985,183.12925,2.51,2.94,,,,
EST,1/31/19,1.687166292,,7.75737023,56.01573353,664.4391,141.6719,98.138333,101.8902196,195.976,2.5,3.1,,,,
EST,4/30/19,0.395425167,,7.75737023,56.01573353,669.9578,144.8549,98.138333,101.8902196,195.976,2.54,2.78,,,,
EST,7/31/19,0.35781631,,7.75737023,56.01573353,673.7154,145.136,98.138333,101.8902196,195.976,2.63,3.43,,,,
EST,10/31/19,0.742940459,,7.75737023,56.01573353,677.2877,145.5777,98.138333,101.8902196,195.976,2.61,3.46,,,,
EST,1/31/20,-0.390104117,,10.54703878,57.91373924,672.0185,145.5337,100,102.2779195,207.77305,2.6,3.91,,,,
EST,4/30/20,-5.265976673,,10.54703878,57.91373924,646.2693,132.1763,100,102.2779195,207.77305,2.42,4.24,,,,
EST,7/31/20,4.699811383,,10.54703878,57.91373924,649.2748,138.938,100,102.2779195,207.77305,2.61,3.71,,,,
EST,10/31/20,2.4287266,,10.54703878,57.91373924,658.7374,142.8303,100,102.2779195,207.77305,2.39,3.31,,,,
EST,1/31/21,2.801859417,,6.478295517,55.50493214,648.5173,168.2133,100.290834,102.5916132,239.040225,2.33,3.41,,,,
EST,4/30/21,2.051531376,,6.478295517,55.50493214,646.2012,187.9061,100.290834,102.5916132,239.040225,2.22,3.75,,,,
EST,7/31/21,-0.280823717,,6.478295517,55.50493214,659.8005,214.2092,100.290834,102.5916132,239.040225,2.25,3.12,,,,
EST,10/31/21,1.006665845,,6.478295517,55.50493214,662.281,229.3397,100.290834,102.5916132,239.040225,2.12,1.98,,,,
EST,1/31/22,-0.064479384,,,54.73216233,677.621,223.2978,98.4475,103.2017166,292.176925,2.06,2.57,,,,
EST,4/30/22,-1.085983097,,,54.73216233,679.0815,214.2007,98.4475,103.2017166,292.176925,2.07,2.44,,,,
EST,7/31/22,-0.724792403,,,54.73216233,681.0199,206.1925,98.4475,103.2017166,292.176925,2.4,2.91,,,,
EST,10/31/22,-1.378334929,,,54.73216233,685.5776,200.1363,98.4475,103.2017166,292.176925,3.58,3.99,,,,
EST,1/31/23,-0.662328181,,,,703.9212,216.0144,,,,4.47,4.51,,,,
EST,4/30/23,-0.241304832,,,,702.4348,219.6492,,,,5.01,5.51,,,,
DNK,4/30/18,0.502598831,0.47,5.424600994,59.03938538,2830.008,112.2371,98.48,99.07213039,126.30995,3.319,0.05,,,,
DNK,7/31/18,0.602133078,0.46,5.424600994,59.03938538,2837.997,115.3405,98.48,99.07213039,126.30995,3.321,0.05,,,,
DNK,10/31/18,0.499343436,0.57,5.424600994,59.03938538,2847.856,105.3056,98.48,99.07213039,126.30995,3.199,0.05,,,,
DNK,1/31/19,-0.218151328,0.28,4.28351761,59.3979151,2861.087,109.8985,98.106667,98.97165831,129.619425,3.199,0.05,,,,
DNK,4/30/19,1.005162294,0.97,4.28351761,59.3979151,2876.991,114.5383,98.106667,98.97165831,129.619425,3.139,0.05,,,,
DNK,7/31/19,0.457313711,0.71,4.28351761,59.3979151,2887.756,116.0252,98.106667,98.97165831,129.619425,3.069,0.05,,,,
DNK,10/31/19,-0.304142897,-0.21,4.28351761,59.3979151,2884.667,121.7124,98.106667,98.97165831,129.619425,2.981,0.05,,,,
DNK,1/31/20,-1.021091997,-1.45,5.698015455,60.20103864,2884.96,126.0763,100,102.1303474,136.238275,2.943,0.05,,,,
DNK,4/30/20,-6.04002957,2.73,5.698015455,60.20103864,2827.072,128.0636,100,102.1303474,136.238275,2.937,0.05,,,,
DNK,7/31/20,5.555475678,1.6,5.698015455,60.20103864,2843.637,142.9045,100,102.1303474,136.238275,2.903,0.05,,,,
DNK,10/31/20,1.039550846,-7.87,5.698015455,60.20103864,2853.631,154.8002,100,102.1303474,136.238275,2.865,0.05,,,,
DNK,1/31/21,1.579360542,-2.62,2.790680072,57.72624122,2855.795,163.4964,100.27,102.7964554,152.206275,2.845,-0.35,,,,
DNK,4/30/21,2.93649594,6.92,2.790680072,57.72624122,2900.173,174.5673,100.27,102.7964554,152.206275,2.813,-0.45,,,,
DNK,7/31/21,0.750351775,3.31,2.790680072,57.72624122,2910.59,193.4537,100.27,102.7964554,152.206275,2.747,-0.45,,,,
DNK,10/31/21,2.424338645,1.62,2.790680072,57.72624122,2933.843,195.2621,100.27,102.7964554,152.206275,2.682,-0.45,,,,
DNK,1/31/22,-0.900468906,-1.29,7.168912527,55.15910184,2967.742,182.9853,99.269167,103.9863731,151.489225,2.657,0.05,,,,
DNK,4/30/22,0.868663536,-1.64,7.168912527,55.15910184,2996.074,181.5368,99.269167,103.9863731,151.489225,2.609,0.05,,,,
DNK,7/31/22,-0.096688017,-0.99,7.168912527,55.15910184,3001.681,179.0206,99.269167,103.9863731,151.489225,2.627,0.8,,,,
DNK,10/31/22,0.50928716,0.98,7.168912527,55.15910184,3012.303,177.9904,99.269167,103.9863731,151.489225,3.307,1.9,,,,
DNK,1/31/23,0.735889452,3.33,,,3030.462,195.0444,,,,3.975,2.25,,,,
DNK,4/30/23,0.315772817,-1.63,,,3004.072,205.3368,,,,4.643,3,,,,
ESP,4/30/18,0.585880251,0.34,1.396291686,50.12502065,19304.59,92.44191,98.500834,99.28559972,88.127325,1.98,1.99,,,,
ESP,7/31/18,0.52041551,0.38,1.396291686,50.12502065,19402.15,89.81604,98.500834,99.28559972,88.127325,1.89,1.87,,,,
ESP,10/31/18,0.659258956,1.4,1.396291686,50.12502065,19529.87,83.32016,98.500834,99.28559972,88.127325,2,1.84,,,,
ESP,1/31/19,0.608861527,0.9,4.105222755,51.3620079,19651.27,84.89809,98.170833,99.13430792,92.686875,2.09,1.96,,,,
ESP,4/30/19,0.346200217,1.87,4.105222755,51.3620079,19885.09,86.7626,98.170833,99.13430792,92.686875,2.15,1.98,,,,
ESP,7/31/19,0.295000101,-1.21,4.105222755,51.3620079,19763.9,83.65209,98.170833,99.13430792,92.686875,1.98,1.77,,,,
ESP,10/31/19,0.217169436,0.37,4.105222755,51.3620079,19816.34,86.33318,98.170833,99.13430792,92.686875,1.82,1.77,,,,
ESP,1/31/20,-5.48725517,-1.62,13.7396403,54.91173124,19741.06,81.06324,99.999167,101.2472847,94.7604,1.81,2.21,,,,
ESP,4/30/20,-17.82625592,-7.72,13.7396403,54.91173124,18759.61,64.12774,99.999167,101.2472847,94.7604,1.72,1.79,,,,
ESP,7/31/20,16.63793363,11.23,13.7396403,54.91173124,19081.5,64.81197,99.999167,101.2472847,94.7604,1.75,1.69,,,,
ESP,10/31/20,-0.058975087,-2.45,13.7396403,54.91173124,19226.92,69.02163,99.999167,101.2472847,94.7604,1.71,1.65,,,,
ESP,1/31/21,-0.228663315,-0.81,9.562398487,54.19915667,19329.48,76.36524,100.7425,100.5518196,98.246,1.56,2.15,,,,
ESP,4/30/21,1.352205559,0.56,9.562398487,54.19915667,19726.32,82.23612,100.7425,100.5518196,98.246,1.52,2.07,,,,
ESP,7/31/21,3.108188446,3.28,9.562398487,54.19915667,19906.33,80.49223,100.7425,100.5518196,98.246,1.44,1.55,,,,
ESP,10/31/21,2.26529089,-1.52,9.562398487,54.19915667,20132.17,80.06898,100.7425,100.5518196,98.246,1.46,1.59,,,,
ESP,1/31/22,-0.573839954,-3.66,,52.46656419,20261.9,78.52036,100.1,93.56486283,105.51645,1.44,1.87,,,,
ESP,4/30/22,2.791828726,-0.52,,52.46656419,20402.28,78.3112,100.1,93.56486283,105.51645,1.55,1.84,,,,
ESP,7/31/22,0.387178437,-1.32,,52.46656419,20445.16,73.82452,100.1,93.56486283,105.51645,1.8,1.67,,,,
ESP,10/31/22,0.414004686,5.11,,52.46656419,20452.96,73.76313,100.1,93.56486283,105.51645,2.51,2.6,,,,
ESP,1/31/23,0.520072656,1.81,,,20603.87,83.3399,,,,3.19,3.71,,,,
ESP,4/30/23,0.420518918,0.37,,,20934.08,85.27568,,,,3.61,4.35,,,,
NOR,4/30/18,0.300808205,0.53,5.926761424,51.46718589,2680.036,148.2753,110.4,104.0916746,149.035625,2.42,,,,,
NOR,7/31/18,0.6300102,-1.5,5.926761424,51.46718589,2689.539,154.0787,110.4,104.0916746,149.035625,2.45,0.7,,,,
NOR,10/31/18,0.033674237,1.92,5.926761424,51.46718589,2706.255,147.7554,110.4,104.0916746,149.035625,2.55,0.74,,,,
NOR,1/31/19,-0.443113704,0.26,7.060547059,54.19282643,2700.87,145.8166,107.355,95.50493401,152.72965,2.51,0.78,,,,
NOR,4/30/19,0.859924439,1.03,7.060547059,54.19282643,2703.369,148.404,107.355,95.50493401,152.72965,2.65,0.84,,,,
NOR,7/31/19,0.568205142,-0.59,7.060547059,54.19282643,2729.727,145.34,107.355,95.50493401,152.72965,2.81,0.92,,,,
NOR,10/31/19,0.828953858,-0.08,7.060547059,54.19282643,2728.234,151.0397,107.355,95.50493401,152.72965,2.97,1.03,,,,
NOR,1/31/20,-1.316029175,-0.7,12.8832977,56.82365319,2735.753,141.9355,100.001667,80.08532722,159.235025,3.02,1.09,,,,
NOR,4/30/20,-5.342636369,1.59,12.8832977,56.82365319,2681.652,128.5604,100.001667,80.08532722,159.235025,2.23,0.94,,,,
NOR,7/31/20,4.264227535,-0.52,12.8832977,56.82365319,2684.106,139.6004,100.001667,80.08532722,159.235025,1.82,0.37,,,,
NOR,10/31/20,1.247431013,2.26,12.8832977,56.82365319,2706.488,146.1826,100.001667,80.08532722,159.235025,1.81,0.36,,,,
NOR,1/31/21,-0.341314443,-2.82,13.29453688,48.78514567,2724.855,165.5748,105.393333,114.7728847,175.90715,1.78,0.33,,,,
NOR,4/30/21,1.282167177,0.73,13.29453688,48.78514567,2794.061,177.7793,105.393333,114.7728847,175.90715,1.77,0.31,,,,
NOR,7/31/21,3.244772437,0.32,13.29453688,48.78514567,2837.879,185.1987,105.393333,114.7728847,175.90715,1.75,0.26,,,,
NOR,10/31/21,0.447454467,14.38,13.29453688,48.78514567,2833.705,197.4827,105.393333,114.7728847,175.90715,1.86,0.31,,,,
NOR,1/31/22,-0.572922624,-9.83,,38.81545335,2853.244,199.777,104.949167,166.5642162,185.125875,2.07,0.43,,,,
NOR,4/30/22,1.165815315,-1.36,,38.81545335,2867.113,211.7659,104.949167,166.5642162,185.125875,2.31,0.51,,,,
NOR,7/31/22,1.240325526,-2.51,,38.81545335,2855.608,208.1653,104.949167,166.5642162,185.125875,2.69,0.73,,,,
NOR,10/31/22,-0.085476669,-1.84,,38.81545335,2860.835,204.6834,104.949167,166.5642162,185.125875,3.79,1.35,,,,
NOR,1/31/23,0.33566784,1.28,,,2868.799,206.7645,,,,4.14,1.83,,,,
NOR,4/30/23,0.035855528,-1.37,,,2899.994,208.2854,,,,4.23,1.99,,,,
HUN,4/30/18,0.904200032,1.34,10.85668187,49.94299191,4473.837,175.8564,108.835833,99.29476772,155.297575,5.26,,,,,
HUN,7/31/18,1.500376033,0.21,10.85668187,49.94299191,4471.233,172.0992,108.835833,99.29476772,155.297575,5.01,,,,,
HUN,10/31/18,1.027988765,2.05,10.85668187,49.94299191,4479.021,183.0118,108.835833,99.29476772,155.297575,5.01,,,,,
HUN,1/31/19,1.954293344,-0.76,10.41660605,48.9749187,4512.229,194.0795,106.290833,99.56162224,181.63865,4.95,,,,,
HUN,4/30/19,0.325596739,4.51,10.41660605,48.9749187,4521.661,196.6897,106.290833,99.56162224,181.63865,4.7,,,,,
HUN,7/31/19,1.407654067,-0.07,10.41660605,48.9749187,4504.625,192.3654,106.290833,99.56162224,181.63865,4.22,,,,,
HUN,10/31/19,0.549032483,0.96,10.41660605,48.9749187,4509.985,205.3144,106.290833,99.56162224,181.63865,4.53,,,,,
HUN,1/31/20,-0.374392192,-1.33,10.90994149,48.95666924,4484.36,196.6108,99.998333,101.5959631,190.632525,4.33,,,,,
HUN,4/30/20,-14.52497287,-7.51,10.90994149,48.95666924,4427.632,167.1827,99.998333,101.5959631,190.632525,4.43,,,,,
HUN,7/31/20,11.83199194,10.9,10.90994149,48.95666924,4465.446,166.5003,99.998333,101.5959631,190.632525,4.5,,,,,
HUN,10/31/20,1.570829238,-0.71,10.90994149,48.95666924,4464.461,176.616,99.998333,101.5959631,190.632525,4.4,,,,,
HUN,1/31/21,1.134442931,3.73,13.06652411,47.03844837,4588.24,208.6995,98.514167,98.48242523,222.097675,4.33,,,,,
HUN,4/30/21,2.431741484,-0.43,13.06652411,47.03844837,4633.991,216.9197,98.514167,98.48242523,222.097675,4.27,,,,,
HUN,7/31/21,1.418628864,1.51,13.06652411,47.03844837,4654.109,238.5741,98.514167,98.48242523,222.097675,4.12,,,,,
HUN,10/31/21,2.384345883,2.94,13.06652411,47.03844837,4690.96,250.0295,98.514167,98.48242523,222.097675,4.2,,,,,
HUN,1/31/22,1.493516185,-0.95,,45.82867896,4704.291,231.3313,89.695,92.97298072,271.4972,3.95,,,,,
HUN,4/30/22,0.798848951,0.01,,45.82867896,4706.144,196.9096,89.695,92.97298072,271.4972,4.42,,,,,
HUN,7/31/22,-0.954200743,-0.13,,45.82867896,4709.057,195.7475,89.695,92.97298072,271.4972,4.58,,,,,
HUN,10/31/22,-0.63614829,0.11,,45.82867896,4716.609,204.2352,89.695,92.97298072,271.4972,4.04,,,,,
HUN,1/31/23,-0.400312126,-2.77,,,4725.207,212.4625,,,,4.02,,,,,
HUN,4/30/23,-0.285598477,2.98,,,4733.48,221.6279,,,,3.99,,,,,
SVN,4/30/18,1.330210134,0.39,6.271849283,57.10093702,979.6191,116.2774,98.518334,100.1703077,103.70505,2.44,2.85,,,,
SVN,7/31/18,1.369940225,1.29,6.271849283,57.10093702,982.79,116.7741,98.518334,100.1703077,103.70505,2.4,2.62,,,,
SVN,10/31/18,1.201631171,1.89,6.271849283,57.10093702,984.89,108.7804,98.518334,100.1703077,103.70505,2.4,2.7,,,,
SVN,1/31/19,0.620001989,0.95,6.125124014,58.00709099,988.0211,113.0039,98.4325,100.7044991,110.652275,2.45,2.84,,,,
SVN,4/30/19,-0.376670489,0.99,6.125124014,58.00709099,987.4526,117.5974,98.4325,100.7044991,110.652275,2.44,2.74,,,,
SVN,7/31/19,1.649736459,-0.6,6.125124014,58.00709099,975.605,115.8816,98.4325,100.7044991,110.652275,2.3,2.55,,,,
SVN,10/31/19,1.184951184,-1.68,6.125124014,58.00709099,979.0213,118.962,98.4325,100.7044991,110.652275,2.23,2.59,,,,
SVN,1/31/20,-4.691597387,9.08,16.33448577,60.65503293,994.52,120.5952,100.000833,101.4313175,115.7438,2.19,2.95,,,,
SVN,4/30/20,-9.800753862,-6.24,16.33448577,60.65503293,966.1069,109.3825,100.000833,101.4313175,115.7438,2.28,3.22,,,,
SVN,7/31/20,13.00451334,3.34,16.33448577,60.65503293,970.3333,114.1028,100.000833,101.4313175,115.7438,2.14,2.65,,,,
SVN,10/31/20,-1.253408569,1.73,16.33448577,60.65503293,981.1399,114.7532,100.000833,101.4313175,115.7438,1.97,2.77,,,,
SVN,1/31/21,1.778404022,2.65,12.11443779,60.03867238,944.2425,128.1418,100.864167,99.31532979,129.105,1.94,2.62,,,,
SVN,4/30/21,1.890392747,-2.57,12.11443779,60.03867238,976.6401,145.9951,100.864167,99.31532979,129.105,1.8,2.43,,,,
SVN,7/31/21,2.902131652,4.12,12.11443779,60.03867238,986.8785,156.6722,100.864167,99.31532979,129.105,1.77,2.36,,,,
SVN,10/31/21,3.401129616,-0.46,12.11443779,60.03867238,978.4389,162.1429,100.864167,99.31532979,129.105,1.7,2.14,,,,
SVN,1/31/22,1.16375008,1.03,,59.10823807,995.2581,164.9397,100.898333,96.26737545,148.157075,1.67,2.32,,,,
SVN,4/30/22,0.612437275,-2.83,,59.10823807,982.6254,155.1288,100.898333,96.26737545,148.157075,1.75,2.17,,,,
SVN,7/31/22,-1.269412403,-0.76,,59.10823807,985.2588,149.1515,100.898333,96.26737545,148.157075,2.24,2.24,,,,
SVN,10/31/22,0.798187563,0.25,,59.10823807,981.3577,138.7724,100.898333,96.26737545,148.157075,3.07,3.5,,,,
SVN,1/31/23,0.744497995,4.23,,,984.4007,154.9081,,,,3.86,4.34,,,,
SVN,4/30/23,1.363298169,-0.42,,,990.5905,164.4676,,,,4.01,4.48,,,,
FIN,4/30/18,-0.11800553,-0.6,-0.840500232,53.9635782,2541.628,117.6705,98.501667,99.97723757,110.0639,0.89,2.89,,,,
FIN,7/31/18,-0.093457944,0.15,-0.840500232,53.9635782,2543.587,119.1564,98.501667,99.97723757,110.0639,0.88,3.14,,,,
FIN,10/31/18,0.038830153,0.4,-0.840500232,53.9635782,2557.777,108.4174,98.501667,99.97723757,110.0639,0.89,3.59,,,,
FIN,1/31/19,0.66514935,0.73,0.386347476,54.03080693,2560.007,112.4998,98.101667,99.45349911,110.5165,0.89,3.23,,,,
FIN,4/30/19,0.795709478,1.02,0.386347476,54.03080693,2562.874,110.7731,98.101667,99.45349911,110.5165,0.83,3.5,,,,
FIN,7/31/19,0.086941401,0.72,0.386347476,54.03080693,2567.405,109.0135,98.101667,99.45349911,110.5165,0.78,2.85,,,,
FIN,10/31/19,-0.15114663,-0.14,0.386347476,54.03080693,2572.013,112.6485,98.101667,99.45349911,110.5165,0.75,2.6,,,,
FIN,1/31/20,-0.241852696,0.55,4.60767031,53.61276303,2573.728,111.4964,100,101.0062339,112.4867,0.8,2.18,,,,
FIN,4/30/20,-6.360972547,-1.62,4.60767031,53.61276303,2484.415,102.5357,100,101.0062339,112.4867,0.89,1.52,,,,
FIN,7/31/20,4.986309535,0.28,4.60767031,53.61276303,2519.104,115.1343,100,101.0062339,112.4867,0.78,2.4,,,,
FIN,10/31/20,0.782414307,2.47,4.60767031,53.61276303,2535.453,123.0307,100,101.0062339,112.4867,0.75,2.69,,,,
FIN,1/31/21,0.028166535,-0.21,2.826140014,54.16754803,2540.458,133.3285,100.289167,101.0665345,117.625175,0.75,2.25,,,,
FIN,4/30/21,1.337533658,0.35,2.826140014,54.16754803,2574.016,142.2299,100.289167,101.0665345,117.625175,0.73,2.98,,,,
FIN,7/31/21,1.048957121,0.4,2.826140014,54.16754803,2569.451,152.8097,100.289167,101.0665345,117.625175,0.75,2.66,,,,
FIN,10/31/21,0.905731718,-1.59,2.826140014,54.16754803,2609.575,148.9248,100.289167,101.0665345,117.625175,0.75,3.31,,,,
FIN,1/31/22,-0.091974383,0.58,-0.863487562,53.69678449,2627.613,139.0127,98.3825,100.3675924,118.982975,0.8,3.21,,,,
FIN,4/30/22,0.72624365,-1.74,-0.863487562,53.69678449,2648.506,128.7729,98.3825,100.3675924,118.982975,0.97,2.97,,,,
FIN,7/31/22,-0.450206486,-0.04,-0.863487562,53.69678449,2630.896,124.4399,98.3825,100.3675924,118.982975,1.66,4.24,,,,
FIN,10/31/22,-0.635859771,-0.91,-0.863487562,53.69678449,2653.585,125.8909,98.3825,100.3675924,118.982975,2.74,4.8,,,,
FIN,1/31/23,0.287454657,1.26,,,2652.384,130.6213,,,,3.02,5.13,,,,
FIN,4/30/23,0.636388453,0.33,,,2667.773,122.9205,,,,3.69,5.6,,,,
NLD,4/30/18,0.651351507,1.26,9.827950801,53.39632012,8773.302,115.2153,99.29,100.216486,110.960525,2.39,3.08,,,,
NLD,7/31/18,0.118766163,0.21,9.827950801,53.39632012,8836.415,115.5527,99.29,100.216486,110.960525,2.42,3.06,,,,
NLD,10/31/18,0.487706795,0.05,9.827950801,53.39632012,8871.07,106.643,99.29,100.216486,110.960525,2.4,3.02,,,,
NLD,1/31/19,0.826416375,0.67,12.01949996,53.6400629,8919.711,109.2964,98.455834,100.7900197,119.04625,2.39,3.13,,,,
NLD,4/30/19,0.297512296,1.13,12.01949996,53.6400629,8972.771,116.0074,98.455834,100.7900197,119.04625,2.35,2.79,,,,
NLD,7/31/19,0.213677408,-1.14,12.01949996,53.6400629,9001.055,116.5224,98.455834,100.7900197,119.04625,2.24,2.56,,,,
NLD,10/31/19,0.572641066,1.8,12.01949996,53.6400629,9034.064,118.6856,98.455834,100.7900197,119.04625,2.08,2.19,,,,
NLD,1/31/20,-1.327838614,1.37,18.83201719,56.7529748,9067.896,113.4181,99.999167,101.4795748,128.13735,1.98,2.57,,,,
NLD,4/30/20,-8.348639597,-2.19,18.83201719,56.7529748,8915.852,105.0219,99.999167,101.4795748,128.13735,1.88,2.25,,,,
NLD,7/31/20,6.376224562,2.37,18.83201719,56.7529748,8942.788,112.7704,99.999167,101.4795748,128.13735,1.87,2.39,,,,
NLD,10/31/20,0.634352785,0.81,18.83201719,56.7529748,8997.265,119.494,99.999167,101.4795748,128.13735,1.87,1.76,,,,
NLD,1/31/21,1.224262986,-0.33,16.97588019,54.14430269,9178.888,134.4195,100.418333,100.3770487,147.374325,1.8,2.03,,,,
NLD,4/30/21,3.086725669,1.35,16.97588019,54.14430269,9246.78,143.5237,100.418333,100.3770487,147.374325,1.71,1.87,,,,
NLD,7/31/21,1.914124475,0.78,16.97588019,54.14430269,9313.208,151.4498,100.418333,100.3770487,147.374325,1.68,1.67,,,,
NLD,10/31/21,0.798697174,-1.38,16.97588019,54.14430269,9389.824,154.3798,100.418333,100.3770487,147.374325,1.65,1.63,,,,
NLD,1/31/22,0.517007219,1.82,12.69610685,52.53273133,9478.658,143.0765,98.5075,97.62882715,167.2262,1.67,1.82,,,,
NLD,4/30/22,1.84199198,0.05,12.69610685,52.53273133,9589.396,133.1793,98.5075,97.62882715,167.2262,1.89,2.01,,,,
NLD,7/31/22,-0.185737239,0.38,12.69610685,52.53273133,9587.03,131.6745,98.5075,97.62882715,167.2262,2.43,2.33,,,,
NLD,10/31/22,0.86436159,-2.53,12.69610685,52.53273133,9692.814,131.4245,98.5075,97.62882715,167.2262,3.06,2.82,,,,
NLD,1/31/23,-0.432351603,2.76,,,9739.498,143.5438,,,,3.51,3.85,,,,
NLD,4/30/23,-0.314952389,-1.17,,,9775.583,144.0658,,,,3.68,3.71,,,,
USA,4/30/18,0.697342921,0.76,7.82418552,55.48669856,155575.3,118.1016,95.026666,102.51374,147.388575,4.58,10.22,,,,
USA,7/31/18,0.722035914,0.84,7.82418552,55.48669856,155888.3,121.0241,95.026666,102.51374,147.388575,4.54,10.31,,,,
USA,10/31/18,0.181783198,0.82,7.82418552,55.48669856,156643,113.901,95.026666,102.51374,147.388575,4.86,10.08,,,,
USA,1/31/19,0.54271061,1.09,9.133134073,55.65811481,156730.7,115.5575,98.1925,103.6778315,153.195025,4.46,10.65,,,,
USA,4/30/19,0.67300894,-0.22,9.133134073,55.65811481,156887,119.9513,98.1925,103.6778315,153.195025,4.2,10.36,,,,
USA,7/31/19,0.889966473,0.53,9.133134073,55.65811481,157869.7,121.1577,98.1925,103.6778315,153.195025,3.75,10.63,,,,
USA,10/31/19,0.443046894,0.43,9.133134073,55.65811481,158650,125.2528,98.1925,103.6778315,153.195025,3.78,10.07,,,,
USA,1/31/20,-1.175154201,0.67,17.49035854,57.02389941,157581,120.0189,100,103.3967518,163.465675,3.51,10.21,,,,
USA,4/30/20,-8.484336154,9.99,17.49035854,57.02389941,137554,106.8753,100,103.3967518,163.465675,3.23,9.63,,,,
USA,7/31/20,7.854483117,-3.34,17.49035854,57.02389941,146201.7,118.4926,100,103.3967518,163.465675,2.99,9.5,,,,
USA,10/31/20,0.963213279,-1.82,17.49035854,57.02389941,149914.3,128.1044,100,103.3967518,163.465675,2.88,9.26,,,,
USA,1/31/21,1.542791999,11.41,12.36290392,55.80902113,150275.7,142.0478,96.005,107.3485371,188.91315,2.73,9.65,,,,
USA,4/30/21,1.707015905,-7.57,12.36290392,55.80902113,151445.7,153.0035,96.005,107.3485371,188.91315,2.98,9.46,,,,
USA,7/31/21,0.656694491,-1.28,12.36290392,55.80902113,153286.7,155.5046,96.005,107.3485371,188.91315,2.8,9.58,,,,
USA,10/31/21,1.69569402,-1.37,12.36290392,55.80902113,155337,158.0451,96.005,107.3485371,188.91315,3.14,9.39,,,,
USA,1/31/22,-0.410338185,-2.35,,,157680,155.4432,102.9475,,214.36645,3.55,9.09,,,,
USA,4/30/22,-0.144633973,-0.42,,,158112.7,145.9139,102.9475,,214.36645,5.1,9.39,,,,
USA,7/31/22,0.801155209,0.57,,,158605.3,138.9465,102.9475,,214.36645,5.3,8.73,,,,
USA,10/31/22,0.637397896,0.14,,,158788,139.0872,102.9475,,214.36645,7.08,10.16,,,,
USA,1/31/23,0.496811816,2.29,,,160448.3,145.4639,,,,6.13,11.21,,,,
USA,4/30/23,0.511306154,0.49,,,160915.3,144.5312,,,,6.43,11.48,,,,
SVK,4/30/18,1.183228165,,4.678896494,46.38025708,2556.628,128.0064,98.343333,98.48652614,125.318675,1.64,3.67,,,,
SVK,7/31/18,0.996155376,,4.678896494,46.38025708,2574.87,129.5446,98.343333,98.48652614,125.318675,1.52,3.68,,,,
SVK,10/31/18,0.511306262,,4.678896494,46.38025708,2586.34,128.2403,98.343333,98.48652614,125.318675,1.47,3.27,,,,
SVK,1/31/19,0.763417188,,3.913756565,47.64953812,2593.184,130.4287,98.235833,98.24731695,136.74085,1.48,2.97,,,,
SVK,4/30/19,0.295613977,,3.913756565,47.64953812,2578.684,135.0998,98.235833,98.24731695,136.74085,1.49,3.49,,,,
SVK,7/31/19,0.348258498,,3.913756565,47.64953812,2582.683,132.1597,98.235833,98.24731695,136.74085,1.42,3.14,,,,
SVK,10/31/19,0.621738855,,3.913756565,47.64953812,2579.949,133.0682,98.235833,98.24731695,136.74085,1.28,3.49,,,,
SVK,1/31/20,-3.134979598,,5.484595481,48.94276209,2560.406,133.5372,99.998334,97.89354348,149.83755,1.09,3.03,,,,
SVK,4/30/20,-7.46024566,,5.484595481,48.94276209,2520.191,131.6225,99.998334,97.89354348,149.83755,1.17,2.62,,,,
SVK,7/31/20,9.693978607,,5.484595481,48.94276209,2523.227,131.2447,99.998334,97.89354348,149.83755,1.18,2.79,,,,
SVK,10/31/20,0.766952434,,5.484595481,48.94276209,2520.476,133.6927,99.998334,97.89354348,149.83755,1.11,2.55,,,,
SVK,1/31/21,-0.138018094,,4.153952294,48.49369849,2515.357,138.0053,100.216667,97.0364412,159.435125,1.03,2.35,,,,
SVK,4/30/21,1.734122392,,4.153952294,48.49369849,2547.417,142.0673,100.216667,97.0364412,159.435125,1.02,2.56,,,,
SVK,7/31/21,0.629625086,,4.153952294,48.49369849,2580.856,144.7877,100.216667,97.0364412,159.435125,0.97,2.55,,,,
SVK,10/31/21,0.382593204,,4.153952294,48.49369849,2598.47,151.93,100.216667,97.0364412,159.435125,0.96,2.04,,,,
SVK,1/31/22,0.251763788,,-2.554722244,47.73187098,2585.845,153.4399,99.459167,93.24050961,181.254675,1,2.91,,,,
SVK,4/30/22,0.184443189,,-2.554722244,47.73187098,2604.045,145.1874,99.459167,93.24050961,181.254675,1.34,3.23,,,,
SVK,7/31/22,0.354506422,,-2.554722244,47.73187098,2606.199,139.0847,99.459167,93.24050961,181.254675,2.15,3.05,,,,
SVK,10/31/22,0.253426806,,-2.554722244,47.73187098,2619.711,130.5559,99.459167,93.24050961,181.254675,2.82,3.88,,,,
SVK,1/31/23,0.309058314,,,,2596.568,125.8373,,,,3.22,3.99,,,,
SVK,4/30/23,0.397128223,,,,2607.621,121.1932,,,,3.68,5.11,,,,
BEL,4/30/18,0.452534656,-0.62,4.661473999,55.21364171,4698.1,98.93918,99.345,99.57534936,119.038825,1.95,1.75,,,,
BEL,7/31/18,0.390736331,0.61,4.661473999,55.21364171,4795.1,98.29098,99.345,99.57534936,119.038825,1.87,1.76,,,,
BEL,10/31/18,0.977159917,1.69,4.661473999,55.21364171,4812.4,88.54966,99.345,99.57534936,119.038825,1.81,1.75,,,,
BEL,1/31/19,0.273895575,-0.16,5.53656675,54.90439487,4769.1,89.41293,98.485834,100.3202364,123.7849,1.88,1.74,,,,
BEL,4/30/19,0.553530566,1.4,5.53656675,54.90439487,4854.5,92.47002,98.485834,100.3202364,123.7849,1.84,1.73,,,,
BEL,7/31/19,0.727681583,-0.35,5.53656675,54.90439487,4863.8,93.55869,98.485834,100.3202364,123.7849,1.79,1.73,,,,
BEL,10/31/19,0.595620803,-0.1,5.53656675,54.90439487,4840.6,95.29726,98.485834,100.3202364,123.7849,1.68,1.71,,,,
BEL,1/31/20,-2.89034274,1.4,14.05192345,55.68236518,4827,86.19547,99.999167,100.9524835,129.0233,1.69,1.68,,,,
BEL,4/30/20,-11.39814434,-4.57,14.05192345,55.68236518,4763.6,71.25291,99.999167,100.9524835,129.0233,1.66,1.68,,,,
BEL,7/31/20,11.75639147,5.59,14.05192345,55.68236518,4824.2,75.63686,99.999167,100.9524835,129.0233,1.52,1.66,,,,
BEL,10/31/20,-0.487440109,0.06,14.05192345,55.68236518,4793.9,78.41792,99.999167,100.9524835,129.0233,1.48,1.66,,,,
BEL,1/31/21,1.424953383,-0.14,10.45686409,53.95317071,4715.9,85.27314,100.675834,99.67429207,138.229925,1.45,1.72,,,,
BEL,4/30/21,1.76805788,0.55,10.45686409,53.95317071,4829.9,91.53018,100.675834,99.67429207,138.229925,1.43,1.71,,,,
BEL,7/31/21,2.346713164,2.22,10.45686409,53.95317071,4929.1,92.99113,100.675834,99.67429207,138.229925,1.45,1.72,,,,
BEL,10/31/21,0.575202199,-3.9,10.45686409,53.95317071,4939.8,96.92123,100.675834,99.67429207,138.229925,1.48,1.71,,,,
BEL,1/31/22,0.616443141,-2.54,5.7538594,53.87040782,4958.9,97.77557,98.9625,96.01810254,145.992325,1.48,1.71,,,,
BEL,4/30/22,0.533696652,3.52,5.7538594,53.87040782,4955.8,93.34019,98.9625,96.01810254,145.992325,1.65,1.68,,,,
BEL,7/31/22,0.314202108,-0.68,5.7538594,53.87040782,5010.1,88.80946,98.9625,96.01810254,145.992325,2.15,1.82,,,,
BEL,10/31/22,0.055071292,-2.4,5.7538594,53.87040782,5036.3,92.26852,98.9625,96.01810254,145.992325,2.73,2.83,,,,
BEL,1/31/23,0.370666598,2.55,,,5026,98.61327,,,,3.17,3.89,,,,
BEL,4/30/23,0.155087912,1.49,,,4970.7,97.12535,,,,3.46,4.79,,,,
LVA,4/30/18,1.642719088,,-1.926466172,54.96347172,910.2087,219.597,98.399167,105.357656,160.9225,2.66,3.49,,,,
LVA,7/31/18,1.211125175,,-1.926466172,54.96347172,912.9774,209.7714,98.399167,105.357656,160.9225,2.66,3.26,,,,
LVA,10/31/18,0.726160072,,-1.926466172,54.96347172,908.9408,199.4127,98.399167,105.357656,160.9225,2.58,3.41,,,,
LVA,1/31/19,0.38215026,,0.339947828,56.24481796,910.9144,205.4264,98.119167,106.2992493,175.3325,2.64,3.51,,,,
LVA,4/30/19,0.737028794,,0.339947828,56.24481796,908.4567,215.022,98.119167,106.2992493,175.3325,2.83,3.42,,,,
LVA,7/31/19,-0.020899782,,0.339947828,56.24481796,910.5562,215.4846,98.119167,106.2992493,175.3325,2.74,3.49,,,,
LVA,10/31/19,0.068590396,,0.339947828,56.24481796,910.2728,216.1625,98.119167,106.2992493,175.3325,2.6,3.36,,,,
LVA,1/31/20,-0.361461602,,6.282270987,57.2693273,908.7705,210.6491,100,108.2616273,181.42,2.61,3.48,,,,
LVA,4/30/20,-6.742530082,,6.282270987,57.2693273,895.5565,212.6595,100,108.2616273,181.42,2.37,3.77,,,,
LVA,7/31/20,5.801090078,,6.282270987,57.2693273,884.32,226.7707,100,108.2616273,181.42,3.02,3.34,,,,
LVA,10/31/20,0.884481565,,6.282270987,57.2693273,883.453,235.1155,100,108.2616273,181.42,2.59,4.61,,,,
LVA,1/31/21,-0.458221193,,5.870322154,54.51917374,867.004,241.0705,100.4575,106.5798613,201.18,2.4,4.07,,,,
LVA,4/30/21,2.564125747,,5.870322154,54.51917374,868.1652,243.0739,100.4575,106.5798613,201.18,2.49,3.3,,,,
LVA,7/31/21,1.187849569,,5.870322154,54.51917374,872.6675,264.4049,100.4575,106.5798613,201.18,2.44,4.12,,,,
LVA,10/31/21,0.709247064,,5.870322154,54.51917374,870.0633,268.0169,100.4575,106.5798613,201.18,2.33,3.83,,,,
LVA,1/31/22,1.401025962,,,53.1836096,883.2245,255.6366,98.716667,105.9053826,229.0075,2.35,3.75,,,,
LVA,4/30/22,0.065907742,,,53.1836096,891.4287,224.1083,98.716667,105.9053826,229.0075,2.44,3.42,,,,
LVA,7/31/22,-1.34580493,,,53.1836096,893.6823,235.3887,98.716667,105.9053826,229.0075,2.69,3.75,,,,
LVA,10/31/22,1.101168545,,,53.1836096,896.4645,231.797,98.716667,105.9053826,229.0075,3.78,5.17,,,,
LVA,1/31/23,0.501774553,,,,896.6464,248.5168,,,,4.75,5.57,,,,
LVA,4/30/23,-0.346430952,,,,895.6278,243.5337,,,,5.46,5.88,,,,
CZE,4/30/18,0.591257726,0.96,7.541813853,49.20236705,5296.743,110.1534,101.846667,100.0045719,136.51875,,,,,,
CZE,7/31/18,0.732565624,-0.58,7.541813853,49.20236705,5294.772,108.6318,101.846667,100.0045719,136.51875,,,,,,
CZE,10/31/18,0.764833886,2.25,7.541813853,49.20236705,5311.458,105.9239,101.846667,100.0045719,136.51875,,,,,,
CZE,1/31/19,0.871113308,0.26,8.536567265,49.41081303,5310.978,105.1406,101.285,100.4918194,149.015475,,,,,,
CZE,4/30/19,0.654904017,1.77,8.536567265,49.41081303,5312.165,106.6962,101.285,100.4918194,149.015475,,,,,,
CZE,7/31/19,0.697900552,-0.63,8.536567265,49.41081303,5300.629,104.7105,101.285,100.4918194,149.015475,,,,,,
CZE,10/31/19,0.539508383,1.42,8.536567265,49.41081303,5287.928,107.2904,101.285,100.4918194,149.015475,,,,,,
CZE,1/31/20,-3.31490351,-2.36,14.72503452,50.52356741,5285.405,101.6474,99.999167,102.0247178,161.5647,,,,,,
CZE,4/30/20,-8.875702165,-2.93,14.72503452,50.52356741,5239.614,88.41531,99.999167,102.0247178,161.5647,,,,,,
CZE,7/31/20,7.0042707,4.38,14.72503452,50.52356741,5216.549,91.03031,99.999167,102.0247178,161.5647,,,,,,
CZE,10/31/20,1.2294293,2.77,14.72503452,50.52356741,5198.231,92.80048,99.999167,102.0247178,161.5647,,,,,,
CZE,1/31/21,-0.632487408,-2.71,14.78131656,50.20328425,5204.312,106.5622,103.651667,101.8717385,193.46285,,,,,,
CZE,4/30/21,1.435029494,4.95,14.78131656,50.20328425,5204.142,113.5534,103.651667,101.8717385,193.46285,,,,,,
CZE,7/31/21,1.752628788,-0.5,14.78131656,50.20328425,5225.36,124.9695,103.651667,101.8717385,193.46285,,,,,,
CZE,10/31/21,0.832033599,0.65,14.78131656,50.20328425,5219.687,137.6772,103.651667,101.8717385,193.46285,,,,,,
CZE,1/31/22,0.587319173,-4.58,11.7164104,48.84053165,5205.69,139.6733,107.070834,98.12528644,226.148625,,,,,,
CZE,4/30/22,0.152875174,-0.68,11.7164104,48.84053165,5189.762,133.1232,107.070834,98.12528644,226.148625,,,,,,
CZE,7/31/22,-0.225657498,-0.39,11.7164104,48.84053165,5157.361,121.2647,107.070834,98.12528644,226.148625,,,,,,
CZE,10/31/22,-0.391728159,0.84,11.7164104,48.84053165,5139.087,119.6332,107.070834,98.12528644,226.148625,,,,,,
CZE,1/31/23,0.041874084,-1.92,,,5091.18,134.1068,,,,,,,,,
CZE,4/30/23,0.140755896,,,,5086.255,135.4505,,,,,,,,,
POL,4/30/18,1.400014395,0.57,1.392995784,45.12116939,16504.18,112.8879,102.888333,99.75251168,106.7536,3.7,7.8,,,,
POL,7/31/18,1.231238006,1.27,1.392995784,45.12116939,16495.71,112.4054,102.888333,99.75251168,106.7536,3.7,7.7,,,,
POL,10/31/18,0.963459911,-0.41,1.392995784,45.12116939,16455.95,109.8776,102.888333,99.75251168,106.7536,3.7,7.7,,,,
POL,1/31/19,1.421640089,3.12,2.523171646,45.52913557,16415.35,115.119,101.595,100.9574869,116.014125,3.7,7.7,,,,
POL,4/30/19,0.916171692,-0.61,2.523171646,45.52913557,16494.88,113.6708,101.595,100.9574869,116.014125,3.7,7.8,,,,
POL,7/31/19,0.729556644,2.61,2.523171646,45.52913557,16486.26,111.521,101.595,100.9574869,116.014125,3.7,7.8,,,,
POL,10/31/19,0.63968351,-0.19,2.523171646,45.52913557,16445.61,110.4107,101.595,100.9574869,116.014125,3.7,7.8,,,,
POL,1/31/20,0.720183924,4.68,9.457812298,46.50859423,16498.92,101.0316,100.001667,103.7509581,128.17205,3.7,7.8,,,,
POL,4/30/20,-9.150453519,0.87,9.457812298,46.50859423,16339.69,90.035,100.001667,103.7509581,128.17205,3.6,7.1,,,,
POL,7/31/20,6.754639959,-2.3,9.457812298,46.50859423,16415.77,98.17485,100.001667,103.7509581,128.17205,2.6,6.1,,,,
POL,10/31/20,0.143644705,-3.1,9.457812298,46.50859423,16511.42,99.09382,100.001667,103.7509581,128.17205,2.3,6.1,,,,
POL,1/31/21,2.334567158,3.53,0.650756886,45.07894331,16500.32,111.4317,97.645833,101.6583856,139.922825,2.3,6.1,,,,
POL,4/30/21,2.486534402,-2.51,0.650756886,45.07894331,16638.29,121.1905,97.645833,101.6583856,139.922825,2.3,6.2,,,,
POL,7/31/21,2.175436056,-1.82,0.650756886,45.07894331,16748.51,132.4573,97.645833,101.6583856,139.922825,2.3,6.2,,,,
POL,10/31/21,1.882565123,3.07,0.650756886,45.07894331,16737.29,136.3287,97.645833,101.6583856,139.922825,2.4,6.4,,,,
POL,1/31/22,3.239885247,3.07,,43.03369582,16751.63,126.7956,94.010833,98.10694062,156.429325,3.7,7.5,,,,
POL,4/30/22,-1.389859361,-4.12,,43.03369582,16769.74,110.712,94.010833,98.10694062,156.429325,5.6,9.1,,,,
POL,7/31/22,1.239116865,3.32,,43.03369582,16693.81,100.0288,94.010833,98.10694062,156.429325,7.9,10.5,,,,
POL,10/31/22,-2.01422082,-4.25,,43.03369582,16754.13,101.3943,94.010833,98.10694062,156.429325,4.8,11.2,,,,
POL,1/31/23,1.595215292,6.99,,,16824.8,114.8557,,,,5.1,11.3,,,,
POL,4/30/23,-2.165208165,-3.4,,,16824.65,122.4095,,,,5.6,11.4,,,,
DEU,4/30/18,0.813006393,-0.19,11.29437393,58.40475399,41843.76,111.4973,98.809167,100.1193444,142.525,1.89,2.79,,,,
DEU,7/31/18,-0.928358437,-0.77,11.29437393,58.40475399,41978.02,108.9724,98.809167,100.1193444,142.525,1.88,2.11,,,,
DEU,10/31/18,0.861334935,0.82,11.29437393,58.40475399,41948.92,98.3422,98.809167,100.1193444,142.525,1.86,1.97,,,,
DEU,1/31/19,0.685087549,0.76,10.78132551,59.2045786,42236.5,97.97269,98.006667,100.8414433,150.75,1.86,1.92,,,,
DEU,4/30/19,-0.037282015,-0.04,10.78132551,59.2045786,42361.35,102.7326,98.006667,100.8414433,150.75,1.67,2.03,,,,
DEU,7/31/19,-0.018652274,-0.16,10.78132551,59.2045786,42389.35,101.2321,98.006667,100.8414433,150.75,1.49,2,,,,
DEU,10/31/19,0.298430417,0.06,10.78132551,59.2045786,42606.9,108.1653,98.006667,100.8414433,150.75,1.27,1.88,,,,
DEU,1/31/20,-1.766715965,1.42,16.41665894,59.89491886,42250.08,102.3567,100.000833,102.8117719,162.475,1.34,1.91,,,,
DEU,4/30/20,-9.219127614,-2.6,16.41665894,59.89491886,41871.75,93.52061,100.000833,102.8117719,162.475,1.25,1.98,,,,
DEU,7/31/20,8.914608255,2.9,16.41665894,59.89491886,41651.71,105.2703,100.000833,102.8117719,162.475,1.27,1.9,,,,
DEU,10/31/20,0.784989704,-0.18,16.41665894,59.89491886,41663.86,106.6391,100.000833,102.8117719,162.475,1.19,1.87,,,,
DEU,1/31/21,-1.272726481,-1.05,15.12242551,58.41147096,41123.94,116.5541,100.59,99.84303621,181.275,1.19,1.96,,,,
DEU,4/30/21,2.232064629,1.13,15.12242551,58.41147096,41337.96,124.263,100.59,99.84303621,181.275,1.23,1.79,,,,
DEU,7/31/21,0.668170777,-1.04,15.12242551,58.41147096,41559.54,126.4414,100.59,99.84303621,181.275,1.31,1.78,,,,
DEU,10/31/21,0.009349315,0.72,15.12242551,58.41147096,41570.26,125.2661,100.59,99.84303621,181.275,1.28,1.65,,,,
DEU,1/31/22,1.002566571,-0.4,11.31940276,57.54886273,42136.91,118.4183,98.605834,94.96038518,190.875,1.35,1.77,,,,
DEU,4/30/22,-0.129572944,-0.03,11.31940276,57.54886273,42541.46,105.9733,98.605834,94.96038518,190.875,1.94,1.77,,,,
DEU,7/31/22,0.361414068,0.24,11.31940276,57.54886273,42597.16,96.64118,98.605834,94.96038518,190.875,2.8,1.87,,,,
DEU,10/31/22,-0.406272994,-0.95,11.31940276,57.54886273,42838.98,99.13005,98.605834,94.96038518,190.875,3.25,3.04,,,,
DEU,1/31/23,-0.092721961,-0.42,,,43182.29,111.7119,,,,3.66,4.72,,,,
DEU,4/30/23,0.018569699,0.53,,,43135.8,113.6289,,,,3.93,5.49,,,,
PRT,4/30/18,0.779536523,0.22,-2.466641337,51.63420591,4858.139,126.1167,99.095,100.3082168,120.18955,1.46,3.59,,,,
PRT,7/31/18,0.525723942,0.99,-2.466641337,51.63420591,4881.69,128.803,99.095,100.3082168,120.18955,1.35,3.34,,,,
PRT,10/31/18,0.608994992,0.85,-2.466641337,51.63420591,4886.909,115.1291,99.095,100.3082168,120.18955,1.34,3.44,,,,
PRT,1/31/19,0.882987755,0.9,-2.170807117,52.33441544,4903.099,119.5027,98.865,101.1177769,132.1589,1.4,3.45,,,,
PRT,4/30/19,0.571006817,1.49,-2.170807117,52.33441544,4937.43,125.1164,98.865,101.1177769,132.1589,1.33,3.32,,,,
PRT,7/31/19,0.451880731,0.79,-2.170807117,52.33441544,4915.298,125.7008,98.865,101.1177769,132.1589,1.26,3.27,,,,
PRT,10/31/19,0.820784598,0.38,-2.170807117,52.33441544,4892.673,131.2869,98.865,101.1177769,132.1589,1.02,3.27,,,,
PRT,1/31/20,-4.355487705,-1.78,2.098257089,55.57288679,4883.388,131.0177,100,102.5227973,143.751025,1.07,3.41,,,,
PRT,4/30/20,-15.11949696,-4.18,2.098257089,55.57288679,4785.209,120.1972,100,102.5227973,143.751025,1.03,3.17,,,,
PRT,7/31/20,14.58800122,4.24,2.098257089,55.57288679,4787.725,127.2954,100,102.5227973,143.751025,1.09,2.73,,,,
PRT,10/31/20,0.370563245,0.03,2.098257089,55.57288679,4795.778,134.2155,100,102.5227973,143.751025,0.87,2.91,,,,
PRT,1/31/21,-2.559961929,1.42,-0.639717665,55.64640053,4738.579,147.8888,100.439167,101.4634794,157.26895,0.77,3.23,,,,
PRT,4/30/21,4.42617467,0.77,-0.639717665,55.64640053,4814.484,150.7678,100.439167,101.4634794,157.26895,0.82,2.95,,,,
PRT,7/31/21,2.802834928,0.35,-0.639717665,55.64640053,4838.168,157.2781,100.439167,101.4634794,157.26895,0.82,2.84,,,,
PRT,10/31/21,1.927325071,-0.09,-0.639717665,55.64640053,4857.869,166.9956,100.439167,101.4634794,157.26895,0.81,2.64,,,,
PRT,1/31/22,2.259761981,1.84,-4.858502463,53.7813932,4907.213,162.3411,100.014167,97.78131173,177.13715,0.81,3.05,,,,
PRT,4/30/22,0.193761238,-2.08,-4.858502463,53.7813932,4901.328,177.1767,100.014167,97.78131173,177.13715,1.07,2.32,,,,
PRT,7/31/22,0.33288726,-1.56,-4.858502463,53.7813932,4909.084,185.8813,100.014167,97.78131173,177.13715,1.88,2.93,,,,
PRT,10/31/22,0.347702949,3.41,-4.858502463,53.7813932,4917.075,174.0842,100.014167,97.78131173,177.13715,2.86,4.26,,,,
PRT,1/31/23,1.645374344,-1.24,,,4933.124,177.6494,,,,3.32,4.91,,,,
PRT,4/30/23,6.70E-05,1.53,,,4959.22,183.4996,,,,3.97,5.55,,,,
ITA,4/30/18,0.044690859,0.59,2.543259079,44.47586092,23313.65,109.6757,,101.1725007,83.509725,1.84,2.39,,,,
ITA,7/31/18,0.126191204,-0.35,2.543259079,44.47586092,23223.13,103.8787,,101.1725007,83.509725,1.79,2.37,,,,
ITA,10/31/18,0.291912901,0.43,2.543259079,44.47586092,23168.83,93.15824,,101.1725007,83.509725,1.88,2.42,,,,
ITA,1/31/19,0.173882243,-0.2,2.401892606,44.77702028,23289.55,97.94986,,102.0673497,83.42505,1.95,2.48,,,,
ITA,4/30/19,0.240828076,0.36,2.401892606,44.77702028,23473.88,102.8069,,102.0673497,83.42505,1.86,2.48,,,,
ITA,7/31/19,0.062238169,0.02,2.401892606,44.77702028,23375.15,104.3782,,102.0673497,83.42505,1.69,2.35,,,,
ITA,10/31/19,-0.814614473,-0.1,2.401892606,44.77702028,23299.52,110.8286,,102.0673497,83.42505,1.39,2.22,,,,
ITA,1/31/20,-5.797586212,-1.17,10.22578589,45.21384149,23364.02,105.2635,,105.7078679,85.012725,1.44,2.24,,,,
ITA,4/30/20,-12.0033196,-4.44,10.22578589,45.21384149,22683.81,88.31362,,105.7078679,85.012725,1.4,2.09,,,,
ITA,7/31/20,14.19256646,5.43,10.22578589,45.21384149,22740.82,95.97511,,105.7078679,85.012725,1.26,2.16,,,,
ITA,10/31/20,-0.723223683,-0.19,10.22578589,45.21384149,22823.94,100.2279,,105.7078679,85.012725,1.26,2.18,,,,
ITA,1/31/21,0.454837412,0.84,7.558493952,44.96217066,22153.59,111.5047,,100.7907912,87.1719,1.27,2.29,,,,
ITA,4/30/21,2.52893864,1.25,7.558493952,44.96217066,22512.75,121.127,,100.7907912,87.1719,1.38,2.21,,,,
ITA,7/31/21,2.885797106,1.68,7.558493952,44.96217066,22765.52,123.2369,,100.7907912,87.1719,1.4,2.21,,,,
ITA,10/31/21,0.848449741,-1.47,7.558493952,44.96217066,22783.93,131.1712,,100.7907912,87.1719,1.43,2.17,,,,
ITA,1/31/22,0.080508734,-0.57,2.106356714,44.96656233,23012.2,129.4458,,92.10225588,90.495325,1.45,2.13,,,,
ITA,4/30/22,1.191038227,0.57,2.106356714,44.96656233,23145.65,119.827,,92.10225588,90.495325,1.81,2.07,,,,
ITA,7/31/22,0.346530634,-0.1,2.106356714,44.96656233,23054.38,110.3604,,92.10225588,90.495325,2.15,2.17,,,,
ITA,10/31/22,-0.155710238,-4.02,2.106356714,44.96656233,23185.37,115.4091,,92.10225588,90.495325,2.75,3.44,,,,
ITA,1/31/23,0.610230312,3,,,23482.46,130.2217,,,,3.59,4.4,,,,
ITA,4/30/23,-0.401539363,-0.31,,,23513.17,132.8032,,,,4.17,5.3,,,,
AUT,4/30/18,0.216987036,0.56,7.734904969,53.77419202,4323.671,142.2679,99.348334,99.4644484,157.238275,1.84,5.05,,,,
AUT,7/31/18,0.446908683,-0.48,7.734904969,53.77419202,4320.769,140.0825,99.348334,99.4644484,157.238275,1.87,5.25,,,,
AUT,10/31/18,1.169137491,-0.89,7.734904969,53.77419202,4331.318,130.3532,99.348334,99.4644484,157.238275,1.82,5.14,,,,
AUT,1/31/19,0.57262323,1.77,8.593880092,54.33389743,4347.81,127.7358,98.788333,98.88011049,163.42565,1.79,5.24,,,,
AUT,4/30/19,-0.456952342,-1.22,8.593880092,54.33389743,4366.597,131.0658,98.788333,98.88011049,163.42565,1.72,5.05,,,,
AUT,7/31/19,0.482948832,0.21,8.593880092,54.33389743,4344.179,128.1057,98.788333,98.88011049,163.42565,1.66,5.14,,,,
AUT,10/31/19,-0.561703069,0.78,8.593880092,54.33389743,4360.014,133.2967,98.788333,98.88011049,163.42565,1.44,5.04,,,,
AUT,1/31/20,-2.249664375,-4.3,13.34094007,56.26421124,4340.606,120.3885,100.000833,99.70393741,174.9165,1.4,5.03,,,,
AUT,4/30/20,-11.51336382,-2.94,13.34094007,56.26421124,4261.211,98.48411,100.000833,99.70393741,174.9165,1.36,4.69,,,,
AUT,7/31/20,11.30697925,6.3,13.34094007,56.26421124,4296.72,99.51714,100.000833,99.70393741,174.9165,1.34,5.43,,,,
AUT,10/31/20,-1.919588358,0.89,13.34094007,56.26421124,4288.763,106.3857,100.000833,99.70393741,174.9165,1.26,5.54,,,,
AUT,1/31/21,-0.933102311,-2.46,11.97604426,55.62614915,4254.408,130.0168,100.404167,99.07271741,195.482225,1.23,5.62,,,,
AUT,4/30/21,4.064522133,0.05,11.97604426,55.62614915,4276.5,143.5468,100.404167,99.07271741,195.482225,1.19,5.46,,,,
AUT,7/31/21,4.123792217,3.31,11.97604426,55.62614915,4332.239,151.0988,100.404167,99.07271741,195.482225,1.21,5.72,,,,
AUT,10/31/21,-1.041493084,-1.72,11.97604426,55.62614915,4360.353,158.9979,100.404167,99.07271741,195.482225,1.19,5.66,,,,
AUT,1/31/22,1.28681213,0.7,,54.21459516,4419.804,153.5325,99.05,95.28441959,215.6158,1.18,5.84,,,,
AUT,4/30/22,2.099626631,-0.84,,54.21459516,4449.363,137.7035,99.05,95.28441959,215.6158,1.36,5.77,,,,
AUT,7/31/22,-0.442632112,7.06,,54.21459516,4444.597,128.9675,99.05,95.28441959,215.6158,1.76,6.01,,,,
AUT,10/31/22,-0.21099224,-6.99,,54.21459516,4456.036,129.2303,99.05,95.28441959,215.6158,2.62,6.8,,,,
AUT,1/31/23,0.409851839,1.7,,,4470.409,139.4996,,,,3.33,8.02,,,,
AUT,4/30/23,-0.688413725,-2.85,,,4490.265,136.5156,,,,3.84,8.22,,,,
IRL,4/30/18,1.790052729,1.31,4.783210149,30.59531432,2256.573,111.8222,100.2675,97.53013592,123.9171,2.92,5.31,,,,
IRL,7/31/18,0.346284507,0.72,4.783210149,30.59531432,2273.008,109.3019,100.2675,97.53013592,123.9171,3.04,5.42,,,,
IRL,10/31/18,1.506245129,0.72,4.783210149,30.59531432,2279.169,95.00898,100.2675,97.53013592,123.9171,2.95,5.39,,,,
IRL,1/31/19,1.400933134,0.36,5.728853847,30.22791927,2302.707,95.75076,98.428334,97.99437266,126.834325,2.96,5.18,,,,
IRL,4/30/19,1.785625874,0.9,5.728853847,30.22791927,2325.211,100.8754,98.428334,97.99437266,126.834325,2.97,5.25,,,,
IRL,7/31/19,1.134119491,0.29,5.728853847,30.22791927,2332.637,97.78223,98.428334,97.99437266,126.834325,2.94,5.11,,,,
IRL,10/31/19,1.576110269,1.12,5.728853847,30.22791927,2328.744,109.4807,98.428334,97.99437266,126.834325,2.9,5.72,,,,
IRL,1/31/20,3.405152044,4.95,21.61064583,28.44380671,2344.847,105.022,99.998334,97.82211922,127.227175,2.85,5.94,,,,
IRL,4/30/20,-5.606062241,0.99,21.61064583,28.44380671,2268.002,90.48605,99.998334,97.82211922,127.227175,2.79,5.23,,,,
IRL,7/31/20,11.91481835,-4.62,21.61064583,28.44380671,2280.584,101.4943,99.998334,97.82211922,127.227175,2.82,4.81,,,,
IRL,10/31/20,-4.816807231,1.43,21.61064583,28.44380671,2282.667,112.7044,99.998334,97.82211922,127.227175,2.79,4.47,,,,
IRL,1/31/21,11.4919942,0.9,20.2338628,27.22590027,2278.564,121.903,100.651667,96.34987092,137.776225,2.78,4.1,,,,
IRL,4/30/21,2.487425528,1.35,20.2338628,27.22590027,2369.101,131.6352,100.651667,96.34987092,137.776225,2.65,4.21,,,,
IRL,7/31/21,2.553438147,0.96,20.2338628,27.22590027,2428.888,137.2227,100.651667,96.34987092,137.776225,2.69,4.21,,,,
IRL,10/31/21,-2.536951676,-3.2,20.2338628,27.22590027,2480.347,134.234,100.651667,96.34987092,137.776225,2.68,4.47,,,,
IRL,1/31/22,6.821539532,0.09,,25.29130619,2521.36,127.7944,96.875,96.84388757,154.719575,2.71,4.02,,,,
IRL,4/30/22,2.179174274,1.59,,25.29130619,2544.633,112.9029,96.875,96.84388757,154.719575,2.69,4.19,,,,
IRL,7/31/22,2.363202506,-1.07,,25.29130619,2550.99,108.523,96.875,96.84388757,154.719575,2.69,4.52,,,,
IRL,10/31/22,-0.861391496,-2.76,,25.29130619,2572.117,112.899,96.875,96.84388757,154.719575,2.63,5.51,,,,
IRL,1/31/23,-2.630073578,0.35,,,2599.032,129.5712,,,,2.94,5.71,,,,
IRL,4/30/23,0.464275515,0.74,,,2616.8,136.7846,,,,3.52,6.08,,,,
SWE,4/30/18,1.170526242,-0.81,13.62477598,53.98881212,5096.391,110.9919,100.791666,98.09383825,154.599425,1.7264,0.25,,,,
SWE,7/31/18,-0.891247761,0.83,13.62477598,53.98881212,5092.821,115.1342,100.791666,98.09383825,154.599425,1.6951,0.25,,,,
SWE,10/31/18,1.419710907,0.74,13.62477598,53.98881212,5118.877,107.2601,100.791666,98.09383825,154.599425,1.6464,0.25,,,,
SWE,1/31/19,0.381806588,-0.52,15.53516699,53.39747113,5115.932,110.4229,97.13,98.53434476,158.437125,1.7389,0.4432,,,,
SWE,4/30/19,0.813238315,0.91,15.53516699,53.39747113,5128.996,116.7752,97.13,98.53434476,158.437125,1.6708,0.5,,,,
SWE,7/31/19,-0.062227621,0.04,15.53516699,53.39747113,5133.709,117.8279,97.13,98.53434476,158.437125,1.6642,0.5,,,,
SWE,10/31/19,0.582793228,-0.23,15.53516699,53.39747113,5147.563,126.1832,97.13,98.53434476,158.437125,1.5483,0.5,,,,
SWE,1/31/20,-0.462129098,-0.16,16.95142276,54.11078404,5109.121,125.7626,100.000833,99.5210728,165.092075,1.6582,0.7143,,,,
SWE,4/30/20,-7.937479296,-4.11,16.95142276,54.11078404,5031.998,117.3062,100.000833,99.5210728,165.092075,1.6731,0.2,,,,
SWE,7/31/20,7.215790423,4.84,16.95142276,54.11078404,5038.729,134.4859,100.000833,99.5210728,165.092075,1.6783,0.1043,,,,
SWE,10/31/20,0.631168691,1.15,16.95142276,54.11078404,5077.353,143.6004,100.000833,99.5210728,165.092075,1.5778,0.1,,,,
SWE,1/31/21,1.158599124,0.09,15.47405733,52.76203422,5050.288,158.6333,103.626667,99.91342626,181.793125,1.5417,0.1,,,,
SWE,4/30/21,1.710265849,0.58,15.47405733,52.76203422,5121.222,175.5235,103.626667,99.91342626,181.793125,1.5532,0.1,,,,
SWE,7/31/21,1.965360469,1.51,15.47405733,52.76203422,5151.788,188.8449,103.626667,99.91342626,181.793125,1.5586,0.1,,,,
SWE,10/31/21,2.086700302,-0.36,15.47405733,52.76203422,5157.902,191.4235,103.626667,99.91342626,181.793125,1.4945,0.1,,,,
SWE,1/31/22,-0.650722612,0.08,13.91731971,51.07976695,5203.942,177.4406,97.436667,97.03807787,188.269025,1.5417,0.1,,,,
SWE,4/30/22,0.794178273,-1.25,13.91731971,51.07976695,5259.548,158.5289,97.436667,97.03807787,188.269025,1.908,0.1,,,,
SWE,7/31/22,0.430340367,-1.93,13.91731971,51.07976695,5276.968,148.5067,97.436667,97.03807787,188.269025,2.62,0.7786,,,,
SWE,10/31/22,-0.80478744,0.11,13.91731971,51.07976695,5282.641,148.9199,97.436667,97.03807787,188.269025,3.47,1.85,,,,
SWE,1/31/23,0.413378202,-0.99,,,5326.007,162.584,,,,3.8005,2.6,,,,
SWE,4/30/23,-0.828032504,-0.3,,,5358.361,163.3719,,,,4.3325,3.1,,,,
FRA,4/30/18,0.478239404,0.17,8.662426596,58.59504132,27010.92,114.8468,99.248333,98.53676313,107.5169,1.57,2.04,,,,
FRA,7/31/18,0.447037899,0.38,8.662426596,58.59504132,27052.86,114.5222,99.248333,98.53676313,107.5169,1.54,2.06,,,,
FRA,10/31/18,0.51593347,1.18,8.662426596,58.59504132,27072.48,105.1777,99.248333,98.53676313,107.5169,1.51,1.88,,,,
FRA,1/31/19,0.703254186,0.6,9.214215647,57.29446187,27052.74,106.4145,98.470833,99.39090078,111.09995,1.5,1.96,,,,
FRA,4/30/19,0.679859178,-0.18,9.214215647,57.29446187,27190.12,113.229,98.470833,99.39090078,111.09995,1.49,1.92,,,,
FRA,7/31/19,0.082803829,0.57,9.214215647,57.29446187,27036.5,114.589,98.470833,99.39090078,111.09995,1.34,2.09,,,,
FRA,10/31/19,-0.4247615,0.63,9.214215647,57.29446187,27249.34,120.5176,98.470833,99.39090078,111.09995,1.23,1.99,,,,
FRA,1/31/20,-5.241986804,-1.21,15.46020818,57.76607613,27244.64,113.5848,100,100.2448977,116.888,1.17,2.02,,,,
FRA,4/30/20,-13.1418028,-2.33,15.46020818,57.76607613,26718,96.17435,100,100.2448977,116.888,1.36,1.87,,,,
FRA,7/31/20,17.37797819,3.34,15.46020818,57.76607613,26905.1,103.3739,100,100.2448977,116.888,1.29,1.44,,,,
FRA,10/31/20,-0.625705985,1.86,15.46020818,57.76607613,27113.46,109.3986,100,100.2448977,116.888,1.28,1.66,,,,
FRA,1/31/21,0.051009861,-1.17,12.80653428,57.96799087,27342.54,120.086,100.550833,100.1698802,124.37985,1.24,1.52,,,,
FRA,4/30/21,0.920155891,0.72,12.80653428,57.96799087,27674.71,132.126,100.550833,100.1698802,124.37985,1.15,1.64,,,,
FRA,7/31/21,2.987327428,0.36,12.80653428,57.96799087,27899.02,136.9714,100.550833,100.1698802,124.37985,1.12,1.77,,,,
FRA,10/31/21,0.569056227,1.57,12.80653428,57.96799087,27994.13,141.532,100.550833,100.1698802,124.37985,1.13,1.76,,,,
FRA,1/31/22,-0.086840154,-1.51,,58.51184577,28163.98,139.4587,98.9,97.03687909,132.09725,1.12,1.55,,,,
FRA,4/30/22,0.379176499,-0.72,,58.51184577,28328.85,129.9106,98.9,97.03687909,132.09725,1.19,1.66,,,,
FRA,7/31/22,0.31497136,0.56,,58.51184577,28438.42,126.0002,98.9,97.03687909,132.09725,1.45,2.05,,,,
FRA,10/31/22,0.110836299,1.4,,58.51184577,28433.16,129.3106,98.9,97.03687909,132.09725,1.77,2.53,,,,
FRA,1/31/23,0.019235362,-0.41,,,28537.11,143.5057,,,,2.2,3.11,,,,
FRA,4/30/23,0.525750247,0.07,,,28643.25,147.5968,,,,2.72,3.55,,,,
GRC,4/30/18,0.205694998,3.74,-14.70393537,42.34923767,3818.028,107.5014,,98.30570975,64.35095,2.85,5.08,,,,
GRC,7/31/18,-0.17217682,-4.27,-14.70393537,42.34923767,3843.896,98.38707,,98.30570975,64.35095,3.04,5.44,,,,
GRC,10/31/18,0.807814548,1.43,-14.70393537,42.34923767,3862.221,85.21928,,98.30570975,64.35095,2.95,5.07,,,,
GRC,1/31/19,0.659522676,3.39,-10.07787246,42.61938897,3891.352,90.15636,,97.74202822,68.997575,3.33,5.05,,,,
GRC,4/30/19,1.081793477,2.63,-10.07787246,42.61938897,3920.633,106.2809,,97.74202822,68.997575,3.13,5.23,,,,
GRC,7/31/19,-0.389130544,-2.37,-10.07787246,42.61938897,3919.113,116.0294,,97.74202822,68.997575,3.25,4.89,,,,
GRC,10/31/19,-0.364531321,-0.41,-10.07787246,42.61938897,3913.002,118.5714,,97.74202822,68.997575,2.97,4.92,,,,
GRC,1/31/20,-1.780152727,-1.53,-5.056368995,45.43524799,3928.06,108.186,,96.96116469,72.098875,2.86,4.59,,,,
GRC,4/30/20,-13.43970169,0.51,-5.056368995,45.43524799,3844.315,84.5856,,96.96116469,72.098875,2.7,4.59,,,,
GRC,7/31/20,5.415681068,4.84,-5.056368995,45.43524799,3852.956,86.03898,,96.96116469,72.098875,2.98,4.31,,,,
GRC,10/31/20,4.025627608,-5.5,-5.056368995,45.43524799,3876.269,93.37524,,96.96116469,72.098875,2.86,5.53,,,,
GRC,1/31/21,3.332891893,7.29,-3.095674181,43.75283703,3762.774,108.3851,,95.92959349,77.559675,2.54,4.49,,,,
GRC,4/30/21,1.285211579,-1.12,-3.095674181,43.75283703,3906.964,121.3394,,95.92959349,77.559675,2.78,4.54,,,,
GRC,7/31/21,3.225463157,4.99,-3.095674181,43.75283703,4003.232,120.1423,,95.92959349,77.559675,2.77,4.21,,,,
GRC,10/31/21,0.514157679,,-3.095674181,43.75283703,4038.93,120.8976,,95.92959349,77.559675,2.92,4.35,,,,
GRC,1/31/22,2.727020831,,,40.04187236,4127.804,122.6671,,100.3817496,86.772525,2.86,4.36,,,,
GRC,4/30/22,0.504221298,,,40.04187236,4136.673,119.1519,,100.3817496,86.772525,2.83,4.67,,,,
GRC,7/31/22,0.264726728,,,40.04187236,4141.397,113.1136,,100.3817496,86.772525,3.01,4.7,,,,
GRC,10/31/22,1.193790764,,,40.04187236,4156.626,119.3559,,100.3817496,86.772525,3.69,5.77,,,,
GRC,1/31/23,-0.004243194,,,,4180.942,140.4675,,,,3.73,6.37,,,,
GRC,4/30/23,1.263901891,,,,4200.822,157.5491,,,,3.88,7.02,,,,