LOCATION,YEAR,GDP,HHSAV,HHDI,EC,EMP,Interest_Rate,Mortgage_Rate,RES_PRICES,SPI,EER,TERMTRADE
EST,4/30/18,0.821558306,8.441009455,,55.25447776,664.3224,2.94,2.45,183.12925,145.6901,98.4025,102.2295985
EST,7/31/18,0.928878509,8.441009455,,55.25447776,662.5761,3.01,2.58,183.12925,143.4107,98.4025,102.2295985
EST,10/31/18,1.164539081,8.441009455,,55.25447776,674.124,2.94,2.51,183.12925,138.6179,98.4025,102.2295985
EST,1/31/19,1.687166292,7.75737023,,56.01573353,664.4391,3.1,2.5,195.976,141.6719,98.138333,101.8902196
EST,4/30/19,0.395425167,7.75737023,,56.01573353,669.9578,2.78,2.54,195.976,144.8549,98.138333,101.8902196
EST,7/31/19,0.35781631,7.75737023,,56.01573353,673.7154,3.43,2.63,195.976,145.136,98.138333,101.8902196
EST,10/31/19,0.742940459,7.75737023,,56.01573353,677.2877,3.46,2.61,195.976,145.5777,98.138333,101.8902196
EST,1/31/20,-0.390104117,10.54703878,,57.91373924,672.0185,3.91,2.6,207.77305,145.5337,100,102.2779195
EST,4/30/20,-5.265976673,10.54703878,,57.91373924,646.2693,4.24,2.42,207.77305,132.1763,100,102.2779195
EST,7/31/20,4.699811383,10.54703878,,57.91373924,649.2748,3.71,2.61,207.77305,138.938,100,102.2779195
EST,10/31/20,2.4287266,10.54703878,,57.91373924,658.7374,3.31,2.39,207.77305,142.8303,100,102.2779195
EST,1/31/21,2.801859417,6.478295517,,55.50493214,648.5173,3.41,2.33,239.040225,168.2133,100.290834,102.5916132
EST,4/30/21,2.051531376,6.478295517,,55.50493214,646.2012,3.75,2.22,239.040225,187.9061,100.290834,102.5916132
EST,7/31/21,-0.280823717,6.478295517,,55.50493214,659.8005,3.12,2.25,239.040225,214.2092,100.290834,102.5916132
EST,10/31/21,1.006665845,6.478295517,,55.50493214,662.281,1.98,2.12,239.040225,229.3397,100.290834,102.5916132
EST,1/31/22,-0.064479384,,,54.73216233,677.621,2.57,2.06,292.176925,223.2978,98.4475,103.2017166
EST,4/30/22,-1.085983097,,,54.73216233,679.0815,2.44,2.07,292.176925,214.2007,98.4475,103.2017166
EST,7/31/22,-0.724792403,,,54.73216233,681.0199,2.91,2.4,292.176925,206.1925,98.4475,103.2017166
EST,10/31/22,-1.378334929,,,54.73216233,685.5776,3.99,3.58,292.176925,200.1363,98.4475,103.2017166
EST,1/31/23,-0.662328181,,,,703.9212,4.51,4.47,,216.0144,,
EST,4/30/23,-0.241304832,,,,702.4348,5.51,5.01,,219.6492,,
DNK,4/30/18,0.502598831,5.424600994,0.47,59.03938538,2830.008,,,126.30995,112.2371,98.48,99.07213039
DNK,7/31/18,0.602133078,5.424600994,0.46,59.03938538,2837.997,,,126.30995,115.3405,98.48,99.07213039
DNK,10/31/18,0.499343436,5.424600994,0.57,59.03938538,2847.856,,,126.30995,105.3056,98.48,99.07213039
DNK,1/31/19,-0.218151328,4.28351761,0.28,59.3979151,2861.087,,,129.619425,109.8985,98.106667,98.97165831
DNK,4/30/19,1.005162294,4.28351761,0.97,59.3979151,2876.991,,,129.619425,114.5383,98.106667,98.97165831
DNK,7/31/19,0.457313711,4.28351761,0.71,59.3979151,2887.756,,,129.619425,116.0252,98.106667,98.97165831
DNK,10/31/19,-0.304142897,4.28351761,-0.21,59.3979151,2884.667,,,129.619425,121.7124,98.106667,98.97165831
DNK,1/31/20,-1.021091997,5.698015455,-1.45,60.20103864,2884.96,,,136.238275,126.0763,100,102.1303474
DNK,4/30/20,-6.04002957,5.698015455,2.73,60.20103864,2827.072,,,136.238275,128.0636,100,102.1303474
DNK,7/31/20,5.555475678,5.698015455,1.6,60.20103864,2843.637,,,136.238275,142.9045,100,102.1303474
DNK,10/31/20,1.039550846,5.698015455,-7.87,60.20103864,2853.631,,,136.238275,154.8002,100,102.1303474
DNK,1/31/21,1.579360542,2.790680072,-2.62,57.72624122,2855.795,,,152.206275,163.4964,100.27,102.7964554
DNK,4/30/21,2.93649594,2.790680072,6.92,57.72624122,2900.173,,,152.206275,174.5673,100.27,102.7964554
DNK,7/31/21,0.750351775,2.790680072,3.31,57.72624122,2910.59,,,152.206275,193.4537,100.27,102.7964554
DNK,10/31/21,2.424338645,2.790680072,1.62,57.72624122,2933.843,,,152.206275,195.2621,100.27,102.7964554
DNK,1/31/22,-0.900468906,7.168912527,-1.29,55.15910184,2967.742,,,151.489225,182.9853,99.269167,103.9863731
DNK,4/30/22,0.868663536,7.168912527,-1.64,55.15910184,2996.074,,,151.489225,181.5368,99.269167,103.9863731
DNK,7/31/22,-0.096688017,7.168912527,-0.99,55.15910184,3001.681,,,151.489225,179.0206,99.269167,103.9863731
DNK,10/31/22,0.50928716,7.168912527,0.98,55.15910184,3012.303,,,151.489225,177.9904,99.269167,103.9863731
DNK,1/31/23,0.735889452,,3.33,,3030.462,,,,195.0444,,
DNK,4/30/23,0.315772817,,-1.63,,3004.072,,,,205.3368,,
ESP,4/30/18,0.585880251,1.396291686,0.34,50.12502065,19304.59,1.99,1.98,88.127325,92.44191,98.500834,99.28559972
ESP,7/31/18,0.52041551,1.396291686,0.38,50.12502065,19402.15,1.87,1.89,88.127325,89.81604,98.500834,99.28559972
ESP,10/31/18,0.659258956,1.396291686,1.4,50.12502065,19529.87,1.84,2,88.127325,83.32016,98.500834,99.28559972
ESP,1/31/19,0.608861527,4.105222755,0.9,51.3620079,19651.27,1.96,2.09,92.686875,84.89809,98.170833,99.13430792
ESP,4/30/19,0.346200217,4.105222755,1.87,51.3620079,19885.09,1.98,2.15,92.686875,86.7626,98.170833,99.13430792
ESP,7/31/19,0.295000101,4.105222755,-1.21,51.3620079,19763.9,1.77,1.98,92.686875,83.65209,98.170833,99.13430792
ESP,10/31/19,0.217169436,4.105222755,0.37,51.3620079,19816.34,1.77,1.82,92.686875,86.33318,98.170833,99.13430792
ESP,1/31/20,-5.48725517,13.7396403,-1.62,54.91173124,19741.06,2.21,1.81,94.7604,81.06324,99.999167,101.2472847
ESP,4/30/20,-17.82625592,13.7396403,-7.72,54.91173124,18759.61,1.79,1.72,94.7604,64.12774,99.999167,101.2472847
ESP,7/31/20,16.63793363,13.7396403,11.23,54.91173124,19081.5,1.69,1.75,94.7604,64.81197,99.999167,101.2472847
ESP,10/31/20,-0.058975087,13.7396403,-2.45,54.91173124,19226.92,1.65,1.71,94.7604,69.02163,99.999167,101.2472847
ESP,1/31/21,-0.228663315,9.562398487,-0.81,54.19915667,19329.48,2.15,1.56,98.246,76.36524,100.7425,100.5518196
ESP,4/30/21,1.352205559,9.562398487,0.56,54.19915667,19726.32,2.07,1.52,98.246,82.23612,100.7425,100.5518196
ESP,7/31/21,3.108188446,9.562398487,3.28,54.19915667,19906.33,1.55,1.44,98.246,80.49223,100.7425,100.5518196
ESP,10/31/21,2.26529089,9.562398487,-1.52,54.19915667,20132.17,1.59,1.46,98.246,80.06898,100.7425,100.5518196
ESP,1/31/22,-0.573839954,,-3.66,52.46656419,20261.9,1.87,1.44,105.51645,78.52036,100.1,93.56486283
ESP,4/30/22,2.791828726,,-0.52,52.46656419,20402.28,1.84,1.55,105.51645,78.3112,100.1,93.56486283
ESP,7/31/22,0.387178437,,-1.32,52.46656419,20445.16,1.67,1.8,105.51645,73.82452,100.1,93.56486283
ESP,10/31/22,0.414004686,,5.11,52.46656419,20452.96,2.6,2.51,105.51645,73.76313,100.1,93.56486283
ESP,1/31/23,0.520072656,,1.81,,20603.87,3.71,3.19,,83.3399,,
ESP,4/30/23,0.420518918,,0.37,,20934.08,4.35,3.61,,85.27568,,
NOR,4/30/18,0.300808205,5.926761424,0.53,51.46718589,2680.036,,,149.035625,148.2753,110.4,104.0916746
NOR,7/31/18,0.6300102,5.926761424,-1.5,51.46718589,2689.539,,,149.035625,154.0787,110.4,104.0916746
NOR,10/31/18,0.033674237,5.926761424,1.92,51.46718589,2706.255,,,149.035625,147.7554,110.4,104.0916746
NOR,1/31/19,-0.443113704,7.060547059,0.26,54.19282643,2700.87,,,152.72965,145.8166,107.355,95.50493401
NOR,4/30/19,0.859924439,7.060547059,1.03,54.19282643,2703.369,,,152.72965,148.404,107.355,95.50493401
NOR,7/31/19,0.568205142,7.060547059,-0.59,54.19282643,2729.727,,,152.72965,145.34,107.355,95.50493401
NOR,10/31/19,0.828953858,7.060547059,-0.08,54.19282643,2728.234,,,152.72965,151.0397,107.355,95.50493401
NOR,1/31/20,-1.316029175,12.8832977,-0.7,56.82365319,2735.753,,,159.235025,141.9355,100.001667,80.08532722
NOR,4/30/20,-5.342636369,12.8832977,1.59,56.82365319,2681.652,,,159.235025,128.5604,100.001667,80.08532722
NOR,7/31/20,4.264227535,12.8832977,-0.52,56.82365319,2684.106,,,159.235025,139.6004,100.001667,80.08532722
NOR,10/31/20,1.247431013,12.8832977,2.26,56.82365319,2706.488,,,159.235025,146.1826,100.001667,80.08532722
NOR,1/31/21,-0.341314443,13.29453688,-2.82,48.78514567,2724.855,,,175.90715,165.5748,105.393333,114.7728847
NOR,4/30/21,1.282167177,13.29453688,0.73,48.78514567,2794.061,,,175.90715,177.7793,105.393333,114.7728847
NOR,7/31/21,3.244772437,13.29453688,0.32,48.78514567,2837.879,,,175.90715,185.1987,105.393333,114.7728847
NOR,10/31/21,0.447454467,13.29453688,14.38,48.78514567,2833.705,,,175.90715,197.4827,105.393333,114.7728847
NOR,1/31/22,-0.572922624,,-9.83,38.81545335,2853.244,,,185.125875,199.777,104.949167,166.5642162
NOR,4/30/22,1.165815315,,-1.36,38.81545335,2867.113,,,185.125875,211.7659,104.949167,166.5642162
NOR,7/31/22,1.240325526,,-2.51,38.81545335,2855.608,,,185.125875,208.1653,104.949167,166.5642162
NOR,10/31/22,-0.085476669,,-1.84,38.81545335,2860.835,,,185.125875,204.6834,104.949167,166.5642162
NOR,1/31/23,0.33566784,,1.28,,2868.799,,,,206.7645,,
NOR,4/30/23,0.035855528,,-1.37,,2899.994,,,,208.2854,,
HUN,4/30/18,0.904200032,10.85668187,1.34,49.94299191,4473.837,,,155.297575,175.8564,108.835833,99.29476772
HUN,7/31/18,1.500376033,10.85668187,0.21,49.94299191,4471.233,,,155.297575,172.0992,108.835833,99.29476772
HUN,10/31/18,1.027988765,10.85668187,2.05,49.94299191,4479.021,,,155.297575,183.0118,108.835833,99.29476772
HUN,1/31/19,1.954293344,10.41660605,-0.76,48.9749187,4512.229,,,181.63865,194.0795,106.290833,99.56162224
HUN,4/30/19,0.325596739,10.41660605,4.51,48.9749187,4521.661,,,181.63865,196.6897,106.290833,99.56162224
HUN,7/31/19,1.407654067,10.41660605,-0.07,48.9749187,4504.625,,,181.63865,192.3654,106.290833,99.56162224
HUN,10/31/19,0.549032483,10.41660605,0.96,48.9749187,4509.985,,,181.63865,205.3144,106.290833,99.56162224
HUN,1/31/20,-0.374392192,10.90994149,-1.33,48.95666924,4484.36,,,190.632525,196.6108,99.998333,101.5959631
HUN,4/30/20,-14.52497287,10.90994149,-7.51,48.95666924,4427.632,,,190.632525,167.1827,99.998333,101.5959631
HUN,7/31/20,11.83199194,10.90994149,10.9,48.95666924,4465.446,,,190.632525,166.5003,99.998333,101.5959631
HUN,10/31/20,1.570829238,10.90994149,-0.71,48.95666924,4464.461,,,190.632525,176.616,99.998333,101.5959631
HUN,1/31/21,1.134442931,13.06652411,3.73,47.03844837,4588.24,,,222.097675,208.6995,98.514167,98.48242523
HUN,4/30/21,2.431741484,13.06652411,-0.43,47.03844837,4633.991,,,222.097675,216.9197,98.514167,98.48242523
HUN,7/31/21,1.418628864,13.06652411,1.51,47.03844837,4654.109,,,222.097675,238.5741,98.514167,98.48242523
HUN,10/31/21,2.384345883,13.06652411,2.94,47.03844837,4690.96,,,222.097675,250.0295,98.514167,98.48242523
HUN,1/31/22,1.493516185,,-0.95,45.82867896,4704.291,,,271.4972,231.3313,89.695,92.97298072
HUN,4/30/22,0.798848951,,0.01,45.82867896,4706.144,,,271.4972,196.9096,89.695,92.97298072
HUN,7/31/22,-0.954200743,,-0.13,45.82867896,4709.057,,,271.4972,195.7475,89.695,92.97298072
HUN,10/31/22,-0.63614829,,0.11,45.82867896,4716.609,,,271.4972,204.2352,89.695,92.97298072
HUN,1/31/23,-0.400312126,,-2.77,,4725.207,,,,212.4625,,
HUN,4/30/23,-0.285598477,,2.98,,4733.48,,,,221.6279,,
SVN,4/30/18,1.330210134,6.271849283,0.39,57.10093702,979.6191,2.85,2.44,103.70505,116.2774,98.518334,100.1703077
SVN,7/31/18,1.369940225,6.271849283,1.29,57.10093702,982.79,2.62,2.4,103.70505,116.7741,98.518334,100.1703077
SVN,10/31/18,1.201631171,6.271849283,1.89,57.10093702,984.89,2.7,2.4,103.70505,108.7804,98.518334,100.1703077
SVN,1/31/19,0.620001989,6.125124014,0.95,58.00709099,988.0211,2.84,2.45,110.652275,113.0039,98.4325,100.7044991
SVN,4/30/19,-0.376670489,6.125124014,0.99,58.00709099,987.4526,2.74,2.44,110.652275,117.5974,98.4325,100.7044991
SVN,7/31/19,1.649736459,6.125124014,-0.6,58.00709099,975.605,2.55,2.3,110.652275,115.8816,98.4325,100.7044991
SVN,10/31/19,1.184951184,6.125124014,-1.68,58.00709099,979.0213,2.59,2.23,110.652275,118.962,98.4325,100.7044991
SVN,1/31/20,-4.691597387,16.33448577,9.08,60.65503293,994.52,2.95,2.19,115.7438,120.5952,100.000833,101.4313175
SVN,4/30/20,-9.800753862,16.33448577,-6.24,60.65503293,966.1069,3.22,2.28,115.7438,109.3825,100.000833,101.4313175
SVN,7/31/20,13.00451334,16.33448577,3.34,60.65503293,970.3333,2.65,2.14,115.7438,114.1028,100.000833,101.4313175
SVN,10/31/20,-1.253408569,16.33448577,1.73,60.65503293,981.1399,2.77,1.97,115.7438,114.7532,100.000833,101.4313175
SVN,1/31/21,1.778404022,12.11443779,2.65,60.03867238,944.2425,2.62,1.94,129.105,128.1418,100.864167,99.31532979
SVN,4/30/21,1.890392747,12.11443779,-2.57,60.03867238,976.6401,2.43,1.8,129.105,145.9951,100.864167,99.31532979
SVN,7/31/21,2.902131652,12.11443779,4.12,60.03867238,986.8785,2.36,1.77,129.105,156.6722,100.864167,99.31532979
SVN,10/31/21,3.401129616,12.11443779,-0.46,60.03867238,978.4389,2.14,1.7,129.105,162.1429,100.864167,99.31532979
SVN,1/31/22,1.16375008,,1.03,59.10823807,995.2581,2.32,1.67,148.157075,164.9397,100.898333,96.26737545
SVN,4/30/22,0.612437275,,-2.83,59.10823807,982.6254,2.17,1.75,148.157075,155.1288,100.898333,96.26737545
SVN,7/31/22,-1.269412403,,-0.76,59.10823807,985.2588,2.24,2.24,148.157075,149.1515,100.898333,96.26737545
SVN,10/31/22,0.798187563,,0.25,59.10823807,981.3577,3.5,3.07,148.157075,138.7724,100.898333,96.26737545
SVN,1/31/23,0.744497995,,4.23,,984.4007,4.34,3.86,,154.9081,,
SVN,4/30/23,1.363298169,,-0.42,,990.5905,4.48,4.01,,164.4676,,
FIN,4/30/18,-0.11800553,-0.840500232,-0.6,53.9635782,2541.628,2.89,0.89,110.0639,117.6705,98.501667,99.97723757
FIN,7/31/18,-0.093457944,-0.840500232,0.15,53.9635782,2543.587,3.14,0.88,110.0639,119.1564,98.501667,99.97723757
FIN,10/31/18,0.038830153,-0.840500232,0.4,53.9635782,2557.777,3.59,0.89,110.0639,108.4174,98.501667,99.97723757
FIN,1/31/19,0.66514935,0.386347476,0.73,54.03080693,2560.007,3.23,0.89,110.5165,112.4998,98.101667,99.45349911
FIN,4/30/19,0.795709478,0.386347476,1.02,54.03080693,2562.874,3.5,0.83,110.5165,110.7731,98.101667,99.45349911
FIN,7/31/19,0.086941401,0.386347476,0.72,54.03080693,2567.405,2.85,0.78,110.5165,109.0135,98.101667,99.45349911
FIN,10/31/19,-0.15114663,0.386347476,-0.14,54.03080693,2572.013,2.6,0.75,110.5165,112.6485,98.101667,99.45349911
FIN,1/31/20,-0.241852696,4.60767031,0.55,53.61276303,2573.728,2.18,0.8,112.4867,111.4964,100,101.0062339
FIN,4/30/20,-6.360972547,4.60767031,-1.62,53.61276303,2484.415,1.52,0.89,112.4867,102.5357,100,101.0062339
FIN,7/31/20,4.986309535,4.60767031,0.28,53.61276303,2519.104,2.4,0.78,112.4867,115.1343,100,101.0062339
FIN,10/31/20,0.782414307,4.60767031,2.47,53.61276303,2535.453,2.69,0.75,112.4867,123.0307,100,101.0062339
FIN,1/31/21,0.028166535,2.826140014,-0.21,54.16754803,2540.458,2.25,0.75,117.625175,133.3285,100.289167,101.0665345
FIN,4/30/21,1.337533658,2.826140014,0.35,54.16754803,2574.016,2.98,0.73,117.625175,142.2299,100.289167,101.0665345
FIN,7/31/21,1.048957121,2.826140014,0.4,54.16754803,2569.451,2.66,0.75,117.625175,152.8097,100.289167,101.0665345
FIN,10/31/21,0.905731718,2.826140014,-1.59,54.16754803,2609.575,3.31,0.75,117.625175,148.9248,100.289167,101.0665345
FIN,1/31/22,-0.091974383,-0.863487562,0.58,53.69678449,2627.613,3.21,0.8,118.982975,139.0127,98.3825,100.3675924
FIN,4/30/22,0.72624365,-0.863487562,-1.74,53.69678449,2648.506,2.97,0.97,118.982975,128.7729,98.3825,100.3675924
FIN,7/31/22,-0.450206486,-0.863487562,-0.04,53.69678449,2630.896,4.24,1.66,118.982975,124.4399,98.3825,100.3675924
FIN,10/31/22,-0.635859771,-0.863487562,-0.91,53.69678449,2653.585,4.8,2.74,118.982975,125.8909,98.3825,100.3675924
FIN,1/31/23,0.287454657,,1.26,,2652.384,5.13,3.02,,130.6213,,
FIN,4/30/23,0.636388453,,0.33,,2667.773,5.6,3.69,,122.9205,,
NLD,4/30/18,0.651351507,9.827950801,1.26,53.39632012,8773.302,3.08,2.39,110.960525,115.2153,99.29,100.216486
NLD,7/31/18,0.118766163,9.827950801,0.21,53.39632012,8836.415,3.06,2.42,110.960525,115.5527,99.29,100.216486
NLD,10/31/18,0.487706795,9.827950801,0.05,53.39632012,8871.07,3.02,2.4,110.960525,106.643,99.29,100.216486
NLD,1/31/19,0.826416375,12.01949996,0.67,53.6400629,8919.711,3.13,2.39,119.04625,109.2964,98.455834,100.7900197
NLD,4/30/19,0.297512296,12.01949996,1.13,53.6400629,8972.771,2.79,2.35,119.04625,116.0074,98.455834,100.7900197
NLD,7/31/19,0.213677408,12.01949996,-1.14,53.6400629,9001.055,2.56,2.24,119.04625,116.5224,98.455834,100.7900197
NLD,10/31/19,0.572641066,12.01949996,1.8,53.6400629,9034.064,2.19,2.08,119.04625,118.6856,98.455834,100.7900197
NLD,1/31/20,-1.327838614,18.83201719,1.37,56.7529748,9067.896,2.57,1.98,128.13735,113.4181,99.999167,101.4795748
NLD,4/30/20,-8.348639597,18.83201719,-2.19,56.7529748,8915.852,2.25,1.88,128.13735,105.0219,99.999167,101.4795748
NLD,7/31/20,6.376224562,18.83201719,2.37,56.7529748,8942.788,2.39,1.87,128.13735,112.7704,99.999167,101.4795748
NLD,10/31/20,0.634352785,18.83201719,0.81,56.7529748,8997.265,1.76,1.87,128.13735,119.494,99.999167,101.4795748
NLD,1/31/21,1.224262986,16.97588019,-0.33,54.14430269,9178.888,2.03,1.8,147.374325,134.4195,100.418333,100.3770487
NLD,4/30/21,3.086725669,16.97588019,1.35,54.14430269,9246.78,1.87,1.71,147.374325,143.5237,100.418333,100.3770487
NLD,7/31/21,1.914124475,16.97588019,0.78,54.14430269,9313.208,1.67,1.68,147.374325,151.4498,100.418333,100.3770487
NLD,10/31/21,0.798697174,16.97588019,-1.38,54.14430269,9389.824,1.63,1.65,147.374325,154.3798,100.418333,100.3770487
NLD,1/31/22,0.517007219,12.69610685,1.82,52.53273133,9478.658,1.82,1.67,167.2262,143.0765,98.5075,97.62882715
NLD,4/30/22,1.84199198,12.69610685,0.05,52.53273133,9589.396,2.01,1.89,167.2262,133.1793,98.5075,97.62882715
NLD,7/31/22,-0.185737239,12.69610685,0.38,52.53273133,9587.03,2.33,2.43,167.2262,131.6745,98.5075,97.62882715
NLD,10/31/22,0.86436159,12.69610685,-2.53,52.53273133,9692.814,2.82,3.06,167.2262,131.4245,98.5075,97.62882715
NLD,1/31/23,-0.432351603,,2.76,,9739.498,3.85,3.51,,143.5438,,
NLD,4/30/23,-0.314952389,,-1.17,,9775.583,3.71,3.68,,144.0658,,
USA,4/30/18,0.697342921,7.82418552,0.76,55.48669856,155575.3,10.22,4.58,147.388575,118.1016,95.026666,102.51374
USA,7/31/18,0.722035914,7.82418552,0.84,55.48669856,155888.3,10.31,4.54,147.388575,121.0241,95.026666,102.51374
USA,10/31/18,0.181783198,7.82418552,0.82,55.48669856,156643,10.08,4.86,147.388575,113.901,95.026666,102.51374
USA,1/31/19,0.54271061,9.133134073,1.09,55.65811481,156730.7,10.65,4.46,153.195025,115.5575,98.1925,103.6778315
USA,4/30/19,0.67300894,9.133134073,-0.22,55.65811481,156887,10.36,4.2,153.195025,119.9513,98.1925,103.6778315
USA,7/31/19,0.889966473,9.133134073,0.53,55.65811481,157869.7,10.63,3.75,153.195025,121.1577,98.1925,103.6778315
USA,10/31/19,0.443046894,9.133134073,0.43,55.65811481,158650,10.07,3.78,153.195025,125.2528,98.1925,103.6778315
USA,1/31/20,-1.175154201,17.49035854,0.67,57.02389941,157581,10.21,3.51,163.465675,120.0189,100,103.3967518
USA,4/30/20,-8.484336154,17.49035854,9.99,57.02389941,137554,9.63,3.23,163.465675,106.8753,100,103.3967518
USA,7/31/20,7.854483117,17.49035854,-3.34,57.02389941,146201.7,9.5,2.99,163.465675,118.4926,100,103.3967518
USA,10/31/20,0.963213279,17.49035854,-1.82,57.02389941,149914.3,9.26,2.88,163.465675,128.1044,100,103.3967518
USA,1/31/21,1.542791999,12.36290392,11.41,55.80902113,150275.7,9.65,2.73,188.91315,142.0478,96.005,107.3485371
USA,4/30/21,1.707015905,12.36290392,-7.57,55.80902113,151445.7,9.46,2.98,188.91315,153.0035,96.005,107.3485371
USA,7/31/21,0.656694491,12.36290392,-1.28,55.80902113,153286.7,9.58,2.8,188.91315,155.5046,96.005,107.3485371
USA,10/31/21,1.69569402,12.36290392,-1.37,55.80902113,155337,9.39,3.14,188.91315,158.0451,96.005,107.3485371
USA,1/31/22,-0.410338185,,-2.35,,157680,9.09,3.55,214.36645,155.4432,102.9475,
USA,4/30/22,-0.144633973,,-0.42,,158112.7,9.39,5.1,214.36645,145.9139,102.9475,
USA,7/31/22,0.801155209,,0.57,,158605.3,8.73,5.3,214.36645,138.9465,102.9475,
USA,10/31/22,0.637397896,,0.14,,158788,10.16,7.08,214.36645,139.0872,102.9475,
USA,1/31/23,0.496811816,,2.29,,160448.3,11.21,6.13,,145.4639,,
USA,4/30/23,0.511306154,,0.49,,160915.3,11.48,6.43,,144.5312,,
SVK,4/30/18,1.183228165,4.678896494,,46.38025708,2556.628,3.67,1.64,125.318675,128.0064,98.343333,98.48652614
SVK,7/31/18,0.996155376,4.678896494,,46.38025708,2574.87,3.68,1.52,125.318675,129.5446,98.343333,98.48652614
SVK,10/31/18,0.511306262,4.678896494,,46.38025708,2586.34,3.27,1.47,125.318675,128.2403,98.343333,98.48652614
SVK,1/31/19,0.763417188,3.913756565,,47.64953812,2593.184,2.97,1.48,136.74085,130.4287,98.235833,98.24731695
SVK,4/30/19,0.295613977,3.913756565,,47.64953812,2578.684,3.49,1.49,136.74085,135.0998,98.235833,98.24731695
SVK,7/31/19,0.348258498,3.913756565,,47.64953812,2582.683,3.14,1.42,136.74085,132.1597,98.235833,98.24731695
SVK,10/31/19,0.621738855,3.913756565,,47.64953812,2579.949,3.49,1.28,136.74085,133.0682,98.235833,98.24731695
SVK,1/31/20,-3.134979598,5.484595481,,48.94276209,2560.406,3.03,1.09,149.83755,133.5372,99.998334,97.89354348
SVK,4/30/20,-7.46024566,5.484595481,,48.94276209,2520.191,2.62,1.17,149.83755,131.6225,99.998334,97.89354348
SVK,7/31/20,9.693978607,5.484595481,,48.94276209,2523.227,2.79,1.18,149.83755,131.2447,99.998334,97.89354348
SVK,10/31/20,0.766952434,5.484595481,,48.94276209,2520.476,2.55,1.11,149.83755,133.6927,99.998334,97.89354348
SVK,1/31/21,-0.138018094,4.153952294,,48.49369849,2515.357,2.35,1.03,159.435125,138.0053,100.216667,97.0364412
SVK,4/30/21,1.734122392,4.153952294,,48.49369849,2547.417,2.56,1.02,159.435125,142.0673,100.216667,97.0364412
SVK,7/31/21,0.629625086,4.153952294,,48.49369849,2580.856,2.55,0.97,159.435125,144.7877,100.216667,97.0364412
SVK,10/31/21,0.382593204,4.153952294,,48.49369849,2598.47,2.04,0.96,159.435125,151.93,100.216667,97.0364412
SVK,1/31/22,0.251763788,-2.554722244,,47.73187098,2585.845,2.91,1,181.254675,153.4399,99.459167,93.24050961
SVK,4/30/22,0.184443189,-2.554722244,,47.73187098,2604.045,3.23,1.34,181.254675,145.1874,99.459167,93.24050961
SVK,7/31/22,0.354506422,-2.554722244,,47.73187098,2606.199,3.05,2.15,181.254675,139.0847,99.459167,93.24050961
SVK,10/31/22,0.253426806,-2.554722244,,47.73187098,2619.711,3.88,2.82,181.254675,130.5559,99.459167,93.24050961
SVK,1/31/23,0.309058314,,,,2596.568,3.99,3.22,,125.8373,,
SVK,4/30/23,0.397128223,,,,2607.621,5.11,3.68,,121.1932,,
BEL,4/30/18,0.452534656,4.661473999,-0.62,55.21364171,4698.1,1.75,1.95,119.038825,98.93918,99.345,99.57534936
BEL,7/31/18,0.390736331,4.661473999,0.61,55.21364171,4795.1,1.76,1.87,119.038825,98.29098,99.345,99.57534936
BEL,10/31/18,0.977159917,4.661473999,1.69,55.21364171,4812.4,1.75,1.81,119.038825,88.54966,99.345,99.57534936
BEL,1/31/19,0.273895575,5.53656675,-0.16,54.90439487,4769.1,1.74,1.88,123.7849,89.41293,98.485834,100.3202364
BEL,4/30/19,0.553530566,5.53656675,1.4,54.90439487,4854.5,1.73,1.84,123.7849,92.47002,98.485834,100.3202364
BEL,7/31/19,0.727681583,5.53656675,-0.35,54.90439487,4863.8,1.73,1.79,123.7849,93.55869,98.485834,100.3202364
BEL,10/31/19,0.595620803,5.53656675,-0.1,54.90439487,4840.6,1.71,1.68,123.7849,95.29726,98.485834,100.3202364
BEL,1/31/20,-2.89034274,14.05192345,1.4,55.68236518,4827,1.68,1.69,129.0233,86.19547,99.999167,100.9524835
BEL,4/30/20,-11.39814434,14.05192345,-4.57,55.68236518,4763.6,1.68,1.66,129.0233,71.25291,99.999167,100.9524835
BEL,7/31/20,11.75639147,14.05192345,5.59,55.68236518,4824.2,1.66,1.52,129.0233,75.63686,99.999167,100.9524835
BEL,10/31/20,-0.487440109,14.05192345,0.06,55.68236518,4793.9,1.66,1.48,129.0233,78.41792,99.999167,100.9524835
BEL,1/31/21,1.424953383,10.45686409,-0.14,53.95317071,4715.9,1.72,1.45,138.229925,85.27314,100.675834,99.67429207
BEL,4/30/21,1.76805788,10.45686409,0.55,53.95317071,4829.9,1.71,1.43,138.229925,91.53018,100.675834,99.67429207
BEL,7/31/21,2.346713164,10.45686409,2.22,53.95317071,4929.1,1.72,1.45,138.229925,92.99113,100.675834,99.67429207
BEL,10/31/21,0.575202199,10.45686409,-3.9,53.95317071,4939.8,1.71,1.48,138.229925,96.92123,100.675834,99.67429207
BEL,1/31/22,0.616443141,5.7538594,-2.54,53.87040782,4958.9,1.71,1.48,145.992325,97.77557,98.9625,96.01810254
BEL,4/30/22,0.533696652,5.7538594,3.52,53.87040782,4955.8,1.68,1.65,145.992325,93.34019,98.9625,96.01810254
BEL,7/31/22,0.314202108,5.7538594,-0.68,53.87040782,5010.1,1.82,2.15,145.992325,88.80946,98.9625,96.01810254
BEL,10/31/22,0.055071292,5.7538594,-2.4,53.87040782,5036.3,2.83,2.73,145.992325,92.26852,98.9625,96.01810254
BEL,1/31/23,0.370666598,,2.55,,5026,3.89,3.17,,98.61327,,
BEL,4/30/23,0.155087912,,1.49,,4970.7,4.79,3.46,,97.12535,,
LVA,4/30/18,1.642719088,-1.926466172,,54.96347172,910.2087,3.49,2.66,160.9225,219.597,98.399167,105.357656
LVA,7/31/18,1.211125175,-1.926466172,,54.96347172,912.9774,3.26,2.66,160.9225,209.7714,98.399167,105.357656
LVA,10/31/18,0.726160072,-1.926466172,,54.96347172,908.9408,3.41,2.58,160.9225,199.4127,98.399167,105.357656
LVA,1/31/19,0.38215026,0.339947828,,56.24481796,910.9144,3.51,2.64,175.3325,205.4264,98.119167,106.2992493
LVA,4/30/19,0.737028794,0.339947828,,56.24481796,908.4567,3.42,2.83,175.3325,215.022,98.119167,106.2992493
LVA,7/31/19,-0.020899782,0.339947828,,56.24481796,910.5562,3.49,2.74,175.3325,215.4846,98.119167,106.2992493
LVA,10/31/19,0.068590396,0.339947828,,56.24481796,910.2728,3.36,2.6,175.3325,216.1625,98.119167,106.2992493
LVA,1/31/20,-0.361461602,6.282270987,,57.2693273,908.7705,3.48,2.61,181.42,210.6491,100,108.2616273
LVA,4/30/20,-6.742530082,6.282270987,,57.2693273,895.5565,3.77,2.37,181.42,212.6595,100,108.2616273
LVA,7/31/20,5.801090078,6.282270987,,57.2693273,884.32,3.34,3.02,181.42,226.7707,100,108.2616273
LVA,10/31/20,0.884481565,6.282270987,,57.2693273,883.453,4.61,2.59,181.42,235.1155,100,108.2616273
LVA,1/31/21,-0.458221193,5.870322154,,54.51917374,867.004,4.07,2.4,201.18,241.0705,100.4575,106.5798613
LVA,4/30/21,2.564125747,5.870322154,,54.51917374,868.1652,3.3,2.49,201.18,243.0739,100.4575,106.5798613
LVA,7/31/21,1.187849569,5.870322154,,54.51917374,872.6675,4.12,2.44,201.18,264.4049,100.4575,106.5798613
LVA,10/31/21,0.709247064,5.870322154,,54.51917374,870.0633,3.83,2.33,201.18,268.0169,100.4575,106.5798613
LVA,1/31/22,1.401025962,,,53.1836096,883.2245,3.75,2.35,229.0075,255.6366,98.716667,105.9053826
LVA,4/30/22,0.065907742,,,53.1836096,891.4287,3.42,2.44,229.0075,224.1083,98.716667,105.9053826
LVA,7/31/22,-1.34580493,,,53.1836096,893.6823,3.75,2.69,229.0075,235.3887,98.716667,105.9053826
LVA,10/31/22,1.101168545,,,53.1836096,896.4645,5.17,3.78,229.0075,231.797,98.716667,105.9053826
LVA,1/31/23,0.501774553,,,,896.6464,5.57,4.75,,248.5168,,
LVA,4/30/23,-0.346430952,,,,895.6278,5.88,5.46,,243.5337,,
CZE,4/30/18,0.591257726,7.541813853,0.96,49.20236705,5296.743,,,136.51875,110.1534,101.846667,100.0045719
CZE,7/31/18,0.732565624,7.541813853,-0.58,49.20236705,5294.772,,,136.51875,108.6318,101.846667,100.0045719
CZE,10/31/18,0.764833886,7.541813853,2.25,49.20236705,5311.458,,,136.51875,105.9239,101.846667,100.0045719
CZE,1/31/19,0.871113308,8.536567265,0.26,49.41081303,5310.978,,,149.015475,105.1406,101.285,100.4918194
CZE,4/30/19,0.654904017,8.536567265,1.77,49.41081303,5312.165,,,149.015475,106.6962,101.285,100.4918194
CZE,7/31/19,0.697900552,8.536567265,-0.63,49.41081303,5300.629,,,149.015475,104.7105,101.285,100.4918194
CZE,10/31/19,0.539508383,8.536567265,1.42,49.41081303,5287.928,,,149.015475,107.2904,101.285,100.4918194
CZE,1/31/20,-3.31490351,14.72503452,-2.36,50.52356741,5285.405,,,161.5647,101.6474,99.999167,102.0247178
CZE,4/30/20,-8.875702165,14.72503452,-2.93,50.52356741,5239.614,,,161.5647,88.41531,99.999167,102.0247178
CZE,7/31/20,7.0042707,14.72503452,4.38,50.52356741,5216.549,,,161.5647,91.03031,99.999167,102.0247178
CZE,10/31/20,1.2294293,14.72503452,2.77,50.52356741,5198.231,,,161.5647,92.80048,99.999167,102.0247178
CZE,1/31/21,-0.632487408,14.78131656,-2.71,50.20328425,5204.312,,,193.46285,106.5622,103.651667,101.8717385
CZE,4/30/21,1.435029494,14.78131656,4.95,50.20328425,5204.142,,,193.46285,113.5534,103.651667,101.8717385
CZE,7/31/21,1.752628788,14.78131656,-0.5,50.20328425,5225.36,,,193.46285,124.9695,103.651667,101.8717385
CZE,10/31/21,0.832033599,14.78131656,0.65,50.20328425,5219.687,,,193.46285,137.6772,103.651667,101.8717385
CZE,1/31/22,0.587319173,11.7164104,-4.58,48.84053165,5205.69,,,226.148625,139.6733,107.070834,98.12528644
CZE,4/30/22,0.152875174,11.7164104,-0.68,48.84053165,5189.762,,,226.148625,133.1232,107.070834,98.12528644
CZE,7/31/22,-0.225657498,11.7164104,-0.39,48.84053165,5157.361,,,226.148625,121.2647,107.070834,98.12528644
CZE,10/31/22,-0.391728159,11.7164104,0.84,48.84053165,5139.087,,,226.148625,119.6332,107.070834,98.12528644
CZE,1/31/23,0.041874084,,-1.92,,5091.18,,,,134.1068,,
CZE,4/30/23,0.140755896,,,,5086.255,,,,135.4505,,
POL,4/30/18,1.400014395,1.392995784,0.57,45.12116939,16504.18,,,106.7536,112.8879,102.888333,99.75251168
POL,7/31/18,1.231238006,1.392995784,1.27,45.12116939,16495.71,,,106.7536,112.4054,102.888333,99.75251168
POL,10/31/18,0.963459911,1.392995784,-0.41,45.12116939,16455.95,,,106.7536,109.8776,102.888333,99.75251168
POL,1/31/19,1.421640089,2.523171646,3.12,45.52913557,16415.35,,,116.014125,115.119,101.595,100.9574869
POL,4/30/19,0.916171692,2.523171646,-0.61,45.52913557,16494.88,,,116.014125,113.6708,101.595,100.9574869
POL,7/31/19,0.729556644,2.523171646,2.61,45.52913557,16486.26,,,116.014125,111.521,101.595,100.9574869
POL,10/31/19,0.63968351,2.523171646,-0.19,45.52913557,16445.61,,,116.014125,110.4107,101.595,100.9574869
POL,1/31/20,0.720183924,9.457812298,4.68,46.50859423,16498.92,,,128.17205,101.0316,100.001667,103.7509581
POL,4/30/20,-9.150453519,9.457812298,0.87,46.50859423,16339.69,,,128.17205,90.035,100.001667,103.7509581
POL,7/31/20,6.754639959,9.457812298,-2.3,46.50859423,16415.77,,,128.17205,98.17485,100.001667,103.7509581
POL,10/31/20,0.143644705,9.457812298,-3.1,46.50859423,16511.42,,,128.17205,99.09382,100.001667,103.7509581
POL,1/31/21,2.334567158,0.650756886,3.53,45.07894331,16500.32,,,139.922825,111.4317,97.645833,101.6583856
POL,4/30/21,2.486534402,0.650756886,-2.51,45.07894331,16638.29,,,139.922825,121.1905,97.645833,101.6583856
POL,7/31/21,2.175436056,0.650756886,-1.82,45.07894331,16748.51,,,139.922825,132.4573,97.645833,101.6583856
POL,10/31/21,1.882565123,0.650756886,3.07,45.07894331,16737.29,,,139.922825,136.3287,97.645833,101.6583856
POL,1/31/22,3.239885247,,3.07,43.03369582,16751.63,,,156.429325,126.7956,94.010833,98.10694062
POL,4/30/22,-1.389859361,,-4.12,43.03369582,16769.74,,,156.429325,110.712,94.010833,98.10694062
POL,7/31/22,1.239116865,,3.32,43.03369582,16693.81,,,156.429325,100.0288,94.010833,98.10694062
POL,10/31/22,-2.01422082,,-4.25,43.03369582,16754.13,,,156.429325,101.3943,94.010833,98.10694062
POL,1/31/23,1.595215292,,6.99,,16824.8,,,,114.8557,,
POL,4/30/23,-2.165208165,,-3.4,,16824.65,,,,122.4095,,
DEU,4/30/18,0.813006393,11.29437393,-0.19,58.40475399,41843.76,2.79,1.89,142.525,111.4973,98.809167,100.1193444
DEU,7/31/18,-0.928358437,11.29437393,-0.77,58.40475399,41978.02,2.11,1.88,142.525,108.9724,98.809167,100.1193444
DEU,10/31/18,0.861334935,11.29437393,0.82,58.40475399,41948.92,1.97,1.86,142.525,98.3422,98.809167,100.1193444
DEU,1/31/19,0.685087549,10.78132551,0.76,59.2045786,42236.5,1.92,1.86,150.75,97.97269,98.006667,100.8414433
DEU,4/30/19,-0.037282015,10.78132551,-0.04,59.2045786,42361.35,2.03,1.67,150.75,102.7326,98.006667,100.8414433
DEU,7/31/19,-0.018652274,10.78132551,-0.16,59.2045786,42389.35,2,1.49,150.75,101.2321,98.006667,100.8414433
DEU,10/31/19,0.298430417,10.78132551,0.06,59.2045786,42606.9,1.88,1.27,150.75,108.1653,98.006667,100.8414433
DEU,1/31/20,-1.766715965,16.41665894,1.42,59.89491886,42250.08,1.91,1.34,162.475,102.3567,100.000833,102.8117719
DEU,4/30/20,-9.219127614,16.41665894,-2.6,59.89491886,41871.75,1.98,1.25,162.475,93.52061,100.000833,102.8117719
DEU,7/31/20,8.914608255,16.41665894,2.9,59.89491886,41651.71,1.9,1.27,162.475,105.2703,100.000833,102.8117719
DEU,10/31/20,0.784989704,16.41665894,-0.18,59.89491886,41663.86,1.87,1.19,162.475,106.6391,100.000833,102.8117719
DEU,1/31/21,-1.272726481,15.12242551,-1.05,58.41147096,41123.94,1.96,1.19,181.275,116.5541,100.59,99.84303621
DEU,4/30/21,2.232064629,15.12242551,1.13,58.41147096,41337.96,1.79,1.23,181.275,124.263,100.59,99.84303621
DEU,7/31/21,0.668170777,15.12242551,-1.04,58.41147096,41559.54,1.78,1.31,181.275,126.4414,100.59,99.84303621
DEU,10/31/21,0.009349315,15.12242551,0.72,58.41147096,41570.26,1.65,1.28,181.275,125.2661,100.59,99.84303621
DEU,1/31/22,1.002566571,11.31940276,-0.4,57.54886273,42136.91,1.77,1.35,190.875,118.4183,98.605834,94.96038518
DEU,4/30/22,-0.129572944,11.31940276,-0.03,57.54886273,42541.46,1.77,1.94,190.875,105.9733,98.605834,94.96038518
DEU,7/31/22,0.361414068,11.31940276,0.24,57.54886273,42597.16,1.87,2.8,190.875,96.64118,98.605834,94.96038518
DEU,10/31/22,-0.406272994,11.31940276,-0.95,57.54886273,42838.98,3.04,3.25,190.875,99.13005,98.605834,94.96038518
DEU,1/31/23,-0.092721961,,-0.42,,43182.29,4.72,3.66,,111.7119,,
DEU,4/30/23,0.018569699,,0.53,,43135.8,5.49,3.93,,113.6289,,
PRT,4/30/18,0.779536523,-2.466641337,0.22,51.63420591,4858.139,3.59,1.46,120.18955,126.1167,99.095,100.3082168
PRT,7/31/18,0.525723942,-2.466641337,0.99,51.63420591,4881.69,3.34,1.35,120.18955,128.803,99.095,100.3082168
PRT,10/31/18,0.608994992,-2.466641337,0.85,51.63420591,4886.909,3.44,1.34,120.18955,115.1291,99.095,100.3082168
PRT,1/31/19,0.882987755,-2.170807117,0.9,52.33441544,4903.099,3.45,1.4,132.1589,119.5027,98.865,101.1177769
PRT,4/30/19,0.571006817,-2.170807117,1.49,52.33441544,4937.43,3.32,1.33,132.1589,125.1164,98.865,101.1177769
PRT,7/31/19,0.451880731,-2.170807117,0.79,52.33441544,4915.298,3.27,1.26,132.1589,125.7008,98.865,101.1177769
PRT,10/31/19,0.820784598,-2.170807117,0.38,52.33441544,4892.673,3.27,1.02,132.1589,131.2869,98.865,101.1177769
PRT,1/31/20,-4.355487705,2.098257089,-1.78,55.57288679,4883.388,3.41,1.07,143.751025,131.0177,100,102.5227973
PRT,4/30/20,-15.11949696,2.098257089,-4.18,55.57288679,4785.209,3.17,1.03,143.751025,120.1972,100,102.5227973
PRT,7/31/20,14.58800122,2.098257089,4.24,55.57288679,4787.725,2.73,1.09,143.751025,127.2954,100,102.5227973
PRT,10/31/20,0.370563245,2.098257089,0.03,55.57288679,4795.778,2.91,0.87,143.751025,134.2155,100,102.5227973
PRT,1/31/21,-2.559961929,-0.639717665,1.42,55.64640053,4738.579,3.23,0.77,157.26895,147.8888,100.439167,101.4634794
PRT,4/30/21,4.42617467,-0.639717665,0.77,55.64640053,4814.484,2.95,0.82,157.26895,150.7678,100.439167,101.4634794
PRT,7/31/21,2.802834928,-0.639717665,0.35,55.64640053,4838.168,2.84,0.82,157.26895,157.2781,100.439167,101.4634794
PRT,10/31/21,1.927325071,-0.639717665,-0.09,55.64640053,4857.869,2.64,0.81,157.26895,166.9956,100.439167,101.4634794
PRT,1/31/22,2.259761981,-4.858502463,1.84,53.7813932,4907.213,3.05,0.81,177.13715,162.3411,100.014167,97.78131173
PRT,4/30/22,0.193761238,-4.858502463,-2.08,53.7813932,4901.328,2.32,1.07,177.13715,177.1767,100.014167,97.78131173
PRT,7/31/22,0.33288726,-4.858502463,-1.56,53.7813932,4909.084,2.93,1.88,177.13715,185.8813,100.014167,97.78131173
PRT,10/31/22,0.347702949,-4.858502463,3.41,53.7813932,4917.075,4.26,2.86,177.13715,174.0842,100.014167,97.78131173
PRT,1/31/23,1.645374344,,-1.24,,4933.124,4.91,3.32,,177.6494,,
PRT,4/30/23,6.70E-05,,1.53,,4959.22,5.55,3.97,,183.4996,,
ITA,4/30/18,0.044690859,2.543259079,0.59,44.47586092,23313.65,2.39,1.84,83.509725,109.6757,,101.1725007
ITA,7/31/18,0.126191204,2.543259079,-0.35,44.47586092,23223.13,2.37,1.79,83.509725,103.8787,,101.1725007
ITA,10/31/18,0.291912901,2.543259079,0.43,44.47586092,23168.83,2.42,1.88,83.509725,93.15824,,101.1725007
ITA,1/31/19,0.173882243,2.401892606,-0.2,44.77702028,23289.55,2.48,1.95,83.42505,97.94986,,102.0673497
ITA,4/30/19,0.240828076,2.401892606,0.36,44.77702028,23473.88,2.48,1.86,83.42505,102.8069,,102.0673497
ITA,7/31/19,0.062238169,2.401892606,0.02,44.77702028,23375.15,2.35,1.69,83.42505,104.3782,,102.0673497
ITA,10/31/19,-0.814614473,2.401892606,-0.1,44.77702028,23299.52,2.22,1.39,83.42505,110.8286,,102.0673497
ITA,1/31/20,-5.797586212,10.22578589,-1.17,45.21384149,23364.02,2.24,1.44,85.012725,105.2635,,105.7078679
ITA,4/30/20,-12.0033196,10.22578589,-4.44,45.21384149,22683.81,2.09,1.4,85.012725,88.31362,,105.7078679
ITA,7/31/20,14.19256646,10.22578589,5.43,45.21384149,22740.82,2.16,1.26,85.012725,95.97511,,105.7078679
ITA,10/31/20,-0.723223683,10.22578589,-0.19,45.21384149,22823.94,2.18,1.26,85.012725,100.2279,,105.7078679
ITA,1/31/21,0.454837412,7.558493952,0.84,44.96217066,22153.59,2.29,1.27,87.1719,111.5047,,100.7907912
ITA,4/30/21,2.52893864,7.558493952,1.25,44.96217066,22512.75,2.21,1.38,87.1719,121.127,,100.7907912
ITA,7/31/21,2.885797106,7.558493952,1.68,44.96217066,22765.52,2.21,1.4,87.1719,123.2369,,100.7907912
ITA,10/31/21,0.848449741,7.558493952,-1.47,44.96217066,22783.93,2.17,1.43,87.1719,131.1712,,100.7907912
ITA,1/31/22,0.080508734,2.106356714,-0.57,44.96656233,23012.2,2.13,1.45,90.495325,129.4458,,92.10225588
ITA,4/30/22,1.191038227,2.106356714,0.57,44.96656233,23145.65,2.07,1.81,90.495325,119.827,,92.10225588
ITA,7/31/22,0.346530634,2.106356714,-0.1,44.96656233,23054.38,2.17,2.15,90.495325,110.3604,,92.10225588
ITA,10/31/22,-0.155710238,2.106356714,-4.02,44.96656233,23185.37,3.44,2.75,90.495325,115.4091,,92.10225588
ITA,1/31/23,0.610230312,,3,,23482.46,4.4,3.59,,130.2217,,
ITA,4/30/23,-0.401539363,,-0.31,,23513.17,5.3,4.17,,132.8032,,
AUT,4/30/18,0.216987036,7.734904969,0.56,53.77419202,4323.671,,,157.238275,142.2679,99.348334,99.4644484
AUT,7/31/18,0.446908683,7.734904969,-0.48,53.77419202,4320.769,,,157.238275,140.0825,99.348334,99.4644484
AUT,10/31/18,1.169137491,7.734904969,-0.89,53.77419202,4331.318,,,157.238275,130.3532,99.348334,99.4644484
AUT,1/31/19,0.57262323,8.593880092,1.77,54.33389743,4347.81,,,163.42565,127.7358,98.788333,98.88011049
AUT,4/30/19,-0.456952342,8.593880092,-1.22,54.33389743,4366.597,,,163.42565,131.0658,98.788333,98.88011049
AUT,7/31/19,0.482948832,8.593880092,0.21,54.33389743,4344.179,,,163.42565,128.1057,98.788333,98.88011049
AUT,10/31/19,-0.561703069,8.593880092,0.78,54.33389743,4360.014,,,163.42565,133.2967,98.788333,98.88011049
AUT,1/31/20,-2.249664375,13.34094007,-4.3,56.26421124,4340.606,,,174.9165,120.3885,100.000833,99.70393741
AUT,4/30/20,-11.51336382,13.34094007,-2.94,56.26421124,4261.211,,,174.9165,98.48411,100.000833,99.70393741
AUT,7/31/20,11.30697925,13.34094007,6.3,56.26421124,4296.72,,,174.9165,99.51714,100.000833,99.70393741
AUT,10/31/20,-1.919588358,13.34094007,0.89,56.26421124,4288.763,,,174.9165,106.3857,100.000833,99.70393741
AUT,1/31/21,-0.933102311,11.97604426,-2.46,55.62614915,4254.408,,,195.482225,130.0168,100.404167,99.07271741
AUT,4/30/21,4.064522133,11.97604426,0.05,55.62614915,4276.5,,,195.482225,143.5468,100.404167,99.07271741
AUT,7/31/21,4.123792217,11.97604426,3.31,55.62614915,4332.239,,,195.482225,151.0988,100.404167,99.07271741
AUT,10/31/21,-1.041493084,11.97604426,-1.72,55.62614915,4360.353,,,195.482225,158.9979,100.404167,99.07271741
AUT,1/31/22,1.28681213,,0.7,54.21459516,4419.804,,,215.6158,153.5325,99.05,95.28441959
AUT,4/30/22,2.099626631,,-0.84,54.21459516,4449.363,,,215.6158,137.7035,99.05,95.28441959
AUT,7/31/22,-0.442632112,,7.06,54.21459516,4444.597,,,215.6158,128.9675,99.05,95.28441959
AUT,10/31/22,-0.21099224,,-6.99,54.21459516,4456.036,,,215.6158,129.2303,99.05,95.28441959
AUT,1/31/23,0.409851839,,1.7,,4470.409,,,,139.4996,,
AUT,4/30/23,-0.688413725,,-2.85,,4490.265,,,,136.5156,,
IRL,4/30/18,1.790052729,4.783210149,1.31,30.59531432,2256.573,5.31,2.92,123.9171,111.8222,100.2675,97.53013592
IRL,7/31/18,0.346284507,4.783210149,0.72,30.59531432,2273.008,5.42,3.04,123.9171,109.3019,100.2675,97.53013592
IRL,10/31/18,1.506245129,4.783210149,0.72,30.59531432,2279.169,5.39,2.95,123.9171,95.00898,100.2675,97.53013592
IRL,1/31/19,1.400933134,5.728853847,0.36,30.22791927,2302.707,5.18,2.96,126.834325,95.75076,98.428334,97.99437266
IRL,4/30/19,1.785625874,5.728853847,0.9,30.22791927,2325.211,5.25,2.97,126.834325,100.8754,98.428334,97.99437266
IRL,7/31/19,1.134119491,5.728853847,0.29,30.22791927,2332.637,5.11,2.94,126.834325,97.78223,98.428334,97.99437266
IRL,10/31/19,1.576110269,5.728853847,1.12,30.22791927,2328.744,5.72,2.9,126.834325,109.4807,98.428334,97.99437266
IRL,1/31/20,3.405152044,21.61064583,4.95,28.44380671,2344.847,5.94,2.85,127.227175,105.022,99.998334,97.82211922
IRL,4/30/20,-5.606062241,21.61064583,0.99,28.44380671,2268.002,5.23,2.79,127.227175,90.48605,99.998334,97.82211922
IRL,7/31/20,11.91481835,21.61064583,-4.62,28.44380671,2280.584,4.81,2.82,127.227175,101.4943,99.998334,97.82211922
IRL,10/31/20,-4.816807231,21.61064583,1.43,28.44380671,2282.667,4.47,2.79,127.227175,112.7044,99.998334,97.82211922
IRL,1/31/21,11.4919942,20.2338628,0.9,27.22590027,2278.564,4.1,2.78,137.776225,121.903,100.651667,96.34987092
IRL,4/30/21,2.487425528,20.2338628,1.35,27.22590027,2369.101,4.21,2.65,137.776225,131.6352,100.651667,96.34987092
IRL,7/31/21,2.553438147,20.2338628,0.96,27.22590027,2428.888,4.21,2.69,137.776225,137.2227,100.651667,96.34987092
IRL,10/31/21,-2.536951676,20.2338628,-3.2,27.22590027,2480.347,4.47,2.68,137.776225,134.234,100.651667,96.34987092
IRL,1/31/22,6.821539532,,0.09,25.29130619,2521.36,4.02,2.71,154.719575,127.7944,96.875,96.84388757
IRL,4/30/22,2.179174274,,1.59,25.29130619,2544.633,4.19,2.69,154.719575,112.9029,96.875,96.84388757
IRL,7/31/22,2.363202506,,-1.07,25.29130619,2550.99,4.52,2.69,154.719575,108.523,96.875,96.84388757
IRL,10/31/22,-0.861391496,,-2.76,25.29130619,2572.117,5.51,2.63,154.719575,112.899,96.875,96.84388757
IRL,1/31/23,-2.630073578,,0.35,,2599.032,5.71,2.94,,129.5712,,
IRL,4/30/23,0.464275515,,0.74,,2616.8,6.08,3.52,,136.7846,,
SWE,4/30/18,1.170526242,13.62477598,-0.81,53.98881212,5096.391,,,154.599425,110.9919,100.791666,98.09383825
SWE,7/31/18,-0.891247761,13.62477598,0.83,53.98881212,5092.821,,,154.599425,115.1342,100.791666,98.09383825
SWE,10/31/18,1.419710907,13.62477598,0.74,53.98881212,5118.877,,,154.599425,107.2601,100.791666,98.09383825
SWE,1/31/19,0.381806588,15.53516699,-0.52,53.39747113,5115.932,,,158.437125,110.4229,97.13,98.53434476
SWE,4/30/19,0.813238315,15.53516699,0.91,53.39747113,5128.996,,,158.437125,116.7752,97.13,98.53434476
SWE,7/31/19,-0.062227621,15.53516699,0.04,53.39747113,5133.709,,,158.437125,117.8279,97.13,98.53434476
SWE,10/31/19,0.582793228,15.53516699,-0.23,53.39747113,5147.563,,,158.437125,126.1832,97.13,98.53434476
SWE,1/31/20,-0.462129098,16.95142276,-0.16,54.11078404,5109.121,,,165.092075,125.7626,100.000833,99.5210728
SWE,4/30/20,-7.937479296,16.95142276,-4.11,54.11078404,5031.998,,,165.092075,117.3062,100.000833,99.5210728
SWE,7/31/20,7.215790423,16.95142276,4.84,54.11078404,5038.729,,,165.092075,134.4859,100.000833,99.5210728
SWE,10/31/20,0.631168691,16.95142276,1.15,54.11078404,5077.353,,,165.092075,143.6004,100.000833,99.5210728
SWE,1/31/21,1.158599124,15.47405733,0.09,52.76203422,5050.288,,,181.793125,158.6333,103.626667,99.91342626
SWE,4/30/21,1.710265849,15.47405733,0.58,52.76203422,5121.222,,,181.793125,175.5235,103.626667,99.91342626
SWE,7/31/21,1.965360469,15.47405733,1.51,52.76203422,5151.788,,,181.793125,188.8449,103.626667,99.91342626
SWE,10/31/21,2.086700302,15.47405733,-0.36,52.76203422,5157.902,,,181.793125,191.4235,103.626667,99.91342626
SWE,1/31/22,-0.650722612,13.91731971,0.08,51.07976695,5203.942,,,188.269025,177.4406,97.436667,97.03807787
SWE,4/30/22,0.794178273,13.91731971,-1.25,51.07976695,5259.548,,,188.269025,158.5289,97.436667,97.03807787
SWE,7/31/22,0.430340367,13.91731971,-1.93,51.07976695,5276.968,,,188.269025,148.5067,97.436667,97.03807787
SWE,10/31/22,-0.80478744,13.91731971,0.11,51.07976695,5282.641,,,188.269025,148.9199,97.436667,97.03807787
SWE,1/31/23,0.413378202,,-0.99,,5326.007,,,,162.584,,
SWE,4/30/23,-0.828032504,,-0.3,,5358.361,,,,163.3719,,
FRA,4/30/18,0.478239404,8.662426596,0.17,58.59504132,27010.92,2.04,1.57,107.5169,114.8468,99.248333,98.53676313
FRA,7/31/18,0.447037899,8.662426596,0.38,58.59504132,27052.86,2.06,1.54,107.5169,114.5222,99.248333,98.53676313
FRA,10/31/18,0.51593347,8.662426596,1.18,58.59504132,27072.48,1.88,1.51,107.5169,105.1777,99.248333,98.53676313
FRA,1/31/19,0.703254186,9.214215647,0.6,57.29446187,27052.74,1.96,1.5,111.09995,106.4145,98.470833,99.39090078
FRA,4/30/19,0.679859178,9.214215647,-0.18,57.29446187,27190.12,1.92,1.49,111.09995,113.229,98.470833,99.39090078
FRA,7/31/19,0.082803829,9.214215647,0.57,57.29446187,27036.5,2.09,1.34,111.09995,114.589,98.470833,99.39090078
FRA,10/31/19,-0.4247615,9.214215647,0.63,57.29446187,27249.34,1.99,1.23,111.09995,120.5176,98.470833,99.39090078
FRA,1/31/20,-5.241986804,15.46020818,-1.21,57.76607613,27244.64,2.02,1.17,116.888,113.5848,100,100.2448977
FRA,4/30/20,-13.1418028,15.46020818,-2.33,57.76607613,26718,1.87,1.36,116.888,96.17435,100,100.2448977
FRA,7/31/20,17.37797819,15.46020818,3.34,57.76607613,26905.1,1.44,1.29,116.888,103.3739,100,100.2448977
FRA,10/31/20,-0.625705985,15.46020818,1.86,57.76607613,27113.46,1.66,1.28,116.888,109.3986,100,100.2448977
FRA,1/31/21,0.051009861,12.80653428,-1.17,57.96799087,27342.54,1.52,1.24,124.37985,120.086,100.550833,100.1698802
FRA,4/30/21,0.920155891,12.80653428,0.72,57.96799087,27674.71,1.64,1.15,124.37985,132.126,100.550833,100.1698802
FRA,7/31/21,2.987327428,12.80653428,0.36,57.96799087,27899.02,1.77,1.12,124.37985,136.9714,100.550833,100.1698802
FRA,10/31/21,0.569056227,12.80653428,1.57,57.96799087,27994.13,1.76,1.13,124.37985,141.532,100.550833,100.1698802
FRA,1/31/22,-0.086840154,,-1.51,58.51184577,28163.98,1.55,1.12,132.09725,139.4587,98.9,97.03687909
FRA,4/30/22,0.379176499,,-0.72,58.51184577,28328.85,1.66,1.19,132.09725,129.9106,98.9,97.03687909
FRA,7/31/22,0.31497136,,0.56,58.51184577,28438.42,2.05,1.45,132.09725,126.0002,98.9,97.03687909
FRA,10/31/22,0.110836299,,1.4,58.51184577,28433.16,2.53,1.77,132.09725,129.3106,98.9,97.03687909
FRA,1/31/23,0.019235362,,-0.41,,28537.11,3.11,2.2,,143.5057,,
FRA,4/30/23,0.525750247,,0.07,,28643.25,3.55,2.72,,147.5968,,
GRC,4/30/18,0.205694998,-14.70393537,3.74,42.34923767,3818.028,5.08,2.85,64.35095,107.5014,,98.30570975
GRC,7/31/18,-0.17217682,-14.70393537,-4.27,42.34923767,3843.896,5.44,3.04,64.35095,98.38707,,98.30570975
GRC,10/31/18,0.807814548,-14.70393537,1.43,42.34923767,3862.221,5.07,2.95,64.35095,85.21928,,98.30570975
GRC,1/31/19,0.659522676,-10.07787246,3.39,42.61938897,3891.352,5.05,3.33,68.997575,90.15636,,97.74202822
GRC,4/30/19,1.081793477,-10.07787246,2.63,42.61938897,3920.633,5.23,3.13,68.997575,106.2809,,97.74202822
GRC,7/31/19,-0.389130544,-10.07787246,-2.37,42.61938897,3919.113,4.89,3.25,68.997575,116.0294,,97.74202822
GRC,10/31/19,-0.364531321,-10.07787246,-0.41,42.61938897,3913.002,4.92,2.97,68.997575,118.5714,,97.74202822
GRC,1/31/20,-1.780152727,-5.056368995,-1.53,45.43524799,3928.06,4.59,2.86,72.098875,108.186,,96.96116469
GRC,4/30/20,-13.43970169,-5.056368995,0.51,45.43524799,3844.315,4.59,2.7,72.098875,84.5856,,96.96116469
GRC,7/31/20,5.415681068,-5.056368995,4.84,45.43524799,3852.956,4.31,2.98,72.098875,86.03898,,96.96116469
GRC,10/31/20,4.025627608,-5.056368995,-5.5,45.43524799,3876.269,5.53,2.86,72.098875,93.37524,,96.96116469
GRC,1/31/21,3.332891893,-3.095674181,7.29,43.75283703,3762.774,4.49,2.54,77.559675,108.3851,,95.92959349
GRC,4/30/21,1.285211579,-3.095674181,-1.12,43.75283703,3906.964,4.54,2.78,77.559675,121.3394,,95.92959349
GRC,7/31/21,3.225463157,-3.095674181,4.99,43.75283703,4003.232,4.21,2.77,77.559675,120.1423,,95.92959349
GRC,10/31/21,0.514157679,-3.095674181,,43.75283703,4038.93,4.35,2.92,77.559675,120.8976,,95.92959349
GRC,1/31/22,2.727020831,,,40.04187236,4127.804,4.36,2.86,86.772525,122.6671,,100.3817496
GRC,4/30/22,0.504221298,,,40.04187236,4136.673,4.67,2.83,86.772525,119.1519,,100.3817496
GRC,7/31/22,0.264726728,,,40.04187236,4141.397,4.7,3.01,86.772525,113.1136,,100.3817496
GRC,10/31/22,1.193790764,,,40.04187236,4156.626,5.77,3.69,86.772525,119.3559,,100.3817496
GRC,1/31/23,-0.004243194,,,,4180.942,6.37,3.73,,140.4675,,
GRC,4/30/23,1.263901891,,,,4200.822,7.02,3.88,,157.5491,,