LOCATION,TIME,QGDP,HHSAV,HHDI,ECT,EMP,CLIR
AUS,1995-01-31,0.012789781,4.720235033,,53.30011197,67.09098,
AUS,1995-04-30,0.419946207,4.720235033,,53.30011197,67.61976,
AUS,1995-07-31,2.261019595,4.720235033,,53.30011197,67.81106,
AUS,1995-10-31,-0.018478794,4.720235033,,53.30011197,67.92979,
AUS,1996-01-31,1.646925525,6.253161393,,54.20781821,67.89287,
AUS,1996-04-30,0.637186891,6.253161393,,54.20781821,67.76708,
AUS,1996-07-31,0.799296148,6.253161393,,54.20781821,67.56139,
AUS,1996-10-31,0.931677019,6.253161393,,54.20781821,67.44862,
AUS,1997-01-31,0.628896825,3.293847873,,53.33779639,67.43929,
AUS,1997-04-30,2.985567074,3.293847873,,53.33779639,67.24577,
AUS,1997-07-31,0.127777198,3.293847873,,53.33779639,67.18067,
AUS,1997-10-31,1.455098799,3.293847873,,53.33779639,67.48669,
AUS,1998-01-31,0.649088709,0.767646301,,53.79038968,67.5249,
AUS,1998-04-30,0.932011951,0.767646301,,53.79038968,67.72675,
AUS,1998-07-31,1.903486416,0.767646301,,53.79038968,67.87541,
AUS,1998-10-31,1.515103209,0.767646301,,53.79038968,68.03841,
AUS,1999-01-31,0.730018704,0.315686526,,53.23610772,67.99277,
AUS,1999-04-30,0.324949768,0.315686526,,53.23610772,68.06248,
AUS,1999-07-31,1.158502476,0.315686526,,53.23610772,68.2617,
AUS,1999-10-31,1.696859223,0.315686526,,53.23610772,68.5567,
AUS,2000-01-31,0.401444664,1.591989195,,53.65577213,68.51747,
AUS,2000-04-30,0.91969778,1.591989195,,53.65577213,69.11311,
AUS,2000-07-31,0.277602022,1.591989195,,53.65577213,69.65802,
AUS,2000-10-31,-0.370983354,1.591989195,,53.65577213,69.05267,
AUS,2001-01-31,1.035525522,2.721199978,,52.7149488,68.90578,
AUS,2001-04-30,0.815860378,2.721199978,,52.7149488,69.13612,
AUS,2001-07-31,1.173847231,2.721199978,,52.7149488,69.03476,
AUS,2001-10-31,1.217177551,2.721199978,,52.7149488,68.97187,
AUS,2002-01-31,0.753058007,-1.334020808,,52.8792316,69.0402,
AUS,2002-04-30,1.728331961,-1.334020808,,52.8792316,69.08317,
AUS,2002-07-31,0.299909128,-1.334020808,,52.8792316,69.42125,
AUS,2002-10-31,0.81540393,-1.334020808,,52.8792316,69.77407,
AUS,2003-01-31,0.188630055,-0.765395888,,52.43784729,70.15444,
AUS,2003-04-30,0.425225777,-0.765395888,,52.43784729,69.85237,
AUS,2003-07-31,1.741866059,-0.765395888,,52.43784729,69.85674,
AUS,2003-10-31,1.657812814,-0.765395888,,52.43784729,70.07011,
AUS,2004-01-31,0.765430934,0.27883171,,52.3448301,69.98953,
AUS,2004-04-30,0.674499756,0.27883171,,52.3448301,70.17777,
AUS,2004-07-31,0.766439369,0.27883171,,52.3448301,70.18668,
AUS,2004-10-31,0.747634988,0.27883171,,52.3448301,70.79011,
AUS,2005-01-31,0.758685822,-0.825982271,,51.8220877,71.17281,
AUS,2005-04-30,0.449909251,-0.825982271,,51.8220877,71.57612,
AUS,2005-07-31,1.126804371,-0.825982271,,51.8220877,71.71719,
AUS,2005-10-31,0.771446147,-0.825982271,,51.8220877,71.61091,
AUS,2006-01-31,0.101554111,-0.20629131,,51.91231023,71.63669,
AUS,2006-04-30,0.229512286,-0.20629131,,51.91231023,71.9687,
AUS,2006-07-31,1.488690323,-0.20629131,,51.91231023,72.41865,
AUS,2006-10-31,1.282372689,-0.20629131,,51.91231023,72.432,
AUS,2007-01-31,1.383440683,0.970453805,,52.06509628,72.48216,
AUS,2007-04-30,0.665828079,0.970453805,1.43,52.06509628,72.76987,
AUS,2007-07-31,1.124869178,0.970453805,0.08,52.06509628,72.88504,
AUS,2007-10-31,0.410583942,0.970453805,1.16,52.06509628,73.05726,
AUS,2008-01-31,1.005776595,7.686531458,1.11,50.09411703,73.23557,
AUS,2008-04-30,0.3290074,7.686531458,0.12,50.09411703,73.30029,
AUS,2008-07-31,0.676864901,7.686531458,0.06,50.09411703,73.18706,
AUS,2008-10-31,-0.412244161,7.686531458,5.15,50.09411703,73.00613,
AUS,2009-01-31,0.923212155,5.645295108,-2.25,50.53411108,72.46384,
AUS,2009-04-30,0.724369816,5.645295108,2.45,50.53411108,72.04186,
AUS,2009-07-31,0.337082888,5.645295108,-3.04,50.53411108,71.73898,
AUS,2009-10-31,0.765596268,5.645295108,0.77,50.53411108,71.92456,
AUS,2010-01-31,0.431602448,7.363248676,0.62,50.46480132,72.10731,
AUS,2010-04-30,0.645116572,7.363248676,0.08,50.46480132,72.06341,
AUS,2010-07-31,0.682549365,7.363248676,1.85,50.46480132,72.45774,
AUS,2010-10-31,0.843066505,7.363248676,2.21,50.46480132,72.83595,
AUS,2011-01-31,-0.30015262,7.948585342,0.66,50.75518823,72.8946,
AUS,2011-04-30,1.269830471,7.948585342,-0.28,50.75518823,72.65271,
AUS,2011-07-31,1.364758612,7.948585342,0.54,50.75518823,72.63012,
AUS,2011-10-31,1.072041471,7.948585342,0.92,50.75518823,72.44868,
AUS,2012-01-31,0.970739636,6.541727372,-1.19,51.24929591,72.45183,
AUS,2012-04-30,0.724128413,6.541727372,0.72,51.24929591,72.39378,
AUS,2012-07-31,0.576151209,6.541727372,-2.54,51.24929591,72.29718,
AUS,2012-10-31,0.476459773,6.541727372,0.86,51.24929591,72.23671,
AUS,2013-01-31,0.466452771,7.407071087,0.73,51.14405211,72.32061,
AUS,2013-04-30,0.383995137,7.407071087,-0.2,51.14405211,72.07904,
AUS,2013-07-31,0.805270864,7.407071087,0.01,51.14405211,71.87262,
AUS,2013-10-31,0.804441575,7.407071087,0.99,51.14405211,71.63584,
AUS,2014-01-31,0.777343203,7.612173147,0.3,51.92679741,71.57872,
AUS,2014-04-30,0.46267593,7.612173147,1.09,51.92679741,71.5243,
AUS,2014-07-31,0.436386796,7.612173147,0.1,51.92679741,71.51868,
AUS,2014-10-31,0.372170726,7.612173147,0.55,51.92679741,71.46951,
AUS,2015-01-31,0.931333997,6.104797365,-0.35,52.6760397,71.83887,
AUS,2015-04-30,0.079647049,6.104797365,0.59,52.6760397,72.02122,
AUS,2015-07-31,1.012804558,6.104797365,-0.21,52.6760397,72.11708,
AUS,2015-10-31,0.616621011,6.104797365,-1.19,52.6760397,72.51007,
AUS,2016-01-31,0.906955376,5.483067864,0.25,50.85281779,72.54881,
AUS,2016-04-30,0.626050164,5.483067864,0.52,50.85281779,72.41713,
AUS,2016-07-31,0.071473653,5.483067864,0.01,50.85281779,72.34456,
AUS,2016-10-31,1.070294879,5.483067864,-0.07,50.85281779,72.28725,
AUS,2017-01-31,0.330189167,4.871475372,0.11,50.81587022,72.42339,
AUS,2017-04-30,0.599304313,4.871475372,-0.35,50.81587022,72.79155,
AUS,2017-07-31,0.930245889,4.871475372,0.04,50.81587022,73.17734,
AUS,2017-10-31,0.487001462,4.871475372,1.15,50.81587022,73.46988,
AUS,2018-01-31,0.992495226,5.706899105,-0.12,50.47152565,73.65382,
AUS,2018-04-30,0.714921003,5.706899105,0.22,50.47152565,73.58951,
AUS,2018-07-31,0.438767086,5.706899105,-0.05,50.47152565,73.75949,
AUS,2018-10-31,0.241640866,5.706899105,0.66,50.47152565,73.96333,
AUS,2019-01-31,0.565688899,12.2218128,0.16,51.48317657,74.07294,
AUS,2019-04-30,0.401594619,12.2218128,-0.8,51.48317657,74.17422,
AUS,2019-07-31,0.709203244,12.2218128,2.03,51.48317657,74.44659,
AUS,2019-10-31,0.531500413,12.2218128,-0.83,51.48317657,74.41254,
AUS,2020-01-31,-0.207851303,15.33103285,0.91,51.07031822,74.51093,
AUS,2020-04-30,-6.713785015,15.33103285,3.42,51.07031822,70.48043,
AUS,2020-07-31,3.788415415,15.33103285,3.51,51.07031822,72.05723,
AUS,2020-10-31,3.349996508,15.33103285,-2.59,51.07031822,73.56229,
AUS,2021-01-31,2.129787678,13.02784245,0.87,49.04116889,74.34381,
AUS,2021-04-30,0.676470255,13.02784245,-1.46,49.04116889,75.13034,
AUS,2021-07-31,-2.081502347,13.02784245,3.97,49.04116889,74.80534,
AUS,2021-10-31,3.88480599,13.02784245,-1.35,49.04116889,75.3378,
AUS,2022-01-31,0.619193903,,-0.37,48.91696938,76.69986,
AUS,2022-04-30,0.723268248,,-1.59,48.91696938,77.13078,
AUS,2022-07-31,0.674356247,,-0.7,48.91696938,77.5108,
AUS,2022-10-31,0.652830803,,-2.85,48.91696938,77.56709,
AUS,2023-01-31,0.372295866,,-1.09,,77.47282,
AUS,2023-04-30,0.355691512,,-0.53,,77.51906,
GBR,1995-01-31,0.250800926,10.12745225,,49.6592942,69.2086,
GBR,1995-04-30,0.182819088,10.12745225,,49.6592942,69.42632,
GBR,1995-07-31,1.001778287,10.12745225,,49.6592942,69.63885,
GBR,1995-10-31,0.178658391,10.12745225,,49.6592942,69.94743,
GBR,1996-01-31,0.404140934,9.026638465,,48.6581821,69.90453,
GBR,1996-04-30,0.039821691,9.026638465,,48.6581821,69.93823,
GBR,1996-07-31,1.063589112,9.026638465,,48.6581821,70.01639,
GBR,1996-10-31,0.99572411,9.026638465,,48.6581821,70.33995,
GBR,1997-01-31,1.532448804,6.382320039,,50.57042911,70.76462,
GBR,1997-04-30,1.061110574,6.382320039,,50.57042911,71.02432,
GBR,1997-07-31,0.934035136,6.382320039,,50.57042911,71.07834,
GBR,1997-10-31,1.45499958,6.382320039,,50.57042911,71.19907,
GBR,1998-01-31,0.600514803,3.155790501,,50.87336948,71.27648,
GBR,1998-04-30,0.532167608,3.155790501,,50.87336948,71.2774,
GBR,1998-07-31,0.300977384,3.155790501,,50.87336948,71.56174,
GBR,1998-10-31,0.625417867,3.155790501,,50.87336948,71.78155,
GBR,1999-01-31,0.71753313,1.930887269,,52.85707419,71.85828,
GBR,1999-04-30,0.404129602,1.930887269,,52.85707419,71.88622,
GBR,1999-07-31,1.680630967,1.930887269,,52.85707419,72.11771,
GBR,1999-10-31,1.44958507,1.930887269,,52.85707419,72.2747,
GBR,2000-01-31,1.161303589,4.063876159,,53.82652415,72.26537,
GBR,2000-04-30,0.654921704,4.063876159,,53.82652415,72.47532,
GBR,2000-07-31,0.510036966,4.063876159,,53.82652415,72.62865,
GBR,2000-10-31,0.429040478,4.063876159,,53.82652415,72.49927,
GBR,2001-01-31,0.856367003,3.914465849,,54.87427712,72.64088,
GBR,2001-04-30,0.366006178,3.914465849,,54.87427712,72.67834,
GBR,2001-07-31,0.460117524,3.914465849,,54.87427712,72.5294,
GBR,2001-10-31,0.162426854,3.914465849,,54.87427712,72.58215,
GBR,2002-01-31,0.347322027,3.726676072,,54.0624181,72.45824,
GBR,2002-04-30,0.525863509,3.726676072,,54.0624181,72.68372,
GBR,2002-07-31,0.725898944,3.726676072,,54.0624181,72.57182,
GBR,2002-10-31,0.838067847,3.726676072,,54.0624181,72.87263,
GBR,2003-01-31,0.633321254,2.354463899,,53.91934977,72.68249,
GBR,2003-04-30,0.856305203,2.354463899,,53.91934977,72.88149,
GBR,2003-07-31,0.985626756,2.354463899,,53.91934977,72.78049,
GBR,2003-10-31,0.777338573,2.354463899,,53.91934977,72.76896,
GBR,2004-01-31,0.44474421,2.69558676,,54.88867198,73.03226,
GBR,2004-04-30,0.529076685,2.69558676,,54.88867198,72.87817,
GBR,2004-07-31,0.238714305,2.69558676,,54.88867198,72.86763,
GBR,2004-10-31,0.316186089,2.69558676,,54.88867198,73.04147,
GBR,2005-01-31,0.750302595,2.222884063,,54.83536073,73.07851,
GBR,2005-04-30,0.946491587,2.222884063,,54.83536073,72.89326,
GBR,2005-07-31,0.857838571,2.222884063,,54.83536073,73.04482,
GBR,2005-10-31,1.043946134,2.222884063,,54.83536073,72.67564,
GBR,2006-01-31,0.344745269,2.655546964,,55.14647488,72.90321,
GBR,2006-04-30,0.235756048,2.655546964,,55.14647488,72.84257,
GBR,2006-07-31,0.142617665,2.655546964,,55.14647488,72.81538,
GBR,2006-10-31,0.436638333,2.655546964,,55.14647488,72.70507,
GBR,2007-01-31,1.040825177,3.881429513,,56.11944829,72.50254,
GBR,2007-04-30,0.658963332,3.881429513,-1.15,56.11944829,72.64994,
GBR,2007-07-31,0.760831396,3.881429513,1.23,56.11944829,72.68157,
GBR,2007-10-31,0.660700654,3.881429513,-0.31,56.11944829,72.90926,
GBR,2008-01-31,0.484699608,3.018094045,-1.52,55.18330845,72.97685,
GBR,2008-04-30,-0.476414117,3.018094045,0.83,55.18330845,72.90055,
GBR,2008-07-31,-1.513153285,3.018094045,-1.83,55.18330845,72.43549,
GBR,2008-10-31,-2.235659661,3.018094045,1.68,55.18330845,72.17339,
GBR,2009-01-31,-1.940930979,5.743894716,-1.43,55.81267046,71.67367,
GBR,2009-04-30,-0.286786226,5.743894716,2.56,55.81267046,70.83978,
GBR,2009-07-31,0.132204777,5.743894716,-0.63,55.81267046,70.61582,
GBR,2009-10-31,0.341005222,5.743894716,0.62,55.81267046,70.55235,
GBR,2010-01-31,0.949826918,6.840930941,-0.12,55.67455692,70.19494,
GBR,2010-04-30,1.143742541,6.840930941,0.08,55.67455692,70.42103,
GBR,2010-07-31,0.63431984,6.840930941,-0.63,55.67455692,70.70692,
GBR,2010-10-31,0.137385936,6.840930941,-0.94,55.67455692,70.39026,
GBR,2011-01-31,0.253645895,4.163674033,-2.89,55.52740205,70.54754,
GBR,2011-04-30,0.05554265,4.163674033,1.54,55.52740205,70.45168,
GBR,2011-07-31,0.153660086,4.163674033,-0.22,55.52740205,70.10457,
GBR,2011-10-31,-0.041728047,4.163674033,-0.9,55.52740205,70.21859,
GBR,2012-01-31,0.830481781,3.368760217,1.95,54.8291014,70.46846,
GBR,2012-04-30,-0.056038575,3.368760217,0.83,54.8291014,70.90865,
GBR,2012-07-31,1.242536205,3.368760217,-0.54,54.8291014,71.1291,
GBR,2012-10-31,-0.101464519,3.368760217,-0.45,54.8291014,71.40636,
GBR,2013-01-31,0.234370798,2.881404326,-0.95,54.9065907,71.17896,
GBR,2013-04-30,0.678973491,2.881404326,2.13,54.9065907,71.3327,
GBR,2013-07-31,0.749008394,2.881404326,1.67,54.9065907,71.65405,
GBR,2013-10-31,0.642727656,2.881404326,0.55,54.9065907,71.99537,
GBR,2014-01-31,0.937213186,1.814653693,-0.43,53.88260626,72.46066,
GBR,2014-04-30,0.874234419,1.814653693,-0.1,53.88260626,72.8286,
GBR,2014-07-31,0.759640948,1.814653693,-0.09,53.88260626,73.04346,
GBR,2014-10-31,0.650659625,1.814653693,1.16,53.88260626,73.20126,
GBR,2015-01-31,0.412696486,4.40537274,1.83,54.09624173,73.43697,
GBR,2015-04-30,0.632878074,4.40537274,2.18,54.09624173,73.38264,
GBR,2015-07-31,0.430890009,4.40537274,1.84,54.09624173,73.77586,
GBR,2015-10-31,0.738668699,4.40537274,-0.28,54.09624173,74.11207,
GBR,2016-01-31,0.365381448,0.733349705,-0.62,54.18678823,74.1339,
GBR,2016-04-30,0.629457625,0.733349705,-0.04,54.18678823,74.4164,
GBR,2016-07-31,0.441599466,0.733349705,-0.85,54.18678823,74.44731,
GBR,2016-10-31,0.64995375,0.733349705,-0.87,54.18678823,74.56567,
GBR,2017-01-31,0.73915971,-0.594800966,-0.12,53.82347999,74.7702,
GBR,2017-04-30,0.536199019,-0.594800966,1.99,53.82347999,75.1051,
GBR,2017-07-31,0.515931658,-0.594800966,0.05,53.82347999,75.0079,
GBR,2017-10-31,0.627325988,-0.594800966,-0.13,53.82347999,75.17477,
GBR,2018-01-31,0.149766105,-0.641014052,1.01,54.26032227,75.56041,
GBR,2018-04-30,0.454842112,-0.641014052,-0.54,54.26032227,75.54796,
GBR,2018-07-31,0.555787083,-0.641014052,0.21,54.26032227,75.55437,
GBR,2018-10-31,0.257173624,-0.641014052,0.99,54.26032227,75.83325,
GBR,2019-01-31,0.630363596,-0.514135922,-0.32,54.4938939,76.05743,
GBR,2019-04-30,0.109963441,-0.514135922,1.41,54.4938939,76.1029,
GBR,2019-07-31,0.610854174,-0.514135922,-0.06,54.4938939,76.04663,
GBR,2019-10-31,-0.025112203,-0.514135922,0.44,54.4938939,76.47201,
GBR,2020-01-31,-2.640828448,11.21452975,-1.33,57.69066422,76.32597,
GBR,2020-04-30,-20.99137261,11.21452975,-2.44,57.69066422,75.71138,
GBR,2020-07-31,16.60861429,11.21452975,3.12,57.69066422,74.92329,
GBR,2020-10-31,1.213880983,11.21452975,0.16,57.69066422,74.57873,
GBR,2021-01-31,-1.052939341,6.703948677,0.27,56.49035784,74.67038,
GBR,2021-04-30,6.52844295,6.703948677,0.37,56.49035784,75.01875,
GBR,2021-07-31,1.733513287,6.703948677,-0.61,56.49035784,75.33553,
GBR,2021-10-31,1.525013404,6.703948677,-0.77,56.49035784,75.4696,
GBR,2022-01-31,0.487184155,2.018848561,-0.54,55.26914619,75.62624,
GBR,2022-04-30,0.05129824,2.018848561,-1.51,55.26914619,75.51773,
GBR,2022-07-31,-0.093938796,2.018848561,0.07,55.26914619,75.47619,
GBR,2022-10-31,0.129018134,2.018848561,1.44,55.26914619,75.62912,
GBR,2023-01-31,0.14462236,,-0.27,,75.87716,
GBR,2023-04-30,0.204720013,,0.92,,75.73028,
DNK,1995-01-31,0.514218948,-0.711369612,,57.80221431,,
DNK,1995-04-30,-0.286098332,-0.711369612,,57.80221431,,
DNK,1995-07-31,0.4170515,-0.711369612,,57.80221431,,
DNK,1995-10-31,0.731687334,-0.711369612,,57.80221431,,
DNK,1996-01-31,0.015030293,-2.213616522,,58.31440868,,
DNK,1996-04-30,2.708013266,-2.213616522,,58.31440868,,
DNK,1996-07-31,0.282819107,-2.213616522,,58.31440868,,
DNK,1996-10-31,0.034009024,-2.213616522,,58.31440868,,
DNK,1997-01-31,1.255106285,-5.090624013,,58.20246653,,
DNK,1997-04-30,1.717487195,-5.090624013,,58.20246653,,
DNK,1997-07-31,-0.282299164,-5.090624013,,58.20246653,,
DNK,1997-10-31,-0.013656432,-5.090624013,,58.20246653,,
DNK,1998-01-31,1.507787696,-3.518602655,,59.92862794,,
DNK,1998-04-30,-0.7552173,-3.518602655,,59.92862794,,
DNK,1998-07-31,1.837315059,-3.518602655,,59.92862794,,
DNK,1998-10-31,0.320757081,-3.518602655,,59.92862794,,
DNK,1999-01-31,0.906036323,-7.014292762,,60.02832844,76.23036,
DNK,1999-04-30,0.516383093,-7.014292762,,60.02832844,76.2831,
DNK,1999-07-31,0.618053367,-7.014292762,,60.02832844,76.19152,
DNK,1999-10-31,1.398796059,-7.014292762,,60.02832844,75.45797,
DNK,2000-01-31,0.975099668,-5.693942348,,57.935752,76.23196,
DNK,2000-04-30,1.138417342,-5.693942348,,57.935752,76.29978,
DNK,2000-07-31,0.276238214,-5.693942348,,57.935752,75.99363,
DNK,2000-10-31,0.977800167,-5.693942348,,57.935752,76.50726,
DNK,2001-01-31,-1.085721803,0.353706452,,59.00381811,75.85252,
DNK,2001-04-30,0.488181251,0.353706452,,59.00381811,75.77052,
DNK,2001-07-31,0.897826274,0.353706452,,59.00381811,76.39447,
DNK,2001-10-31,-0.197216541,0.353706452,,59.00381811,76.64211,
DNK,2002-01-31,-0.033566445,1.412260242,,59.60235647,76.12943,
DNK,2002-04-30,-0.009920153,1.412260242,,59.60235647,76.34785,
DNK,2002-07-31,0.340052292,1.412260242,,59.60235647,75.55202,
DNK,2002-10-31,-0.330022229,1.412260242,,59.60235647,75.47443,
DNK,2003-01-31,0.535905782,2.18458284,,59.96912351,75.1536,
DNK,2003-04-30,-0.930017583,2.18458284,,59.96912351,75.02673,
DNK,2003-07-31,0.343466356,2.18458284,,59.96912351,75.46121,
DNK,2003-10-31,1.86298281,2.18458284,,59.96912351,74.90863,
DNK,2004-01-31,0.481617502,-1.90641469,,59.08604313,75.19052,
DNK,2004-04-30,0.595381652,-1.90641469,,59.08604313,75.91872,
DNK,2004-07-31,0.235625688,-1.90641469,,59.08604313,76.11991,
DNK,2004-10-31,1.08087338,-1.90641469,,59.08604313,75.46352,
DNK,2005-01-31,-0.362985061,-4.272723521,,59.43171694,75.82848,
DNK,2005-04-30,1.968906957,-4.272723521,,59.43171694,75.44421,
DNK,2005-07-31,0.111335017,-4.272723521,,59.43171694,75.64292,
DNK,2005-10-31,0.324723372,-4.272723521,,59.43171694,76.66906,
DNK,2006-01-31,1.256661041,-1.525675758,,59.4242431,77.09027,
DNK,2006-04-30,2.982414581,-1.525675758,,59.4242431,76.85973,
DNK,2006-07-31,-0.666822567,-1.525675758,,59.4242431,77.72849,
DNK,2006-10-31,-0.271021311,-1.525675758,,59.4242431,77.80993,
DNK,2007-01-31,0.33129799,-3.033895175,,61.19524499,77.51102,
DNK,2007-04-30,-0.447886765,-3.033895175,-1.13,61.19524499,77.13626,
DNK,2007-07-31,0.939515371,-3.033895175,1.93,61.19524499,76.56695,
DNK,2007-10-31,1.005988508,-3.033895175,-0.2,61.19524499,76.84611,
DNK,2008-01-31,-0.041561001,-4.099243166,0.65,61.4589774,76.21871,
DNK,2008-04-30,-0.922683985,-4.099243166,-0.31,61.4589774,76.64254,
DNK,2008-07-31,-0.584136662,-4.099243166,0.44,61.4589774,76.41454,
DNK,2008-10-31,-2.361480698,-4.099243166,1.37,61.4589774,76.07382,
DNK,2009-01-31,-1.423447795,0.65682461,-0.17,63.68451022,74.41787,
DNK,2009-04-30,-1.938341181,0.65682461,-1.84,63.68451022,73.67532,
DNK,2009-07-31,0.345762915,0.65682461,1.38,63.68451022,73.38243,
DNK,2009-10-31,0.090743262,0.65682461,-0.2,63.68451022,72.62,
DNK,2010-01-31,0.863569079,1.837064158,-2.07,61.02529124,71.64055,
DNK,2010-04-30,0.683517919,1.837064158,0.19,61.02529124,71.93808,
DNK,2010-07-31,1.585373276,1.837064158,0.59,61.02529124,71.7272,
DNK,2010-10-31,-0.225049653,1.837064158,0.06,61.02529124,71.97096,
DNK,2011-01-31,0.217842912,0.799634991,-2.02,60.64179391,71.62181,
DNK,2011-04-30,1.002326552,0.799634991,0.57,60.64179391,71.85135,
DNK,2011-07-31,-1.243706016,0.799634991,-0.05,60.64179391,71.57557,
DNK,2011-10-31,0.817187733,0.799634991,0.52,60.64179391,71.43858,
DNK,2012-01-31,-0.069457024,0.122214384,-1.59,59.74718146,70.99736,
DNK,2012-04-30,0.075250259,0.122214384,1.74,59.74718146,71.06165,
DNK,2012-07-31,0.093894243,0.122214384,0.45,59.74718146,70.74648,
DNK,2012-10-31,-0.16162989,0.122214384,-0.8,59.74718146,71.3531,
DNK,2013-01-31,0.563835211,2.339886842,-0.24,59.52858791,70.95861,
DNK,2013-04-30,0.074281939,2.339886842,0.07,59.52858791,70.78273,
DNK,2013-07-31,0.633381867,2.339886842,0.34,59.52858791,70.50648,
DNK,2013-10-31,0.201104009,2.339886842,-0.89,59.52858791,70.7338,
DNK,2014-01-31,0.253255592,-2.898057536,0.63,59.20623011,70.46458,
DNK,2014-04-30,-0.072441775,-2.898057536,-0.51,59.20623011,71.07438,
DNK,2014-07-31,1.673875429,-2.898057536,0.1,59.20623011,71.12337,
DNK,2014-10-31,0.358693362,-2.898057536,0.92,59.20623011,71.78793,
DNK,2015-01-31,0.684680081,3.908631984,-0.46,59.36538727,71.71051,
DNK,2015-04-30,0.467773075,3.908631984,0.03,59.36538727,72.0916,
DNK,2015-07-31,0.301652901,3.908631984,-0.74,59.36538727,71.84384,
DNK,2015-10-31,0.222825124,3.908631984,0.97,59.36538727,72.27383,
DNK,2016-01-31,1.152059046,5.613164192,0.23,59.21978034,72.18234,
DNK,2016-04-30,1.352637774,5.613164192,-0.75,59.21978034,72.87206,
DNK,2016-07-31,0.848381829,5.613164192,2.56,59.21978034,72.69739,
DNK,2016-10-31,0.720496974,5.613164192,-1.77,59.21978034,73.03913,
DNK,2017-01-31,0.654390627,6.0336031,0.99,58.65507617,72.82792,
DNK,2017-04-30,1.117777678,6.0336031,1.64,58.65507617,73.21941,
DNK,2017-07-31,-0.366774101,6.0336031,-0.61,58.65507617,73.15768,
DNK,2017-10-31,0.75496245,6.0336031,-0.33,58.65507617,73.74973,
DNK,2018-01-31,0.512055136,5.424600994,0.59,59.03938538,73.58279,
DNK,2018-04-30,0.502598831,5.424600994,-0.62,59.03938538,74.26997,
DNK,2018-07-31,0.602133078,5.424600994,0.61,59.03938538,74.21649,
DNK,2018-10-31,0.499343436,5.424600994,1.69,59.03938538,74.44853,
DNK,2019-01-31,-0.218151328,4.28351761,-0.16,59.3979151,74.58764,
DNK,2019-04-30,1.005162294,4.28351761,1.4,59.3979151,75.21154,
DNK,2019-07-31,0.457313711,4.28351761,-0.35,59.3979151,75.04589,
DNK,2019-10-31,-0.304142897,4.28351761,-0.1,59.3979151,75.24259,
DNK,2020-01-31,-1.021091997,5.698015455,1.4,60.20103864,75.03075,
DNK,2020-04-30,-6.04002957,5.698015455,-4.57,60.20103864,74.20911,
DNK,2020-07-31,5.555475678,5.698015455,5.59,60.20103864,73.94755,
DNK,2020-10-31,1.039550846,5.698015455,0.06,60.20103864,74.4271,
DNK,2021-01-31,1.579360542,2.545705334,-0.14,57.72624122,74.07334,
DNK,2021-04-30,2.93649594,2.545705334,0.55,57.72624122,75.74265,
DNK,2021-07-31,0.750351775,2.545705334,2.22,57.72624122,75.65335,
DNK,2021-10-31,2.424338645,2.545705334,-3.9,57.72624122,76.67849,
DNK,2022-01-31,-0.900468906,6.820327902,-2.54,55.15910184,76.47567,
DNK,2022-04-30,0.868663536,6.820327902,3.52,55.15910184,77.12208,
DNK,2022-07-31,-0.096688017,6.820327902,-0.68,55.15910184,76.77078,
DNK,2022-10-31,0.50928716,6.820327902,-2.4,55.15910184,76.75014,
DNK,2023-01-31,0.735889452,,2.55,,76.90761,
DNK,2023-04-30,0.315772817,,1.49,,76.68279,
ESP,1995-01-31,1.139887818,4.899162765,,51.54746997,,
ESP,1995-04-30,0.626475344,4.899162765,,51.54746997,,
ESP,1995-07-31,0.404785766,4.899162765,,51.54746997,,
ESP,1995-10-31,0.747758398,4.899162765,,51.54746997,,
ESP,1996-01-31,0.596091367,5.899175757,,51.35595058,,
ESP,1996-04-30,0.744412778,5.899175757,,51.35595058,,
ESP,1996-07-31,0.857968292,5.899175757,,51.35595058,,
ESP,1996-10-31,0.521448142,5.899175757,,51.35595058,,
ESP,1997-01-31,1.02024876,6.955856663,,52.71550307,,
ESP,1997-04-30,0.912896259,6.955856663,,52.71550307,,
ESP,1997-07-31,1.191036053,6.955856663,,52.71550307,,
ESP,1997-10-31,1.366050308,6.955856663,,52.71550307,,
ESP,1998-01-31,0.881427181,7.176570321,,53.21272921,,
ESP,1998-04-30,1.134158547,7.176570321,,53.21272921,,
ESP,1998-07-31,0.945725553,7.176570321,,53.21272921,,
ESP,1998-10-31,1.086423705,7.176570321,,53.21272921,,
ESP,1999-01-31,1.003493424,6.179617935,,53.63349919,52.92431,
ESP,1999-04-30,1.192424139,6.179617935,,53.63349919,53.5539,
ESP,1999-07-31,1.330389822,6.179617935,,53.63349919,54.1268,
ESP,1999-10-31,1.121813248,6.179617935,,53.63349919,54.76043,
ESP,2000-01-31,1.604993102,6.59963291,,53.68937907,55.4664,
ESP,2000-04-30,1.258317872,6.59963291,,53.68937907,56.01584,
ESP,2000-07-31,1.080112971,6.59963291,,53.68937907,56.50467,
ESP,2000-10-31,1.018595501,6.59963291,,53.68937907,57.0307,
ESP,2001-01-31,1.066791396,6.449971405,,52.71233168,57.41948,
ESP,2001-04-30,0.745368702,6.449971405,,52.71233168,57.58123,
ESP,2001-07-31,0.931995265,6.449971405,,52.71233168,58.00433,
ESP,2001-10-31,0.680507295,6.449971405,,52.71233168,58.25555,
ESP,2002-01-31,0.430755321,6.083096508,,52.49091492,58.55236,
ESP,2002-04-30,0.821027301,6.083096508,,52.49091492,58.88678,
ESP,2002-07-31,0.616873221,6.083096508,,52.49091492,59.00801,
ESP,2002-10-31,0.748338211,6.083096508,,52.49091492,59.28777,
ESP,2003-01-31,0.936732447,7.079615937,,52.18366139,59.5823,
ESP,2003-04-30,0.526951735,7.079615937,,52.18366139,59.98309,
ESP,2003-07-31,0.659827719,7.079615937,,52.18366139,60.3773,
ESP,2003-10-31,0.852443519,7.079615937,,52.18366139,60.71799,
ESP,2004-01-31,0.60844005,5.070497321,,52.27960664,60.87252,
ESP,2004-04-30,0.983144346,5.070497321,,52.27960664,60.97043,
ESP,2004-07-31,0.941201225,5.070497321,,52.27960664,61.43408,
ESP,2004-10-31,0.671859278,5.070497321,,52.27960664,62.03017,
ESP,2005-01-31,0.981551608,4.26515099,,52.26186615,62.69128,
ESP,2005-04-30,0.888808271,4.26515099,,52.26186615,63.42702,
ESP,2005-07-31,0.967356128,4.26515099,,52.26186615,63.93763,
ESP,2005-10-31,1.001443906,4.26515099,,52.26186615,64.25174,
ESP,2006-01-31,1.150570686,2.360106009,,52.54358562,64.64392,
ESP,2006-04-30,0.975689234,2.360106009,,52.54358562,64.91988,
ESP,2006-07-31,0.929862547,2.360106009,,52.54358562,65.09422,
ESP,2006-10-31,0.948808227,2.360106009,,52.54358562,65.47921,
ESP,2007-01-31,0.9203708,0.772101258,,52.4595712,65.68576,
ESP,2007-04-30,0.902488869,0.772101258,-1.67,52.4595712,65.92802,
ESP,2007-07-31,0.767469701,0.772101258,-2.49,52.4595712,65.86322,
ESP,2007-10-31,0.630260395,0.772101258,4.15,52.4595712,65.77824,
ESP,2008-01-31,0.221135567,3.076824841,-0.43,53.21255056,65.64638,
ESP,2008-04-30,0.115662067,3.076824841,-1.2,53.21255056,65.02801,
ESP,2008-07-31,-0.182712679,3.076824841,-1.33,53.21255056,64.26681,
ESP,2008-10-31,-1.627125163,3.076824841,2.5,53.21255056,62.99928,
ESP,2009-01-31,-2.600341016,6.945862657,-1.73,52.89632701,60.88344,
ESP,2009-04-30,-0.004460138,6.945862657,0.81,52.89632701,60.20499,
ESP,2009-07-31,0.213724455,6.945862657,-0.16,52.89632701,59.56884,
ESP,2009-10-31,-0.03523569,6.945862657,-0.9,52.89632701,59.18679,
ESP,2010-01-31,-0.022261964,5.064689321,0.32,53.45755719,59.03159,
ESP,2010-04-30,0.156239562,5.064689321,-0.76,53.45755719,58.92616,
ESP,2010-07-31,-0.048540272,5.064689321,-1.71,53.45755719,58.75511,
ESP,2010-10-31,0.052271008,5.064689321,-0.97,53.45755719,58.64045,
ESP,2011-01-31,-0.150061692,5.907505498,1.22,52.36763687,58.45913,
ESP,2011-04-30,-0.310222499,5.907505498,-0.62,52.36763687,58.59709,
ESP,2011-07-31,-0.645826509,5.907505498,-0.98,52.36763687,57.84103,
ESP,2011-10-31,-0.663137427,5.907505498,-2.26,52.36763687,57.14187,
ESP,2012-01-31,-0.931195619,2.224017155,-1.82,50.76217069,56.61037,
ESP,2012-04-30,-0.958602679,2.224017155,-2.95,50.76217069,56.00866,
ESP,2012-07-31,-0.519688187,2.224017155,0.02,50.76217069,55.41293,
ESP,2012-10-31,-0.740714981,2.224017155,-4.05,50.76217069,54.96614,
ESP,2013-01-31,-0.307528213,3.981490346,3.79,50.12141166,54.82571,
ESP,2013-04-30,-0.088247812,3.981490346,-0.1,50.12141166,54.63324,
ESP,2013-07-31,-0.036737262,3.981490346,-0.94,50.12141166,54.70524,
ESP,2013-10-31,0.166160366,3.981490346,-1.02,50.12141166,55.04271,
ESP,2014-01-31,0.367288312,2.276141899,-0.2,50.35426452,55.29606,
ESP,2014-04-30,0.471333071,2.276141899,-0.3,50.35426452,55.85238,
ESP,2014-07-31,0.734260997,2.276141899,2.6,50.35426452,56.02806,
ESP,2014-10-31,0.859167269,2.276141899,2.42,50.35426452,56.70244,
ESP,2015-01-31,1.147481028,3.170023062,0.34,50.34796741,56.99836,
ESP,2015-04-30,1.079096045,3.170023062,-0.08,50.34796741,57.77417,
ESP,2015-07-31,0.905855831,3.170023062,1.74,50.34796741,57.97565,
ESP,2015-10-31,0.973057209,3.170023062,-0.24,50.34796741,58.54147,
ESP,2016-01-31,0.680244742,2.97293333,1.07,49.81112821,59.05557,
ESP,2016-04-30,0.414833758,2.97293333,1.56,49.81112821,59.36935,
ESP,2016-07-31,0.856627103,2.97293333,-0.96,49.81112821,59.70239,
ESP,2016-10-31,0.543757017,2.97293333,0.04,49.81112821,60.05648,
ESP,2017-01-31,0.78518249,1.64594967,0.42,49.69277997,60.4362,
ESP,2017-04-30,1.02435951,1.64594967,1.32,49.69277997,60.97816,
ESP,2017-07-31,0.629616134,1.64594967,-0.49,49.69277997,61.32666,
ESP,2017-10-31,0.539328503,1.64594967,1.36,49.69277997,61.57869,
ESP,2018-01-31,0.427001157,1.424500621,-0.9,50.12502065,61.72099,
ESP,2018-04-30,0.585880251,1.424500621,0.34,50.12502065,62.39845,
ESP,2018-07-31,0.52041551,1.424500621,0.38,50.12502065,62.5775,
ESP,2018-10-31,0.659258956,1.424500621,1.4,50.12502065,62.87325,
ESP,2019-01-31,0.608861527,4.162587014,0.9,51.3620079,63.00329,
ESP,2019-04-30,0.346200217,4.162587014,1.87,51.3620079,63.59224,
ESP,2019-07-31,0.295000101,4.162587014,-1.21,51.3620079,63.28215,
ESP,2019-10-31,0.217169436,4.162587014,0.37,51.3620079,63.35347,
ESP,2020-01-31,-5.48725517,13.66229914,-1.62,54.91173124,62.67451,
ESP,2020-04-30,-17.82625592,13.66229914,-7.72,54.91173124,59.3508,
ESP,2020-07-31,16.63793363,13.66229914,11.23,54.91173124,60.67383,
ESP,2020-10-31,-0.058975087,13.66229914,-2.45,54.91173124,61.08115,
ESP,2021-01-31,-0.228663315,9.652908166,-0.81,54.19915667,61.22124,
ESP,2021-04-30,1.352205559,9.652908166,0.56,54.19915667,62.5013,
ESP,2021-07-31,3.108188446,9.652908166,3.28,54.19915667,63.37902,
ESP,2021-10-31,2.26529089,9.652908166,-1.52,54.19915667,63.8891,
ESP,2022-01-31,-0.573839954,2.949576534,-3.66,52.46656419,64.10294,
ESP,2022-04-30,2.791828726,2.949576534,-0.52,52.46656419,64.58621,
ESP,2022-07-31,0.387178437,2.949576534,-1.32,52.46656419,64.54653,
ESP,2022-10-31,0.414004686,2.949576534,5.11,52.46656419,64.38895,
ESP,2023-01-31,0.520072656,,1.81,,64.65857,
ESP,2023-04-30,0.420518918,,0.37,,65.43542,
SVN,1995-04-30,0.383404701,,,63.29510616,,
SVN,1995-07-31,0.15962365,,,63.29510616,,
SVN,1995-10-31,0.22185475,,,63.29510616,,
SVN,1996-01-31,0.528992002,,,61.47473595,,
SVN,1996-04-30,1.35187569,,,61.47473595,,
SVN,1996-07-31,1.249493328,,,61.47473595,,
SVN,1996-10-31,1.728440227,,,61.47473595,,
SVN,1997-01-31,0.37804217,,,58.555913,,
SVN,1997-04-30,2.473145589,,,58.555913,,
SVN,1997-07-31,0.853855964,,,58.555913,,
SVN,1997-10-31,0.325355098,,,58.555913,,
SVN,1998-01-31,0.561280222,,,57.65117504,,
SVN,1998-04-30,0.822355229,,,57.65117504,,
SVN,1998-07-31,0.776364657,,,57.65117504,,
SVN,1998-10-31,0.747583567,,,57.65117504,,
SVN,1999-01-31,1.758607068,,,56.86178087,62.27492,
SVN,1999-04-30,4.193562182,,,56.86178087,62.38001,
SVN,1999-07-31,-2.663302823,,,56.86178087,61.95286,
SVN,1999-10-31,1.803879648,,,56.86178087,62.12201,
SVN,2000-01-31,1.180346002,,,57.87375309,62.11891,
SVN,2000-04-30,1.29660777,,,57.87375309,62.48549,
SVN,2000-07-31,1.15971345,,,57.87375309,63.40491,
SVN,2000-10-31,0.817766316,,,57.87375309,63.30103,
SVN,2001-01-31,1.334753225,,,57.96451727,63.73252,
SVN,2001-04-30,0.013271641,,,57.96451727,63.3608,
SVN,2001-07-31,0.6361671,,,57.96451727,64.42924,
SVN,2001-10-31,1.148136384,,,57.96451727,63.69827,
SVN,2002-01-31,1.410509579,,,57.44781374,64.51485,
SVN,2002-04-30,-0.463409334,,,57.44781374,64.08062,
SVN,2002-07-31,1.305660281,,,57.44781374,62.67928,
SVN,2002-10-31,1.891799717,,,57.44781374,62.47449,
SVN,2003-01-31,-0.116873584,,,56.90107869,62.6809,
SVN,2003-04-30,-0.016212906,,,56.90107869,62.28661,
SVN,2003-07-31,1.597885502,,,56.90107869,61.73469,
SVN,2003-10-31,0.690334914,,,56.90107869,63.53072,
SVN,2004-01-31,0.887532094,,,57.00100251,64.46694,
SVN,2004-04-30,1.260774726,,,57.00100251,65.42506,
SVN,2004-07-31,1.04063511,,,57.00100251,66.06341,
SVN,2004-10-31,0.332805874,,,57.00100251,65.18873,
SVN,2005-01-31,0.845156934,,,57.15589428,65.94121,
SVN,2005-04-30,1.869553608,,,57.15589428,65.73303,
SVN,2005-07-31,0.84492569,,,57.15589428,65.80481,
SVN,2005-10-31,1.753541794,,,57.15589428,66.33722,
SVN,2006-01-31,0.594749672,,,56.60269773,66.73712,
SVN,2006-04-30,2.325787895,,,56.60269773,66.89896,
SVN,2006-07-31,1.654971147,,,56.60269773,66.38535,
SVN,2006-10-31,2.132414821,,,56.60269773,66.27369,
SVN,2007-01-31,1.870188866,,,55.99493851,66.80905,
SVN,2007-04-30,1.413297639,,-0.42,55.99493851,68.16347,
SVN,2007-07-31,1.930550976,,1.51,55.99493851,68.23823,
SVN,2007-10-31,0.033975843,,-1.37,55.99493851,67.8708,
SVN,2008-01-31,1.778993646,,-1.3,57.08101529,67.90482,
SVN,2008-04-30,1.741702102,,1.88,57.08101529,68.19833,
SVN,2008-07-31,-0.681419068,,4.64,57.08101529,69.27701,
SVN,2008-10-31,-3.873274953,,1.36,57.08101529,68.92123,
SVN,2009-01-31,-4.214746237,,-3.32,59.21699028,66.72104,
SVN,2009-04-30,-1.03841211,,-0.69,59.21699028,67.25755,
SVN,2009-07-31,0.12650548,,-2.52,59.21699028,67.4234,
SVN,2009-10-31,-0.237556653,,-0.67,59.21699028,66.87045,
SVN,2010-01-31,0.00798541,,3.12,60.00775455,66.21341,
SVN,2010-04-30,1.794039134,,-1.5,60.00775455,65.89261,
SVN,2010-07-31,0.248756123,,-1.2,60.00775455,65.04119,5.57
SVN,2010-10-31,0.464285202,,-0.07,60.00775455,65.11599,5.43
SVN,2011-01-31,0.742270105,,1.28,58.6439876,63.84311,5.48
SVN,2011-04-30,-0.622091402,,0.69,58.6439876,63.81987,5.79
SVN,2011-07-31,-0.086857472,,-0.76,58.6439876,63.80459,5.93
SVN,2011-10-31,0.013428356,,-1.9,58.6439876,63.87435,6.12
SVN,2012-01-31,-0.550249185,,2.51,58.73485003,64.11067,5.89
SVN,2012-04-30,-1.907949732,,-5.8,58.73485003,63.26339,5.78
SVN,2012-07-31,0.334822344,,-0.01,58.73485003,63.35395,5.62
SVN,2012-10-31,-2.079262155,,-0.59,58.73485003,63.59185,5.5
SVN,2013-01-31,0.234048748,,-0.56,57.35994501,62.80345,5.57
SVN,2013-04-30,0.22385197,,-0.74,57.35994501,62.51348,5.82
SVN,2013-07-31,0.089178577,,0.35,57.35994501,63.17988,5.45
SVN,2013-10-31,1.93245964,,0.46,57.35994501,62.57861,5.41
SVN,2014-01-31,0.028850052,,0.68,56.58428149,62.85583,5.14
SVN,2014-04-30,0.90521601,,-0.21,56.58428149,63.76513,5.01
SVN,2014-07-31,0.61588441,,0.35,56.58428149,63.3826,4.78
SVN,2014-10-31,0.061986556,,1.27,56.58428149,63.50657,4.52
SVN,2015-01-31,0.451685706,,-0.18,56.36914497,63.83179,4.25
SVN,2015-04-30,0.806515264,,1.35,56.36914497,64.78153,3.64
SVN,2015-07-31,0.610869506,,1.56,56.36914497,65.36559,3.56
SVN,2015-10-31,-0.005158075,,-0.02,56.36914497,64.71085,3.47
SVN,2016-01-31,1.134788999,,3.23,56.99756309,64.40385,3.33
SVN,2016-04-30,1.313020776,,0.03,56.99756309,65.51113,2.96
SVN,2016-07-31,0.915725166,,1.19,56.99756309,65.26746,2.88
SVN,2016-10-31,0.757285226,,0.17,56.99756309,66.24228,2.98
SVN,2017-01-31,1.755199742,,-0.19,56.85319715,67.47336,3.16
SVN,2017-04-30,1.210033087,,1.25,56.85319715,68.33721,3.24
SVN,2017-07-31,0.909242771,,1.05,56.85319715,69.26065,2.86
SVN,2017-10-31,2.28325146,,0.96,56.85319715,69.72653,2.68
SVN,2018-01-31,0.043271611,,0.88,57.10093702,69.75183,2.74
SVN,2018-04-30,1.330210134,,0.39,57.10093702,70.42151,2.85
SVN,2018-07-31,1.369940225,,1.29,57.10093702,70.96375,2.62
SVN,2018-10-31,1.201631171,,1.89,57.10093702,71.19575,2.7
SVN,2019-01-31,0.620001989,,0.95,58.00709099,71.3707,2.84
SVN,2019-04-30,-0.376670489,,0.99,58.00709099,71.8536,2.74
SVN,2019-07-31,1.649736459,,-0.6,58.00709099,71.04496,2.55
SVN,2019-10-31,1.184951184,,-1.68,58.00709099,70.91153,2.59
SVN,2020-01-31,-4.691597387,,9.08,60.65503293,71.33343,2.95
SVN,2020-04-30,-9.800753862,,-6.24,60.65503293,69.37788,3.22
SVN,2020-07-31,13.00451334,,3.34,60.65503293,69.48947,2.65
SVN,2020-10-31,-1.253408569,,1.73,60.65503293,70.07561,2.77
SVN,2021-01-31,1.778404022,,2.65,60.03867238,69.00964,2.62
SVN,2021-04-30,1.890392747,,-2.57,60.03867238,71.67484,2.43
SVN,2021-07-31,2.902131652,,4.12,60.03867238,72.76155,2.36
SVN,2021-10-31,3.401129616,,-0.46,60.03867238,72.32367,2.14
SVN,2022-01-31,1.16375008,,1.03,59.10823807,73.16875,2.32
SVN,2022-04-30,0.612437275,,-2.83,59.10823807,73.01576,2.17
SVN,2022-07-31,-1.269412403,,-0.76,59.10823807,73.39708,2.24
SVN,2022-10-31,0.798187563,,0.25,59.10823807,72.93623,3.5
SVN,2023-01-31,0.744497995,,4.23,,72.04592,4.34
SVN,2023-04-30,1.363298169,,-0.42,,72.95356,4.48
NLD,1995-01-31,0.680302747,10.34053914,,55.29548173,,
NLD,1995-04-30,0.784550155,10.34053914,,55.29548173,,
NLD,1995-07-31,0.785696194,10.34053914,,55.29548173,,
NLD,1995-10-31,0.712376003,10.34053914,,55.29548173,,
NLD,1996-01-31,0.410827909,8.920778164,,55.21526582,,
NLD,1996-04-30,1.114967157,8.920778164,,55.21526582,,
NLD,1996-07-31,1.400073112,8.920778164,,55.21526582,,
NLD,1996-10-31,0.710941146,8.920778164,,55.21526582,,
NLD,1997-01-31,1.090973276,8.759733037,,54.53141942,,
NLD,1997-04-30,1.041229521,8.759733037,,54.53141942,,
NLD,1997-07-31,1.45275968,8.759733037,,54.53141942,,
NLD,1997-10-31,1.282980368,8.759733037,,54.53141942,,
NLD,1998-01-31,1.349037285,6.922986312,,54.75806565,,
NLD,1998-04-30,0.715690359,6.922986312,,54.75806565,,
NLD,1998-07-31,0.853584161,6.922986312,,54.75806565,,
NLD,1998-10-31,0.915112376,6.922986312,,54.75806565,,
NLD,1999-01-31,1.666753831,4.679948448,,55.74624424,,
NLD,1999-04-30,1.112901909,4.679948448,,55.74624424,,
NLD,1999-07-31,1.37722889,4.679948448,,55.74624424,,
NLD,1999-10-31,1.406875109,4.679948448,,55.74624424,,
NLD,2000-01-31,0.62271011,4.079335163,,55.85833547,71.81953,
NLD,2000-04-30,1.116802889,4.079335163,,55.85833547,72.70621,
NLD,2000-07-31,0.825163363,4.079335163,,55.85833547,73.33804,
NLD,2000-10-31,1.299729489,4.079335163,,55.85833547,73.83019,
NLD,2001-01-31,0.108520675,5.07381572,,55.54497128,73.94598,
NLD,2001-04-30,0.505669035,5.07381572,,55.54497128,73.97926,
NLD,2001-07-31,0.173787806,5.07381572,,55.54497128,74.20334,
NLD,2001-10-31,0.322515301,5.07381572,,55.54497128,74.3256,
NLD,2002-01-31,-0.610179976,5.100893678,,55.99115956,74.26822,
NLD,2002-04-30,0.348263578,5.100893678,,55.99115956,74.43726,
NLD,2002-07-31,0.155263883,5.100893678,,55.99115956,74.48672,
NLD,2002-10-31,0.149651197,5.100893678,,55.99115956,74.45969,
NLD,2003-01-31,0.017344153,4.783954632,,56.22459748,74.07298,
NLD,2003-04-30,-0.345329821,4.783954632,,56.22459748,73.75138,
NLD,2003-07-31,0.088712714,4.783954632,,56.22459748,73.55392,
NLD,2003-10-31,0.535395784,4.783954632,,56.22459748,73.17964,
NLD,2004-01-31,0.905236953,4.517685357,,55.35467161,73.22832,
NLD,2004-04-30,0.476796103,4.517685357,,55.35467161,73.10111,
NLD,2004-07-31,0.149388239,4.517685357,,55.35467161,73.19926,
NLD,2004-10-31,0.218014009,4.517685357,,55.35467161,72.94102,
NLD,2005-01-31,0.322858268,2.932119379,,54.0881655,70.41714,
NLD,2005-04-30,0.703469864,2.932119379,,54.0881655,70.51377,
NLD,2005-07-31,1.342952261,2.932119379,,54.0881655,70.61476,
NLD,2005-10-31,0.630550925,2.932119379,,54.0881655,70.9585,
NLD,2006-01-31,0.623937874,2.31977652,,52.75401183,71.11403,
NLD,2006-04-30,1.497031303,2.31977652,,52.75401183,71.2098,
NLD,2006-07-31,0.598152747,2.31977652,,52.75401183,71.65397,
NLD,2006-10-31,0.824500468,2.31977652,,52.75401183,72.28758,
NLD,2007-01-31,1.145697378,2.315268923,,52.56459218,72.77247,
NLD,2007-04-30,0.511646773,2.315268923,-0.43,52.56459218,73.2823,
NLD,2007-07-31,1.117501908,2.315268923,1.16,52.56459218,73.75451,
NLD,2007-10-31,1.353023647,2.315268923,-0.14,52.56459218,74.03915,
NLD,2008-01-31,0.327531403,4.203361911,-0.26,53.18342217,74.50661,
NLD,2008-04-30,0.492586831,4.203361911,0.84,53.18342217,74.98191,
NLD,2008-07-31,-0.122148031,4.203361911,0.15,53.18342217,75.1141,
NLD,2008-10-31,-0.659940783,4.203361911,0.12,53.18342217,75.16648,
NLD,2009-01-31,-3.593640784,8.033819148,-1.53,55.63156535,76.69969,
NLD,2009-04-30,0.002508579,8.033819148,4.34,55.63156535,76.41776,
NLD,2009-07-31,0.400707908,8.033819148,-3.27,55.63156535,76.06215,
NLD,2009-10-31,0.602328461,8.033819148,1.98,55.63156535,75.47498,
NLD,2010-01-31,-0.188878543,6.284093952,-1.28,54.2796197,75.23414,
NLD,2010-04-30,0.438962834,6.284093952,-1.19,54.2796197,75.44576,
NLD,2010-07-31,0.441823884,6.284093952,3.44,54.2796197,75.54191,
NLD,2010-10-31,1.128164665,6.284093952,-3.14,54.2796197,75.58325,
NLD,2011-01-31,0.577128695,7.222317731,0.71,54.53628533,75.45016,
NLD,2011-04-30,-0.089398302,7.222317731,1.36,54.53628533,75.52879,
NLD,2011-07-31,0.000390709,7.222317731,-2.27,54.53628533,75.70951,
NLD,2011-10-31,-0.603347144,7.222317731,-0.21,54.53628533,76.0275,
NLD,2012-01-31,-0.208153284,8.953678257,1.4,54.86332744,75.97653,
NLD,2012-04-30,0.050932344,8.953678257,-1.41,54.86332744,75.95175,
NLD,2012-07-31,-0.429226868,8.953678257,0.54,54.86332744,75.94928,
NLD,2012-10-31,-0.699748546,8.953678257,-1.24,54.86332744,75.69904,
NLD,2013-01-31,0.322901448,9.21230362,-1.32,54.50245002,75.37838,
NLD,2013-04-30,-0.180697917,9.21230362,0.38,54.50245002,75.2542,
NLD,2013-07-31,0.603037206,9.21230362,1.06,54.50245002,74.97655,
NLD,2013-10-31,0.634724177,9.21230362,0.72,54.50245002,74.80501,
NLD,2014-01-31,-0.094853292,10.52410236,-0.12,54.25899533,74.32191,
NLD,2014-04-30,0.585474061,10.52410236,0.03,54.25899533,74.4213,
NLD,2014-07-31,0.250188693,10.52410236,-0.22,54.25899533,74.79487,
NLD,2014-10-31,0.895655301,10.52410236,0.83,54.25899533,75.0602,
NLD,2015-01-31,0.594937081,10.18046786,0.08,53.19722632,75.37344,
NLD,2015-04-30,0.308192702,10.18046786,0.77,53.19722632,75.62761,
NLD,2015-07-31,0.345149652,10.18046786,0.76,53.19722632,75.79501,
NLD,2015-10-31,0.016091169,10.18046786,-1.38,53.19722632,75.77619,
NLD,2016-01-31,0.917343894,10.78135233,1.05,53.6504606,75.93318,
NLD,2016-04-30,0.23613902,10.78135233,0.84,53.6504606,76.26641,
NLD,2016-07-31,1.118169233,10.78135233,0.69,53.6504606,76.56997,
NLD,2016-10-31,0.837311055,10.78135233,0.47,53.6504606,76.70876,
NLD,2017-01-31,0.524782008,9.273100274,-0.79,53.33073344,76.94497,
NLD,2017-04-30,0.880814866,9.273100274,0.05,53.33073344,77.20365,
NLD,2017-07-31,0.708234501,9.273100274,0.31,53.33073344,77.54356,
NLD,2017-10-31,0.735463117,9.273100274,0.57,53.33073344,77.79154,
NLD,2018-01-31,0.505577197,9.827950801,0.44,53.39632012,78.05624,3.05
NLD,2018-04-30,0.651351507,9.827950801,1.26,53.39632012,78.48902,3.08
NLD,2018-07-31,0.118766163,9.827950801,0.21,53.39632012,78.95077,3.06
NLD,2018-10-31,0.487706795,9.827950801,0.05,53.39632012,79.28374,3.02
NLD,2019-01-31,0.826416375,12.01949996,0.67,53.6400629,79.4565,3.13
NLD,2019-04-30,0.297512296,12.01949996,1.13,53.6400629,79.7197,2.79
NLD,2019-07-31,0.213677408,12.01949996,-1.14,53.6400629,79.77459,2.56
NLD,2019-10-31,0.572641066,12.01949996,1.8,53.6400629,79.76942,2.19
NLD,2020-01-31,-1.327838614,18.83201719,1.37,56.7529748,80.10939,2.57
NLD,2020-04-30,-8.348639597,18.83201719,-2.19,56.7529748,78.95673,2.25
NLD,2020-07-31,6.376224562,18.83201719,2.37,56.7529748,78.86728,2.39
NLD,2020-10-31,0.634352785,18.83201719,0.81,56.7529748,79.23765,1.76
NLD,2021-01-31,1.224262986,16.97588019,-0.33,54.14430269,79.43129,2.03
NLD,2021-04-30,3.086725669,16.97588019,1.35,54.14430269,79.83975,1.87
NLD,2021-07-31,1.914124475,16.97588019,0.78,54.14430269,80.41928,1.67
NLD,2021-10-31,0.798697174,16.97588019,-1.38,54.14430269,80.84986,1.63
NLD,2022-01-31,0.517007219,12.69610685,1.82,52.53273133,81.37928,1.82
NLD,2022-04-30,1.84199198,12.69610685,0.05,52.53273133,81.8541,2.01
NLD,2022-07-31,-0.185737239,12.69610685,0.38,52.53273133,81.73155,2.33
NLD,2022-10-31,0.86436159,12.69610685,-2.53,52.53273133,82.07525,2.82
NLD,2023-01-31,-0.432351603,,2.76,,82.27949,3.85
NLD,2023-04-30,-0.314952389,,-1.17,,82.50891,3.71
USA,1995-01-31,0.35469547,7.235198255,,59.04708096,72.67052,
USA,1995-04-30,0.298305699,7.235198255,,59.04708096,72.48186,14.1
USA,1995-07-31,0.850664868,7.235198255,,59.04708096,72.50301,14.03
USA,1995-10-31,0.679036536,7.235198255,,59.04708096,72.46884,13.84
USA,1996-01-31,0.748971329,6.793620104,,58.73142423,72.48395,13.8
USA,1996-04-30,1.667883947,6.793620104,,58.73142423,72.69921,13.63
USA,1996-07-31,0.897010936,6.793620104,,58.73142423,73.07024,13.52
USA,1996-10-31,1.038397649,6.793620104,,58.73142423,73.1861,13.37
USA,1997-01-31,0.645560777,6.584661653,,57.07251167,73.15756,13.62
USA,1997-04-30,1.661978105,6.584661653,,57.07251167,73.43915,13.46
USA,1997-07-31,1.250778573,6.584661653,,57.07251167,73.69149,13.81
USA,1997-10-31,0.858743563,6.584661653,,57.07251167,73.73997,13.84
USA,1998-01-31,0.999375401,7.061136616,,58.15496091,73.76094,14.5
USA,1998-04-30,0.925820507,7.061136616,,58.15496091,73.8522,14.06
USA,1998-07-31,1.252764553,7.061136616,,58.15496091,73.82018,13.76
USA,1998-10-31,1.616190702,7.061136616,,58.15496091,73.94707,13.48
USA,1999-01-31,0.943826615,5.19074518,,58.26897265,73.9883,13.75
USA,1999-04-30,0.83500003,5.19074518,,58.26897265,73.89839,13.39
USA,1999-07-31,1.323027026,5.19074518,,58.26897265,73.87026,13.26
USA,1999-10-31,1.642779005,5.19074518,,58.26897265,74.02932,13.38
USA,2000-01-31,0.364447361,4.936920082,,59.23330642,74.26336,13.52
USA,2000-04-30,1.820583008,4.936920082,,59.23330642,74.26682,13.76
USA,2000-07-31,0.099774128,4.936920082,,59.23330642,73.85538,13.89
USA,2000-10-31,0.594361755,4.936920082,,59.23330642,73.97626,13.84
USA,2001-01-31,-0.324221003,5.133991924,,59.13985834,73.92587,14.1
USA,2001-04-30,0.621389215,5.133991924,,59.13985834,73.36373,13.7
USA,2001-07-31,-0.400349016,5.133991924,,59.13985834,72.83227,13.3
USA,2001-10-31,0.277314358,5.133991924,,59.13985834,72.33094,13.25
USA,2002-01-31,0.828227216,5.920684819,,58.25591195,72.16034,12.62
USA,2002-04-30,0.615502456,5.920684819,,58.25591195,71.92752,12.86
USA,2002-07-31,0.403528704,5.920684819,,58.25591195,71.90492,12.57
USA,2002-10-31,0.130655767,5.920684819,,58.25591195,71.66724,12.49
USA,2003-01-31,0.516723187,5.570731599,,57.56998819,71.50294,12.24
USA,2003-04-30,0.893377801,5.570731599,,57.56998819,71.26849,11.7
USA,2003-07-31,1.66689627,5.570731599,,57.56998819,70.97087,12.19
USA,2003-10-31,1.154045728,5.570731599,,57.56998819,71.10416,11.97
USA,2004-01-31,0.572916486,5.133317398,,57.14984135,71.17931,11.97
USA,2004-04-30,0.778738758,5.133317398,,57.14984135,71.14005,11.88
USA,2004-07-31,0.941247225,5.133317398,,57.14984135,71.24058,11.8
USA,2004-10-31,1.022027369,5.133317398,,57.14984135,71.29576,12.02
USA,2005-01-31,1.110882508,2.965590307,,56.31766083,71.26665,11.84
USA,2005-04-30,0.486604478,2.965590307,,56.31766083,71.48653,12.01
USA,2005-07-31,0.78562198,2.965590307,,56.31766083,71.71336,12.05
USA,2005-10-31,0.567928238,2.965590307,,56.31766083,71.62611,12.22
USA,2006-01-31,1.34866612,3.722051239,,56.3078706,71.76883,11.95
USA,2006-04-30,0.245583731,3.722051239,,56.3078706,71.88818,12.18
USA,2006-07-31,0.150456188,3.722051239,,56.3078706,72.05154,12.58
USA,2006-10-31,0.843711696,3.722051239,,56.3078706,72.24934,12.4
USA,2007-01-31,0.293598861,3.491976042,,56.52948875,72.04437,12.49
USA,2007-04-30,0.63843453,3.491976042,0.15,56.52948875,71.7421,12.32
USA,2007-07-31,0.602306657,3.491976042,-0.09,56.52948875,71.66605,12.53
USA,2007-10-31,0.609644003,3.491976042,-0.14,56.52948875,71.6369,12.51
USA,2008-01-31,-0.407429474,4.769546698,0.28,56.63068542,71.50635,12.16
USA,2008-04-30,0.572295345,4.769546698,1.87,56.63068542,71.25231,11.43
USA,2008-07-31,-0.526892902,4.769546698,-2.14,56.63068542,70.73247,11.14
USA,2008-10-31,-2.183097148,4.769546698,1.08,56.63068542,69.96708,11.48
USA,2009-01-31,-1.165722531,6.074201388,-0.29,55.45407859,68.65289,11.44
USA,2009-04-30,-0.169238139,6.074201388,0.4,55.45407859,67.89716,11.05
USA,2009-07-31,0.361929991,6.074201388,-1.45,55.45407859,67.30384,11.25
USA,2009-10-31,1.06796195,6.074201388,-0.07,55.45407859,66.56477,10.89
USA,2010-01-31,0.500053481,6.466189782,0.39,54.56021087,66.72894,11.2
USA,2010-04-30,0.967704639,6.466189782,1.45,54.56021087,66.79053,10.83
USA,2010-07-31,0.77314415,6.466189782,0.35,54.56021087,66.72531,11.0
USA,2010-10-31,0.519595159,6.466189782,0.18,54.56021087,66.44377,10.71
USA,2011-01-31,-0.240916068,7.005762538,0.84,54.6920749,66.6543,10.94
USA,2011-04-30,0.678050751,7.005762538,-0.38,54.6920749,66.49495,10.98
USA,2011-07-31,-0.038767163,7.005762538,0.33,54.6920749,66.58437,11.37
USA,2011-10-31,1.121678183,7.005762538,0.02,54.6920749,66.78328,10.8
USA,2012-01-31,0.817922845,8.853394452,1.32,54.68583143,66.96033,10.36
USA,2012-04-30,0.455859987,8.853394452,0.5,54.68583143,67.03594,10.89
USA,2012-07-31,0.174882978,8.853394452,-0.91,54.68583143,67.12069,10.94
USA,2012-10-31,0.109838067,8.853394452,2.51,54.68583143,67.36121,10.37
USA,2013-01-31,0.867789548,6.31511564,-3.94,54.47850526,67.22652,10.64
USA,2013-04-30,0.13938522,6.31511564,0.65,54.47850526,67.32445,10.12
USA,2013-07-31,0.791653411,6.31511564,0.21,54.47850526,67.45781,10.34
USA,2013-10-31,0.711171002,6.31511564,0.0,54.47850526,67.37549,10.13
USA,2014-01-31,-0.350109737,7.284935359,0.97,54.76892241,67.77213,10.22
USA,2014-04-30,1.284128907,7.284935359,1.03,54.76892241,68.03933,10.09
USA,2014-07-31,1.164961644,7.284935359,0.72,54.76892241,68.2266,9.62
USA,2014-10-31,0.448993402,7.284935359,1.13,54.76892241,68.52819,10.73
USA,2015-01-31,0.813313626,7.781935091,1.19,55.34406031,68.50365,10.47
USA,2015-04-30,0.580001432,7.781935091,0.08,55.34406031,68.72249,9.85
USA,2015-07-31,0.323372673,7.781935091,0.34,55.34406031,68.68228,9.69
USA,2015-10-31,0.146234347,7.781935091,0.36,55.34406031,68.89592,9.8
USA,2016-01-31,0.589179869,7.220444068,0.68,55.34628307,69.24448,9.66
USA,2016-04-30,0.302388807,7.220444068,-0.3,55.34628307,69.22059,10.03
USA,2016-07-31,0.601115379,7.220444068,0.36,55.34628307,69.36547,9.65
USA,2016-10-31,0.496888796,7.220444068,0.46,55.34628307,69.51654,9.64
USA,2017-01-31,0.429663114,7.504951488,0.88,55.56692122,69.79129,9.45
USA,2017-04-30,0.503792981,7.504951488,0.91,55.56692122,70.06439,10.05
USA,2017-07-31,0.827488715,7.504951488,0.53,55.56692122,70.26738,10.13
USA,2017-10-31,1.005660086,7.504951488,0.39,55.56692122,70.28224,9.76
USA,2018-01-31,0.692653861,7.82418552,0.93,55.48669856,70.49175,10.57
USA,2018-04-30,0.697342921,7.82418552,0.76,55.48669856,70.66767,10.22
USA,2018-07-31,0.722035914,7.82418552,0.84,55.48669856,70.73279,10.31
USA,2018-10-31,0.181783198,7.82418552,0.82,55.48669856,70.97482,10.08
USA,2019-01-31,0.54271061,9.133134073,1.09,55.65811481,71.04366,10.65
USA,2019-04-30,0.67300894,9.133134073,-0.22,55.65811481,71.17416,10.36
USA,2019-07-31,0.889966473,9.133134073,0.53,55.65811481,71.46662,10.63
USA,2019-10-31,0.443046894,9.133134073,0.43,55.65811481,71.71152,10.07
USA,2020-01-31,-1.175154201,17.49035854,0.67,57.02389941,71.371,10.21
USA,2020-04-30,-8.484336154,17.49035854,9.99,57.02389941,62.39488,9.63
USA,2020-07-31,7.854483117,17.49035854,-3.34,57.02389941,66.38037,9.5
USA,2020-10-31,0.963213279,17.49035854,-1.82,57.02389941,67.88529,9.26
USA,2021-01-31,1.542791999,12.36290392,11.41,55.80902113,68.39278,9.65
USA,2021-04-30,1.707015905,12.36290392,-7.57,55.80902113,68.90335,9.46
USA,2021-07-31,0.656694491,12.36290392,-1.28,55.80902113,69.75758,9.58
USA,2021-10-31,1.69569402,12.36290392,-1.37,55.80902113,70.55584,9.39
USA,2022-01-31,-0.410338185,,-2.35,,70.97579,9.09
USA,2022-04-30,-0.144633973,,-0.42,,71.27409,9.39
USA,2022-07-31,0.801155209,,0.57,,71.39587,8.73
USA,2022-10-31,0.637397896,,0.14,,71.39834,10.16
USA,2023-01-31,0.496811816,,2.29,,71.78157,11.21
USA,2023-04-30,0.511306154,,0.49,,71.9695,11.48
BEL,1995-01-31,-0.055348257,15.781683,,56.13114174,,
BEL,1995-04-30,0.42061728,15.781683,,56.13114174,,
BEL,1995-07-31,0.599565735,15.781683,,56.13114174,,
BEL,1995-10-31,0.206090819,15.781683,,56.13114174,,
BEL,1996-01-31,-0.201498034,13.94139968,,56.51581321,,
BEL,1996-04-30,0.701793472,13.94139968,,56.51581321,,
BEL,1996-07-31,0.46045354,13.94139968,,56.51581321,,
BEL,1996-10-31,0.78868044,13.94139968,,56.51581321,,
BEL,1997-01-31,1.002376205,13.24442216,,56.25850194,,
BEL,1997-04-30,1.546782044,13.24442216,,56.25850194,,
BEL,1997-07-31,0.881444397,13.24442216,,56.25850194,,
BEL,1997-10-31,0.556978064,13.24442216,,56.25850194,,
BEL,1998-01-31,0.259883446,12.43700265,,56.15971016,,
BEL,1998-04-30,0.332521666,12.43700265,,56.15971016,,
BEL,1998-07-31,0.292275574,12.43700265,,56.15971016,,
BEL,1998-10-31,0.223771857,12.43700265,,56.15971016,,
BEL,1999-01-31,1.04496599,12.68316954,,56.88120035,59.19458,
BEL,1999-04-30,1.368173585,12.68316954,,56.88120035,59.02541,
BEL,1999-07-31,1.452361037,12.68316954,,56.88120035,59.5428,
BEL,1999-10-31,1.18423025,12.68316954,,56.88120035,59.48914,
BEL,2000-01-31,0.711111111,11.45003139,,56.23329691,60.0768,
BEL,2000-04-30,0.719574385,11.45003139,,56.23329691,60.99867,
BEL,2000-07-31,0.463712377,11.45003139,,56.23329691,60.83659,
BEL,2000-10-31,0.977660399,11.45003139,,56.23329691,60.2291,
BEL,2001-01-31,0.056388046,12.87305817,,57.30878084,60.34664,
BEL,2001-04-30,0.017986043,12.87305817,,57.30878084,59.82,
BEL,2001-07-31,-0.190617769,12.87305817,,57.30878084,60.11423,
BEL,2001-10-31,-0.09969491,12.87305817,,57.30878084,59.48209,
BEL,2002-01-31,0.859674646,12.45279195,,58.05707949,59.79707,
BEL,2002-04-30,0.855923515,12.45279195,,58.05707949,59.79333,
BEL,2002-07-31,0.535435677,12.45279195,,58.05707949,60.0922,
BEL,2002-10-31,0.373866936,12.45279195,,58.05707949,59.86895,
BEL,2003-01-31,-0.263543192,11.76971001,,57.43876302,59.31549,
BEL,2003-04-30,0.213740458,11.76971001,,57.43876302,59.45819,
BEL,2003-07-31,0.408990765,11.76971001,,57.43876302,59.36152,
BEL,2003-10-31,0.695603459,11.76971001,,57.43876302,60.22667,
BEL,2004-01-31,1.498661289,10.48160732,,56.20286401,60.07957,
BEL,2004-04-30,0.961516501,10.48160732,,56.20286401,60.58495,
BEL,2004-07-31,0.872053567,10.48160732,,56.20286401,60.1418,
BEL,2004-10-31,0.356570198,10.48160732,,56.20286401,60.51474,
BEL,2005-01-31,0.526251103,10.18473571,,55.62479613,61.20214,
BEL,2005-04-30,0.599075268,10.18473571,,55.62479613,61.13789,
BEL,2005-07-31,0.395532035,10.18473571,,55.62479613,61.00241,
BEL,2005-10-31,0.767038264,10.18473571,,55.62479613,60.95309,
BEL,2006-01-31,0.614857043,10.85632649,,55.64849084,60.52936,
BEL,2006-04-30,0.354937099,10.85632649,,55.64849084,60.60076,
BEL,2006-07-31,0.880418794,10.85632649,,55.64849084,61.02234,
BEL,2006-10-31,1.135413316,10.85632649,,55.64849084,61.78792,
BEL,2007-01-31,1.417379597,11.23807433,,55.48328723,61.82721,
BEL,2007-04-30,0.456797608,11.23807433,,55.48328723,61.79429,
BEL,2007-07-31,0.77208828,11.23807433,,55.48328723,62.02352,
BEL,2007-10-31,0.405803087,11.23807433,,55.48328723,62.53598,
BEL,2008-01-31,0.431929904,11.88596584,,57.20934825,62.72627,
BEL,2008-04-30,0.063486862,11.88596584,,57.20934825,62.27111,
BEL,2008-07-31,-0.584322554,11.88596584,,57.20934825,62.43763,
BEL,2008-10-31,-2.168833441,11.88596584,,57.20934825,62.16187,
BEL,2009-01-31,-0.97325393,12.1672895,,58.44874362,61.95055,
BEL,2009-04-30,0.047812829,12.1672895,,58.44874362,61.57531,
BEL,2009-07-31,1.263779444,12.1672895,,58.44874362,61.24948,
BEL,2009-10-31,0.802290461,12.1672895,,58.44874362,61.63769,
BEL,2010-01-31,0.518118543,9.25756708,,56.94860751,62.04634,
BEL,2010-04-30,0.985354241,9.25756708,,56.94860751,61.55378,
BEL,2010-07-31,0.417149241,9.25756708,,56.94860751,61.86898,
BEL,2010-10-31,0.505236083,9.25756708,,56.94860751,62.57756,
BEL,2011-01-31,0.481369771,8.349677754,,57.47248968,61.41132,2.75
BEL,2011-04-30,0.207189998,8.349677754,,57.47248968,62.57045,3.02
BEL,2011-07-31,0.286440473,8.349677754,,57.47248968,61.58015,3.09
BEL,2011-10-31,0.29165661,8.349677754,,57.47248968,62.12311,2.99
BEL,2012-01-31,0.214596578,7.86810855,,57.90326909,61.70138,2.74
BEL,2012-04-30,-0.00100064,7.86810855,,57.90326909,61.90487,2.48
BEL,2012-07-31,0.243158053,7.86810855,,57.90326909,61.96707,2.27
BEL,2012-10-31,-0.045918265,7.86810855,,57.90326909,61.81831,2.38
BEL,2013-01-31,-0.274637479,6.579136425,,58.01254015,61.49181,2.12
BEL,2013-04-30,0.583834884,6.579136425,,58.01254015,62.13394,2.14
BEL,2013-07-31,0.309637595,6.579136425,,58.01254015,62.13242,2.21
BEL,2013-10-31,0.218360116,6.579136425,,58.01254015,61.4353,2.26
BEL,2014-01-31,0.429826386,6.405556126,,57.18559752,61.74064,2.36
BEL,2014-04-30,0.265272916,6.405556126,,57.18559752,62.06428,2.42
BEL,2014-07-31,0.690442001,6.405556126,,57.18559752,61.78819,2.24
BEL,2014-10-31,0.522583418,6.405556126,,57.18559752,62.01436,1.97
BEL,2015-01-31,0.519866681,5.526058377,,55.75328367,62.17054,1.92
BEL,2015-04-30,0.671848114,5.526058377,,55.75328367,61.52732,1.94
BEL,2015-07-31,0.191087084,5.526058377,,55.75328367,61.85969,1.95
BEL,2015-10-31,0.416906268,5.526058377,,55.75328367,61.62839,1.91
BEL,2016-01-31,0.057265569,5.44057453,,55.15493863,61.7994,1.92
BEL,2016-04-30,0.549434826,5.44057453,,55.15493863,62.10813,1.87
BEL,2016-07-31,0.175503505,5.44057453,,55.15493863,61.98391,1.86
BEL,2016-10-31,0.513277018,5.44057453,,55.15493863,63.27509,1.83
BEL,2017-01-31,0.651981383,5.366834636,,55.2144991,62.36855,1.81
BEL,2017-04-30,0.241505195,5.366834636,,55.2144991,62.99173,1.79
BEL,2017-07-31,-0.06443299,5.366834636,,55.2144991,63.23503,1.8
BEL,2017-10-31,0.801726796,5.366834636,,55.2144991,63.95924,1.79
BEL,2018-01-31,0.372646625,4.661473999,,55.21364171,64.08044,1.79
BEL,2018-04-30,0.452534656,4.661473999,,55.21364171,63.92128,1.75
BEL,2018-07-31,0.390736331,4.661473999,,55.21364171,64.85996,1.76
BEL,2018-10-31,0.977159917,4.661473999,,55.21364171,65.02241,1.75
BEL,2019-01-31,0.273895575,5.53656675,,54.90439487,64.68071,1.74
BEL,2019-04-30,0.553530566,5.53656675,,54.90439487,65.73598,1.73
BEL,2019-07-31,0.727681583,5.53656675,,54.90439487,65.64047,1.73
BEL,2019-10-31,0.595620803,5.53656675,,54.90439487,65.10603,1.71
BEL,2020-01-31,-2.89034274,14.05192345,,55.68236518,65.19974,1.68
BEL,2020-04-30,-11.39814434,14.05192345,,55.68236518,64.01067,1.68
BEL,2020-07-31,11.75639147,14.05192345,,55.68236518,64.51317,1.66
BEL,2020-10-31,-0.487440109,14.05192345,,55.68236518,64.01466,1.66
BEL,2021-01-31,1.424953383,10.45686409,,53.95317071,63.67085,1.72
BEL,2021-04-30,1.76805788,10.45686409,,53.95317071,65.1045,1.71
BEL,2021-07-31,2.346713164,10.45686409,,53.95317071,66.27142,1.72
BEL,2021-10-31,0.575202199,10.45686409,,53.95317071,66.06574,1.71
BEL,2022-01-31,0.616443141,5.7538594,,53.87040782,66.5118,1.71
BEL,2022-04-30,0.533696652,5.7538594,,53.87040782,66.16142,1.68
BEL,2022-07-31,0.314202108,5.7538594,,53.87040782,66.8001,1.82
BEL,2022-10-31,0.055071292,5.7538594,,53.87040782,66.66911,2.83
BEL,2023-01-31,0.370666598,,,,66.78615,3.89
BEL,2023-04-30,0.155087912,,,,66.15978,4.79
POL,1995-04-30,1.865988382,,,45.20176632,,
POL,1995-07-31,2.838460234,,,45.20176632,,
POL,1995-10-31,1.209795705,,,45.20176632,,
POL,1996-01-31,2.124300164,,,46.74490647,,
POL,1996-04-30,2.019627722,,,46.74490647,,
POL,1996-07-31,1.084773899,,,46.74490647,,
POL,1996-10-31,-3.476244766,,,46.74490647,,
POL,1997-01-31,6.286989647,,,47.91711863,,
POL,1997-04-30,1.386437826,,,47.91711863,,
POL,1997-07-31,0.38391071,,,47.91711863,,
POL,1997-10-31,1.72481512,,,47.91711863,,
POL,1998-01-31,1.964189915,,,48.04527055,,
POL,1998-04-30,0.014038771,,,48.04527055,,
POL,1998-07-31,0.959667315,,,48.04527055,,
POL,1998-10-31,0.308432128,,,48.04527055,,
POL,1999-01-31,0.804491994,9.946498988,,48.05577419,,
POL,1999-04-30,2.094611466,9.946498988,,48.05577419,,
POL,1999-07-31,2.000763315,9.946498988,,48.05577419,,
POL,1999-10-31,1.480659278,9.946498988,,48.05577419,,
POL,2000-01-31,0.661094166,10.15317673,,46.35643558,55.40475,
POL,2000-04-30,1.102590764,10.15317673,,46.35643558,55.13938,
POL,2000-07-31,0.326862597,10.15317673,,46.35643558,54.82799,
POL,2000-10-31,1.859534914,10.15317673,,46.35643558,54.60408,
POL,2001-01-31,-0.372304468,11.65555406,,47.24582949,54.17782,
POL,2001-04-30,-0.316909202,11.65555406,,47.24582949,53.60994,
POL,2001-07-31,0.492107405,11.65555406,,47.24582949,53.16905,
POL,2001-10-31,0.029050801,11.65555406,,47.24582949,52.49646,
POL,2002-01-31,0.655182351,8.270141778,,45.45261707,52.04525,
POL,2002-04-30,0.711801489,8.270141778,,45.45261707,51.63474,
POL,2002-07-31,0.965385587,8.270141778,,45.45261707,51.23455,
POL,2002-10-31,0.489394989,8.270141778,,45.45261707,51.05988,
POL,2003-01-31,0.391525492,7.302361979,,44.39865655,51.05812,
POL,2003-04-30,1.703727153,7.302361979,,44.39865655,51.2817,
POL,2003-07-31,1.272740922,7.302361979,,44.39865655,51.16547,
POL,2003-10-31,0.741662547,7.302361979,,44.39865655,51.23969,
POL,2004-01-31,2.291213504,2.779565736,,41.82145549,51.40385,
POL,2004-04-30,0.839455067,2.779565736,,41.82145549,51.47269,
POL,2004-07-31,-0.074094263,2.779565736,,41.82145549,51.62759,
POL,2004-10-31,1.033879653,2.779565736,,41.82145549,52.11121,
POL,2005-01-31,0.722372517,2.12530014,,41.89506044,52.37425,
POL,2005-04-30,0.438111027,2.12530014,,41.89506044,52.42052,
POL,2005-07-31,1.90672766,2.12530014,,41.89506044,53.00558,
POL,2005-10-31,1.753179576,2.12530014,,41.89506044,53.3204,
POL,2006-01-31,1.521124201,2.189098534,,41.69654927,53.41032,
POL,2006-04-30,2.32526989,2.189098534,,41.69654927,54.06461,
POL,2006-07-31,1.611489413,2.189098534,,41.69654927,54.9022,
POL,2006-10-31,-1.455298827,2.189098534,,41.69654927,55.49374,
POL,2007-01-31,4.467024891,1.882025968,,42.22602584,56.15842,
POL,2007-04-30,1.333968389,1.882025968,2.18,42.22602584,56.87173,
POL,2007-07-31,1.738792975,1.882025968,3.19,42.22602584,57.16132,
POL,2007-10-31,1.311975016,1.882025968,-3.96,42.22602584,57.90667,
POL,2008-01-31,1.435146189,0.101100313,2.77,44.29010488,58.7517,
POL,2008-04-30,0.571698706,0.101100313,4.44,44.29010488,59.05636,
POL,2008-07-31,-0.002414728,0.101100313,-1.94,44.29010488,59.45158,
POL,2008-10-31,0.135502433,0.101100313,0.98,44.29010488,59.66581,
POL,2009-01-31,1.448856762,2.481709594,-5.7,42.38669712,57.02766,
POL,2009-04-30,0.207751219,2.481709594,14.35,42.38669712,56.9544,
POL,2009-07-31,0.711779746,2.481709594,-1.31,42.38669712,57.20308,
POL,2009-10-31,1.54119782,2.481709594,2.38,42.38669712,57.51298,
POL,2010-01-31,-0.469699642,4.134781907,-1.09,43.82791267,56.51702,
POL,2010-04-30,1.442285538,4.134781907,-0.8,43.82791267,57.02138,
POL,2010-07-31,1.195115526,4.134781907,0.52,43.82791267,57.22819,
POL,2010-10-31,1.092974982,4.134781907,2.95,43.82791267,57.21609,
POL,2011-01-31,1.512524107,1.368753995,-4.26,43.03870701,57.17878,
POL,2011-04-30,1.243240213,1.368753995,2.74,43.03870701,57.47222,
POL,2011-07-31,1.134260892,1.368753995,-0.89,43.03870701,57.55295,
POL,2011-10-31,0.80905835,1.368753995,3.06,43.03870701,57.66254,
POL,2012-01-31,0.30583304,1.414182299,-1.63,42.8400437,57.77929,
POL,2012-04-30,-0.185193639,1.414182299,1.16,42.8400437,58.06501,
POL,2012-07-31,0.051401625,1.414182299,0.05,42.8400437,58.05706,
POL,2012-10-31,-0.078387932,1.414182299,-1.29,42.8400437,58.2049,
POL,2013-01-31,-0.166096708,2.215268484,0.59,43.15174068,57.87897,
POL,2013-04-30,0.775708853,2.215268484,0.93,43.15174068,58.19672,
POL,2013-07-31,0.739602395,2.215268484,0.71,43.15174068,58.59543,
POL,2013-10-31,0.560064573,2.215268484,-0.79,43.15174068,58.96436,
POL,2014-01-31,1.281800293,3.679885573,4.09,43.26681892,59.39536,
POL,2014-04-30,1.111556105,3.679885573,0.17,43.26681892,59.95841,
POL,2014-07-31,0.795284942,3.679885573,2.65,43.26681892,60.58036,
POL,2014-10-31,0.835638747,3.679885573,0.34,43.26681892,60.95132,
POL,2015-01-31,1.633113499,2.172295295,1.72,42.5188998,61.06717,
POL,2015-04-30,0.553212637,2.172295295,-1.49,42.5188998,61.24381,
POL,2015-07-31,1.342361265,2.172295295,1.5,42.5188998,61.78693,
POL,2015-10-31,0.81350294,2.172295295,0.61,42.5188998,62.31204,
POL,2016-01-31,-0.21648122,4.296320875,4.2,44.13177221,62.85768,
POL,2016-04-30,1.468018129,4.296320875,0.07,44.13177221,63.29235,
POL,2016-07-31,0.567771529,4.296320875,0.81,44.13177221,63.58843,
POL,2016-10-31,1.961256013,4.296320875,1.28,44.13177221,64.15818,
POL,2017-01-31,1.191335457,1.887244703,1.31,44.57346347,64.7024,
POL,2017-04-30,0.97223201,1.887244703,-0.72,44.57346347,65.23061,
POL,2017-07-31,1.461919876,1.887244703,1.92,44.57346347,65.52347,
POL,2017-10-31,1.362597598,1.887244703,0.94,44.57346347,65.62828,
POL,2018-01-31,1.842958657,1.392995784,1.47,45.12116939,66.05994,
POL,2018-04-30,1.400014395,1.392995784,0.57,45.12116939,66.8572,
POL,2018-07-31,1.231238006,1.392995784,1.27,45.12116939,66.95749,
POL,2018-10-31,0.963459911,1.392995784,-0.41,45.12116939,66.7081,
POL,2019-01-31,1.421640089,2.523171646,3.12,45.52913557,66.81823,
POL,2019-04-30,0.916171692,2.523171646,-0.61,45.52913557,67.74899,
POL,2019-07-31,0.729556644,2.523171646,2.61,45.52913557,67.84679,
POL,2019-10-31,0.63968351,2.523171646,-0.19,45.52913557,67.71274,
POL,2020-01-31,0.720183924,9.457812298,4.68,46.50859423,67.70321,
POL,2020-04-30,-9.150453519,9.457812298,0.87,46.50859423,67.29468,
POL,2020-07-31,6.754639959,9.457812298,-2.3,46.50859423,67.89141,
POL,2020-10-31,0.143644705,9.457812298,-3.1,46.50859423,68.43622,
POL,2021-01-31,2.334567158,1.999749443,3.53,45.07894331,69.38984,
POL,2021-04-30,2.486534402,1.999749443,-2.51,45.07894331,70.10421,
POL,2021-07-31,2.175436056,1.999749443,-1.82,45.07894331,70.75173,
POL,2021-10-31,1.882565123,1.999749443,3.07,45.07894331,70.91529,
POL,2022-01-31,3.239885247,-2.886656257,3.07,43.03369582,71.19512,
POL,2022-04-30,-1.389859361,-2.886656257,-4.12,43.03369582,71.2944,
POL,2022-07-31,1.239116865,-2.886656257,3.32,43.03369582,71.14265,
POL,2022-10-31,-2.01422082,-2.886656257,-4.25,43.03369582,71.73232,
POL,2023-01-31,1.595215292,,6.99,,72.13653,
POL,2023-04-30,-2.165208165,,-3.4,,71.8876,
DEU,1995-01-31,-0.358340809,11.38203891,,58.92063074,,
DEU,1995-04-30,0.732410881,11.38203891,,58.92063074,,
DEU,1995-07-31,0.181767974,11.38203891,,58.92063074,,
DEU,1995-10-31,0.038880099,11.38203891,,58.92063074,,
DEU,1996-01-31,-0.819397651,10.94203107,,58.60283707,,
DEU,1996-04-30,1.358419053,10.94203107,,58.60283707,,
DEU,1996-07-31,0.335052057,10.94203107,,58.60283707,,
DEU,1996-10-31,0.744923223,10.94203107,,58.60283707,,
DEU,1997-01-31,-0.519538925,10.55075212,,57.59960384,,
DEU,1997-04-30,1.294372857,10.55075212,,57.59960384,,
DEU,1997-07-31,0.303642807,10.55075212,,57.59960384,,
DEU,1997-10-31,0.756802353,10.55075212,,57.59960384,,
DEU,1998-01-31,0.932589712,10.40459055,,57.33665232,,
DEU,1998-04-30,-0.421677118,10.40459055,,57.33665232,,
DEU,1998-07-31,0.473282397,10.40459055,,57.33665232,,
DEU,1998-10-31,-0.409078755,10.40459055,,57.33665232,,
DEU,1999-01-31,1.157632967,9.822039379,,58.01314109,,
DEU,1999-04-30,0.0,9.822039379,,58.01314109,,
DEU,1999-07-31,1.107426722,9.822039379,,58.01314109,,
DEU,1999-10-31,0.827551167,9.822039379,,58.01314109,,
DEU,2000-01-31,1.427354526,9.331702315,,58.90954349,,
DEU,2000-04-30,0.809232285,9.331702315,,58.90954349,,
DEU,2000-07-31,-0.04721868,9.331702315,,58.90954349,,
DEU,2000-10-31,-0.295266703,9.331702315,,58.90954349,,
DEU,2001-01-31,2.010776181,9.992838779,,58.00386839,,
DEU,2001-04-30,-0.034834056,9.992838779,,58.00386839,,
DEU,2001-07-31,-0.209084841,9.992838779,,58.00386839,,
DEU,2001-10-31,-0.093124034,9.992838779,,58.00386839,,
DEU,2002-01-31,-0.512639575,10.08379804,,57.62445744,,
DEU,2002-04-30,0.433302142,10.08379804,,57.62445744,,
DEU,2002-07-31,0.489740913,10.08379804,,57.62445744,,
DEU,2002-10-31,-0.139242287,10.08379804,,57.62445744,,
DEU,2003-01-31,-1.484464668,10.55142081,,57.53574713,,
DEU,2003-04-30,0.106157035,10.55142081,,57.53574713,,
DEU,2003-07-31,0.765876836,10.55142081,,57.53574713,,
DEU,2003-10-31,0.280634874,10.55142081,,57.53574713,,
DEU,2004-01-31,-0.174910188,10.62403253,,56.21850109,,
DEU,2004-04-30,0.513958986,10.62403253,,56.21850109,,
DEU,2004-07-31,-0.209174421,10.62403253,,56.21850109,,
DEU,2004-10-31,-0.081519882,10.62403253,,56.21850109,,
DEU,2005-01-31,-0.008768854,10.5626812,,55.60150518,65.19444,
DEU,2005-04-30,0.536190341,10.5626812,,55.60150518,65.19944,
DEU,2005-07-31,0.846375621,10.5626812,,55.60150518,65.5234,
DEU,2005-10-31,0.482875613,10.5626812,,55.60150518,65.89368,
DEU,2006-01-31,0.969620036,10.63648548,,54.27683538,66.40794,
DEU,2006-04-30,1.711054282,10.63648548,,54.27683538,66.9909,
DEU,2006-07-31,0.768713538,10.63648548,,54.27683538,67.47513,
DEU,2006-10-31,1.514652417,10.63648548,,54.27683538,67.7817,
DEU,2007-01-31,0.065337033,10.69540337,,53.5751814,68.48769,
DEU,2007-04-30,0.848933291,10.69540337,-0.03,53.5751814,68.81258,
DEU,2007-07-31,0.507234828,10.69540337,0.05,53.5751814,69.18359,
DEU,2007-10-31,0.644263557,10.69540337,0.71,53.5751814,69.36181,
DEU,2008-01-31,0.640137962,10.91175023,0.0,54.62673282,69.81321,
DEU,2008-04-30,-0.233221119,10.91175023,1.07,54.62673282,69.80685,
DEU,2008-07-31,-0.648182614,10.91175023,-0.52,54.62673282,70.35694,
DEU,2008-10-31,-1.593587047,10.91175023,-1.33,54.62673282,70.43853,
DEU,2009-01-31,-4.684265066,10.37442571,1.21,57.31915868,68.92602,
DEU,2009-04-30,0.159631645,10.37442571,-0.15,57.31915868,69.08018,
DEU,2009-07-31,0.557833842,10.37442571,-0.71,57.31915868,69.37293,
DEU,2009-10-31,0.735876428,10.37442571,-0.27,57.31915868,70.21363,
DEU,2010-01-31,0.806426264,10.30679722,0.67,56.10508639,69.65968,
DEU,2010-04-30,2.251943078,10.30679722,0.53,56.10508639,70.13804,
DEU,2010-07-31,0.828610943,10.30679722,0.51,56.10508639,70.5849,4.22
DEU,2010-10-31,0.810990036,10.30679722,0.73,56.10508639,70.88297,4.1
DEU,2011-01-31,1.933482338,10.02073603,-0.12,55.82244565,71.07722,4.04
DEU,2011-04-30,0.094705475,10.02073603,0.57,55.82244565,71.69345,4.35
DEU,2011-07-31,0.883100891,10.02073603,0.79,55.82244565,71.94899,4.4
DEU,2011-10-31,-0.312636449,10.02073603,0.21,55.82244565,72.34257,4.56
DEU,2012-01-31,0.219528258,9.651893613,0.91,56.9191743,71.6693,4.26
DEU,2012-04-30,0.187751358,9.651893613,-0.82,56.9191743,71.974,4.3
DEU,2012-07-31,0.291518152,9.651893613,-0.11,56.9191743,72.23612,4.03
DEU,2012-10-31,-0.467145226,9.651893613,-0.17,56.9191743,72.29877,3.95
DEU,2013-01-31,-0.451049252,9.28901314,-0.47,57.12966146,72.24375,3.73
DEU,2013-04-30,1.089573679,9.28901314,1.1,57.12966146,72.63425,3.9
DEU,2013-07-31,0.549277699,9.28901314,0.34,57.12966146,72.57074,3.72
DEU,2013-10-31,0.278296051,9.28901314,-0.62,57.12966146,72.63646,3.65
DEU,2014-01-31,0.979074597,9.836213015,0.35,56.98463189,72.60342,3.62
DEU,2014-04-30,0.020357095,9.836213015,0.77,56.98463189,72.84294,3.64
DEU,2014-07-31,0.478319929,9.836213015,0.66,56.98463189,72.95161,3.59
DEU,2014-10-31,0.810296078,9.836213015,0.17,56.98463189,72.84789,3.41
DEU,2015-01-31,-0.502359097,10.06374208,-0.26,57.38297294,73.09786,3.38
DEU,2015-04-30,0.777543933,10.06374208,0.86,57.38297294,72.89478,3.17
DEU,2015-07-31,0.390775516,10.06374208,0.53,57.38297294,72.88558,3.15
DEU,2015-10-31,0.449143656,10.06374208,0.06,57.38297294,73.07172,3.09
DEU,2016-01-31,0.844595611,10.19626626,0.81,57.49373858,73.50859,2.99
DEU,2016-04-30,0.482810043,10.19626626,0.78,57.49373858,73.42918,2.94
DEU,2016-07-31,0.196111699,10.19626626,-0.25,57.49373858,73.82655,2.88
DEU,2016-10-31,0.381678693,10.19626626,0.24,57.49373858,73.89326,2.73
DEU,2017-01-31,1.199188385,10.643063,1.01,57.50860882,73.9803,2.81
DEU,2017-04-30,0.924850119,10.643063,-0.08,57.50860882,74.08591,2.72
DEU,2017-07-31,0.630016898,10.643063,0.18,57.50860882,74.4175,2.74
DEU,2017-10-31,0.948586581,10.643063,0.66,57.50860882,74.51966,2.75
DEU,2018-01-31,-0.603732229,11.29437393,2.08,58.40475399,74.76245,2.81
DEU,2018-04-30,0.813006393,11.29437393,-0.19,58.40475399,74.69969,2.79
DEU,2018-07-31,-0.928358437,11.29437393,-0.77,58.40475399,75.06168,2.11
DEU,2018-10-31,0.861334935,11.29437393,0.82,58.40475399,75.13203,1.97
DEU,2019-01-31,0.685087549,10.8591744,0.76,59.2045786,75.6449,1.92
DEU,2019-04-30,-0.037282015,10.8591744,-0.04,59.2045786,75.64049,2.03
DEU,2019-07-31,-0.018652274,10.8591744,-0.16,59.2045786,75.63673,2.0
DEU,2019-10-31,0.298430417,10.8591744,0.06,59.2045786,75.78861,1.88
DEU,2020-01-31,-1.766715965,16.52359561,1.42,59.89491886,74.51979,1.91
DEU,2020-04-30,-9.219127614,16.52359561,-2.6,59.89491886,74.15417,1.98
DEU,2020-07-31,8.914608255,16.52359561,2.9,59.89491886,74.10112,1.9
DEU,2020-10-31,0.784989704,16.52359561,-0.18,59.89491886,74.65827,1.87
DEU,2021-01-31,-1.272726481,14.91621666,-1.05,58.41147096,74.51144,1.96
DEU,2021-04-30,2.232064629,14.91621666,1.13,58.41147096,75.2341,1.79
DEU,2021-07-31,0.668170777,14.91621666,-1.04,58.41147096,76.20226,1.78
DEU,2021-10-31,0.009349315,14.91621666,0.72,58.41147096,76.39577,1.65
DEU,2022-01-31,1.002566571,11.14215257,-0.4,57.54886273,76.58981,1.77
DEU,2022-04-30,-0.129572944,11.14215257,-0.03,57.54886273,76.87248,1.77
DEU,2022-07-31,0.361414068,11.14215257,0.24,57.54886273,76.90623,1.87
DEU,2022-10-31,-0.406272994,11.14215257,-0.95,57.54886273,77.20851,3.04
DEU,2023-01-31,-0.092721961,,-0.42,,77.29102,4.72
DEU,2023-04-30,0.018569699,,0.53,,77.50276,5.49
PRT,1995-01-31,0.174836529,7.552201291,,53.10466656,,
PRT,1995-04-30,1.179121107,7.552201291,,53.10466656,,
PRT,1995-07-31,0.433832717,7.552201291,,53.10466656,,
PRT,1995-10-31,0.677522441,7.552201291,,53.10466656,,
PRT,1996-01-31,0.78990095,6.43319595,,54.00808455,,
PRT,1996-04-30,1.199491897,6.43319595,,54.00808455,,
PRT,1996-07-31,1.356809474,6.43319595,,54.00808455,,
PRT,1996-10-31,0.282339693,6.43319595,,54.00808455,,
PRT,1997-01-31,1.644745127,6.165819747,,53.96829421,,
PRT,1997-04-30,0.908618014,6.165819747,,53.96829421,,
PRT,1997-07-31,1.300962327,6.165819747,,53.96829421,,
PRT,1997-10-31,0.672324286,6.165819747,,53.96829421,,
PRT,1998-01-31,1.447666569,7.625016726,,54.55008766,66.53934,
PRT,1998-04-30,1.535719128,7.625016726,,54.55008766,66.93438,
PRT,1998-07-31,1.108503881,7.625016726,,54.55008766,66.79893,
PRT,1998-10-31,0.753210152,7.625016726,,54.55008766,67.12978,
PRT,1999-01-31,1.32919639,7.183703456,,54.76555901,67.3469,
PRT,1999-04-30,0.52210511,7.183703456,,54.76555901,67.31715,
PRT,1999-07-31,0.980398873,7.183703456,,54.76555901,67.60715,
PRT,1999-10-31,0.57433716,7.183703456,,54.76555901,67.77253,
PRT,2000-01-31,2.225468585,6.083531635,,54.94086156,68.13086,
PRT,2000-04-30,-0.528487831,6.083531635,,54.94086156,68.14333,
PRT,2000-07-31,1.464864525,6.083531635,,54.94086156,68.50874,
PRT,2000-10-31,0.669401591,6.083531635,,54.94086156,68.72691,
PRT,2001-01-31,-0.312683656,6.383318162,,54.9083208,68.96098,
PRT,2001-04-30,0.967446145,6.383318162,,54.9083208,68.8167,
PRT,2001-07-31,0.146341395,6.383318162,,54.9083208,68.97389,
PRT,2001-10-31,1.399039679,6.383318162,,54.9083208,69.19976,
PRT,2002-01-31,0.177808538,6.21946348,,54.86009712,69.18144,
PRT,2002-04-30,-0.463985813,6.21946348,,54.86009712,68.98397,
PRT,2002-07-31,-0.453600128,6.21946348,,54.86009712,68.88342,
PRT,2002-10-31,-0.746441208,6.21946348,,54.86009712,68.18814,
PRT,2003-01-31,0.105061371,5.611221721,,54.66985949,68.29013,
PRT,2003-04-30,-0.888761522,5.611221721,,54.66985949,67.95918,
PRT,2003-07-31,0.887370155,5.611221721,,54.66985949,67.91685,
PRT,2003-10-31,0.377797496,5.611221721,,54.66985949,67.81767,
PRT,2004-01-31,0.902894616,4.071028495,,54.34815574,67.76858,
PRT,2004-04-30,0.57209479,4.071028495,,54.34815574,67.60622,
PRT,2004-07-31,0.039396612,4.071028495,,54.34815574,67.5101,
PRT,2004-10-31,-0.295723234,4.071028495,,54.34815574,67.62835,
PRT,2005-01-31,0.769012778,2.764203711,,55.11953224,67.32996,
PRT,2005-04-30,0.368647118,2.764203711,,55.11953224,67.28195,
PRT,2005-07-31,-0.471937283,2.764203711,,55.11953224,67.28088,
PRT,2005-10-31,0.13303494,2.764203711,,55.11953224,67.34006,
PRT,2006-01-31,0.817392645,0.835053618,,54.25900827,67.55726,
PRT,2006-04-30,0.96512188,0.835053618,,54.25900827,67.759,
PRT,2006-07-31,-0.112732238,0.835053618,,54.25900827,67.78779,
PRT,2006-10-31,0.711999077,0.835053618,,54.25900827,67.4277,
PRT,2007-01-31,1.052270567,-0.399222918,,53.27421678,67.39532,
PRT,2007-04-30,0.443121174,-0.399222918,-2.25,53.27421678,67.32216,
PRT,2007-07-31,0.205999342,-0.399222918,1.25,53.27421678,67.82754,
PRT,2007-10-31,1.118249303,-0.399222918,-4.02,53.27421678,67.89227,
PRT,2008-01-31,0.007673184,-0.86949069,3.65,53.58469453,68.08667,
PRT,2008-04-30,-0.492606075,-0.86949069,-1.39,53.58469453,68.2988,
PRT,2008-07-31,-0.082530827,-0.86949069,5.55,53.58469453,67.96066,
PRT,2008-10-31,-1.291756647,-0.86949069,-4.58,53.58469453,67.71345,
PRT,2009-01-31,-2.516670472,4.067742593,0.51,53.78143177,63.75174,
PRT,2009-04-30,0.089438207,4.067742593,5.12,53.78143177,63.21877,
PRT,2009-07-31,0.882224183,4.067742593,-2.73,53.78143177,62.42868,
PRT,2009-10-31,0.047782666,4.067742593,3.04,53.78143177,62.49657,
PRT,2010-01-31,0.823018427,1.572311444,-2.87,53.70406186,62.60534,
PRT,2010-04-30,0.552428604,1.572311444,1.79,53.70406186,62.22227,
PRT,2010-07-31,0.083833036,1.572311444,-1.38,53.70406186,62.06606,
PRT,2010-10-31,-0.194037196,1.572311444,-0.61,53.70406186,62.10364,
PRT,2011-01-31,-0.660768312,0.60741232,-1.53,52.93891243,62.52331,
PRT,2011-04-30,-0.428915528,0.60741232,-0.49,52.93891243,62.29124,
PRT,2011-07-31,-0.780836238,0.60741232,-1.43,52.93891243,61.62607,
PRT,2011-10-31,-1.478454706,0.60741232,-1.17,52.93891243,60.89074,
PRT,2012-01-31,-0.545801608,2.068462638,-2.06,51.15885271,60.25154,
PRT,2012-04-30,-1.347954513,2.068462638,-1.15,51.15885271,59.79077,
PRT,2012-07-31,-1.129418955,2.068462638,0.64,51.15885271,59.03515,
PRT,2012-10-31,-1.580457377,2.068462638,0.87,51.15885271,58.2624,
PRT,2013-01-31,0.416147358,1.645299125,-0.54,50.87179442,58.12187,
PRT,2013-04-30,0.75837044,1.645299125,0.27,50.87179442,58.06473,
PRT,2013-07-31,-0.139296447,1.645299125,-1.15,50.87179442,59.04686,
PRT,2013-10-31,1.094967331,1.645299125,-3.47,50.87179442,60.03458,
PRT,2014-01-31,-0.641839267,-1.417590323,2.19,50.5182186,60.22845,
PRT,2014-04-30,0.332717028,-1.417590323,-0.19,50.5182186,60.83828,
PRT,2014-07-31,0.094687166,-1.417590323,2.48,50.5182186,61.8431,
PRT,2014-10-31,0.808968919,-1.417590323,-0.14,50.5182186,61.91985,
PRT,2015-01-31,0.644836282,-1.191869389,1.59,50.094318,61.93634,
PRT,2015-04-30,0.29763901,-1.191869389,-0.64,50.094318,62.85041,
PRT,2015-07-31,0.113767651,-1.191869389,0.39,50.094318,62.9734,
PRT,2015-10-31,0.479259937,-1.191869389,2.18,50.094318,63.30644,
PRT,2016-01-31,0.466787525,-1.305544646,0.53,50.13382866,63.44228,
PRT,2016-04-30,0.299561897,-1.305544646,-1.2,50.13382866,63.85613,
PRT,2016-07-31,1.17409239,-1.305544646,3.97,50.13382866,64.64271,
PRT,2016-10-31,0.931975429,-1.305544646,-0.78,50.13382866,64.9754,
PRT,2017-01-31,1.170816047,-2.241421702,-0.97,50.75228193,65.75986,
PRT,2017-04-30,0.505247849,-2.241421702,1.46,50.75228193,66.53544,
PRT,2017-07-31,0.69498999,-2.241421702,-0.05,50.75228193,67.46686,
PRT,2017-10-31,0.825446682,-2.241421702,2.57,50.75228193,68.10129,
PRT,2018-01-31,0.727368109,-2.466641337,-0.24,51.63420591,68.47909,
PRT,2018-04-30,0.779536523,-2.466641337,0.22,51.63420591,68.91619,
PRT,2018-07-31,0.525723942,-2.466641337,0.99,51.63420591,69.29612,
PRT,2018-10-31,0.608994992,-2.466641337,0.85,51.63420591,69.39384,
PRT,2019-01-31,0.882987755,-2.170807117,0.9,52.33441544,69.61426,
PRT,2019-04-30,0.571006817,-2.170807117,1.49,52.33441544,69.7673,
PRT,2019-07-31,0.451880731,-2.170807117,0.79,52.33441544,70.15088,
PRT,2019-10-31,0.820784598,-2.170807117,0.38,52.33441544,69.85361,
PRT,2020-01-31,-4.355487705,2.098257089,-1.78,55.57288679,69.57381,
PRT,2020-04-30,-15.11949696,2.098257089,-4.18,55.57288679,67.43667,
PRT,2020-07-31,14.58800122,2.098257089,4.24,55.57288679,68.11121,
PRT,2020-10-31,0.370563245,2.098257089,0.03,55.57288679,68.94842,
PRT,2021-01-31,-2.559961929,0.361874039,1.42,55.64640053,68.63157,
PRT,2021-04-30,4.42617467,0.361874039,0.77,55.64640053,70.0582,
PRT,2021-07-31,2.802834928,0.361874039,0.35,55.64640053,70.86558,
PRT,2021-10-31,1.927325071,0.361874039,-0.09,55.64640053,70.95547,
PRT,2022-01-31,2.259761981,-4.760155473,1.84,53.7813932,71.68093,
PRT,2022-04-30,0.193761238,-4.760155473,-2.08,53.7813932,71.5518,
PRT,2022-07-31,0.33288726,-4.760155473,-1.56,53.7813932,71.89954,
PRT,2022-10-31,0.347702949,-4.760155473,3.41,53.7813932,71.66492,
PRT,2023-01-31,1.645374344,,-1.24,,71.81673,
PRT,2023-04-30,6.7012e-05,,1.53,,72.38449,
AUT,1995-01-31,0.836180191,14.65099484,,56.70105955,,
AUT,1995-04-30,0.424044226,14.65099484,,56.70105955,,
AUT,1995-07-31,0.226812689,14.65099484,,56.70105955,,
AUT,1995-10-31,0.344772176,14.65099484,,56.70105955,,
AUT,1996-01-31,0.767891434,11.9397096,,55.86960415,,
AUT,1996-04-30,0.748199168,11.9397096,,55.86960415,,
AUT,1996-07-31,0.34590093,11.9397096,,55.86960415,,
AUT,1996-10-31,0.160631183,11.9397096,,55.86960415,,
AUT,1997-01-31,0.613498412,10.4232015,,55.19951216,,
AUT,1997-04-30,0.283759519,10.4232015,,55.19951216,,
AUT,1997-07-31,1.245072278,10.4232015,,55.19951216,,
AUT,1997-10-31,0.9950422,10.4232015,,55.19951216,,
AUT,1998-01-31,0.83176362,10.34552056,,54.9913726,,
AUT,1998-04-30,1.001073686,10.34552056,,54.9913726,,
AUT,1998-07-31,0.72992939,10.34552056,,54.9913726,,
AUT,1998-10-31,0.366841053,10.34552056,,54.9913726,,
AUT,1999-01-31,0.639978196,11.88362999,,55.1032298,68.6656,
AUT,1999-04-30,1.316375318,11.88362999,,55.1032298,68.58568,
AUT,1999-07-31,1.671785719,11.88362999,,55.1032298,68.56554,
AUT,1999-10-31,0.28796536,11.88362999,,55.1032298,68.35089,
AUT,2000-01-31,0.910031889,10.63236201,,54.21681469,68.46355,
AUT,2000-04-30,0.792131473,10.63236201,,54.21681469,68.51994,
AUT,2000-07-31,0.560824708,10.63236201,,54.21681469,68.42101,
AUT,2000-10-31,1.295619478,10.63236201,,54.21681469,68.4961,
AUT,2001-01-31,-0.230664729,9.022111553,,53.57705075,68.31284,
AUT,2001-04-30,-0.092923349,9.022111553,,53.57705075,68.44992,
AUT,2001-07-31,0.051711121,9.022111553,,53.57705075,68.33821,
AUT,2001-10-31,0.366955505,9.022111553,,53.57705075,68.45759,
AUT,2002-01-31,1.000997118,9.400174641,,53.15623126,68.70898,
AUT,2002-04-30,0.527228162,9.400174641,,53.15623126,68.72655,
AUT,2002-07-31,0.228933894,9.400174641,,53.15623126,68.64375,
AUT,2002-10-31,-0.351684305,9.400174641,,53.15623126,68.86227,
AUT,2003-01-31,0.681866782,9.648129255,,53.0710671,69.0119,
AUT,2003-04-30,0.185622774,9.648129255,,53.0710671,69.04374,
AUT,2003-07-31,0.261490324,9.648129255,,53.0710671,68.86893,
AUT,2003-10-31,0.143855714,9.648129255,,53.0710671,68.81342,
AUT,2004-01-31,0.981911124,9.524268305,,52.18016261,66.34579,
AUT,2004-04-30,0.782853676,9.524268305,,52.18016261,66.40423,
AUT,2004-07-31,1.163385162,9.524268305,,52.18016261,66.54659,
AUT,2004-10-31,0.316281605,9.524268305,,52.18016261,66.71136,
AUT,2005-01-31,-0.176533921,11.1363954,,51.52669826,67.06626,
AUT,2005-04-30,1.270129407,11.1363954,,51.52669826,67.2053,
AUT,2005-07-31,0.689208951,11.1363954,,51.52669826,67.59825,
AUT,2005-10-31,0.872912199,11.1363954,,51.52669826,67.69161,
AUT,2006-01-31,1.168917241,11.61963643,,51.03334709,67.91628,
AUT,2006-04-30,0.176036336,11.61963643,,51.03334709,68.42107,
AUT,2006-07-31,1.334569462,11.61963643,,51.03334709,68.88259,
AUT,2006-10-31,0.862349337,11.61963643,,51.03334709,69.00742,
AUT,2007-01-31,1.138139499,12.41237573,,50.53664629,69.51543,
AUT,2007-04-30,1.010178091,12.41237573,0.68,50.53664629,69.64874,
AUT,2007-07-31,0.324591408,12.41237573,1.09,50.53664629,70.18504,
AUT,2007-10-31,0.837789243,12.41237573,-1.13,50.53664629,70.16466,
AUT,2008-01-31,0.833724484,12.35452908,2.92,51.41655893,70.80128,
AUT,2008-04-30,0.791155341,12.35452908,-2.32,51.41655893,70.9827,
AUT,2008-07-31,-0.646530202,12.35452908,-0.95,51.41655893,70.60652,
AUT,2008-10-31,-2.266577113,12.35452908,0.93,51.41655893,70.79346,
AUT,2009-01-31,-1.773983547,11.39857513,0.92,53.06174672,70.54135,
AUT,2009-04-30,-0.795344861,11.39857513,-0.13,53.06174672,70.44932,
AUT,2009-07-31,0.388757736,11.39857513,-1.3,53.06174672,70.14803,
AUT,2009-10-31,0.667441617,11.39857513,-1.29,53.06174672,70.21733,
AUT,2010-01-31,-0.467146692,9.591830791,0.51,52.6784742,70.50711,
AUT,2010-04-30,1.293082871,9.591830791,-0.05,52.6784742,70.69022,
AUT,2010-07-31,0.983113677,9.591830791,0.29,52.6784742,70.80428,2.77
AUT,2010-10-31,1.144436782,9.591830791,-0.33,52.6784742,71.10541,2.92
AUT,2011-01-31,0.779035253,7.881232569,-0.34,52.21276465,70.90159,2.87
AUT,2011-04-30,0.421477291,7.881232569,-1.26,52.21276465,71.19506,3.13
AUT,2011-07-31,0.507073331,7.881232569,0.99,52.21276465,71.32048,3.35
AUT,2011-10-31,-0.042522844,7.881232569,1.48,52.21276465,70.95557,3.32
AUT,2012-01-31,0.855144332,8.862548009,0.65,53.01544644,71.18024,3.28
AUT,2012-04-30,-0.419837819,8.862548009,0.12,53.01544644,71.63821,3.06
AUT,2012-07-31,-0.212258225,8.862548009,-1.05,53.01544644,71.41616,2.84
AUT,2012-10-31,-0.094758513,8.862548009,-2.12,53.01544644,71.38358,2.64
AUT,2013-01-31,-0.078858342,7.113217781,0.35,53.53300911,71.22814,2.58
AUT,2013-04-30,0.004440428,7.113217781,-1.18,53.53300911,71.81448,2.83
AUT,2013-07-31,0.49244424,7.113217781,-0.1,53.53300911,71.48583,2.72
AUT,2013-10-31,0.386059537,7.113217781,0.58,53.53300911,71.12582,2.74
AUT,2014-01-31,-0.214167356,7.296401932,0.29,53.42288436,70.95378,2.71
AUT,2014-04-30,0.613609787,7.296401932,-1.56,53.42288436,71.44523,2.79
AUT,2014-07-31,-0.073472305,7.296401932,1.53,53.42288436,70.93137,2.74
AUT,2014-10-31,0.204843801,7.296401932,0.15,53.42288436,71.00055,2.56
AUT,2015-01-31,0.183044514,6.736664891,-0.76,53.3032037,71.02225,2.44
AUT,2015-04-30,0.188436593,6.736664891,-1.02,53.3032037,71.05194,2.24
AUT,2015-07-31,0.638005933,6.736664891,0.65,53.3032037,71.13703,2.12
AUT,2015-10-31,0.20864465,6.736664891,-1.36,53.3032037,71.22098,2.17
AUT,2016-01-31,0.784121063,7.820431629,2.46,53.32495675,71.2272,2.04
AUT,2016-04-30,0.248776883,7.820431629,-1.11,53.32495675,71.571,2.27
AUT,2016-07-31,0.502421988,7.820431629,-0.1,53.32495675,71.65311,2.24
AUT,2016-10-31,0.956384669,7.820431629,2.5,53.32495675,71.71709,2.27
AUT,2017-01-31,0.287257217,7.517432082,-1.4,53.45388112,71.74374,2.19
AUT,2017-04-30,0.687658069,7.517432082,1.93,53.45388112,72.37178,2.06
AUT,2017-07-31,0.656487647,7.517432082,-1.08,53.45388112,72.0016,2.0
AUT,2017-10-31,0.570819579,7.517432082,0.32,53.45388112,72.53575,1.9
AUT,2018-01-31,0.78052012,7.734904969,0.71,53.77419202,72.68904,2.0
AUT,2018-04-30,0.216987036,7.734904969,0.56,53.77419202,73.25127,2.0
AUT,2018-07-31,0.446908683,7.734904969,-0.48,53.77419202,72.99327,1.96
AUT,2018-10-31,1.169137491,7.734904969,-0.89,53.77419202,73.11971,2.24
AUT,2019-01-31,0.57262323,7.886217631,1.77,54.33389743,73.42854,2.21
AUT,2019-04-30,-0.456952342,7.886217631,-1.22,54.33389743,73.70921,2.21
AUT,2019-07-31,0.482948832,7.886217631,0.21,54.33389743,73.38256,2.26
AUT,2019-10-31,-0.561703069,7.886217631,0.78,54.33389743,73.68296,2.21
AUT,2020-01-31,-2.249664375,13.23182118,-4.3,56.26421124,73.19289,2.26
AUT,2020-04-30,-11.51336382,13.23182118,-2.94,56.26421124,70.19971,2.05
AUT,2020-07-31,11.30697925,13.23182118,6.3,56.26421124,71.82483,2.08
AUT,2020-10-31,-1.919588358,13.23182118,0.89,56.26421124,71.69104,2.13
AUT,2021-01-31,-0.933102311,11.17077219,-2.46,55.62614915,71.2905,2.09
AUT,2021-04-30,4.064522133,11.17077219,0.05,55.62614915,71.8619,2.04
AUT,2021-07-31,4.123792217,11.17077219,3.31,55.62614915,73.04892,2.2
AUT,2021-10-31,-1.041493084,11.17077219,-1.72,55.62614915,73.40121,2.12
AUT,2022-01-31,1.28681213,9.24805463,0.7,54.21459516,73.94791,2.1
AUT,2022-04-30,2.099626631,9.24805463,-0.84,54.21459516,74.37878,2.14
AUT,2022-07-31,-0.442632112,9.24805463,7.06,54.21459516,73.80271,2.26
AUT,2022-10-31,-0.21099224,9.24805463,-6.99,54.21459516,73.93375,3.39
AUT,2023-01-31,0.409851839,,1.7,,73.93195,4.39
AUT,2023-04-30,-0.688413725,,-2.85,,74.39931,5.29
IRL,1995-01-31,6.000089411,5.504679253,,48.46363564,,
IRL,1995-04-30,1.220821663,5.504679253,,48.46363564,,
IRL,1995-07-31,0.716895511,5.504679253,,48.46363564,,
IRL,1995-10-31,1.561441761,5.504679253,,48.46363564,,
IRL,1996-01-31,4.17733404,4.966449939,,48.75550676,,
IRL,1996-04-30,1.366890406,4.966449939,,48.75550676,,
IRL,1996-07-31,-0.945921091,4.966449939,,48.75550676,,
IRL,1996-10-31,1.404759821,4.966449939,,48.75550676,,
IRL,1997-01-31,5.288600828,4.395745181,,47.01972551,,
IRL,1997-04-30,3.711123471,4.395745181,,47.01972551,,
IRL,1997-07-31,1.284926928,4.395745181,,47.01972551,,
IRL,1997-10-31,1.936297555,4.395745181,,47.01972551,,
IRL,1998-01-31,2.976589235,4.613527517,,45.00647605,,
IRL,1998-04-30,2.01529014,4.613527517,,45.00647605,,
IRL,1998-07-31,3.65810815,4.613527517,,45.00647605,,
IRL,1998-10-31,-2.463318168,4.613527517,,45.00647605,,
IRL,1999-01-31,6.287434313,0.872070192,,44.59338149,,
IRL,1999-04-30,0.770835124,0.872070192,,44.59338149,63.08013,
IRL,1999-07-31,3.928181686,0.872070192,,44.59338149,63.77315,
IRL,1999-10-31,2.264044596,0.872070192,,44.59338149,64.18932,
IRL,2000-01-31,1.081429859,-2.837678881,,43.34429046,64.62188,
IRL,2000-04-30,2.753633421,-2.837678881,,43.34429046,65.12254,
IRL,2000-07-31,2.154780523,-2.837678881,,43.34429046,65.43256,
IRL,2000-10-31,0.589400921,-2.837678881,,43.34429046,65.54397,
IRL,2001-01-31,1.634699071,2.028218938,,43.09639346,65.73882,
IRL,2001-04-30,1.910164202,2.028218938,,43.09639346,65.72372,
IRL,2001-07-31,-0.367474068,2.028218938,,43.09639346,66.00138,
IRL,2001-10-31,1.928934854,2.028218938,,43.09639346,65.83277,
IRL,2002-01-31,1.472953614,0.364491531,,41.62676165,65.62794,
IRL,2002-04-30,1.400350939,0.364491531,,41.62676165,65.59035,
IRL,2002-07-31,1.779068959,0.364491531,,41.62676165,65.34321,
IRL,2002-10-31,1.663897314,0.364491531,,41.62676165,65.26238,
IRL,2003-01-31,-0.664098666,1.310365101,,42.38580667,65.29475,
IRL,2003-04-30,0.903910531,1.310365101,,42.38580667,65.49341,
IRL,2003-07-31,0.375493822,1.310365101,,42.38580667,65.40244,
IRL,2003-10-31,5.78414322,1.310365101,,42.38580667,65.8063,
IRL,2004-01-31,-0.762163696,1.909471491,,43.21772348,66.04763,
IRL,2004-04-30,2.934076407,1.909471491,,43.21772348,65.96355,
IRL,2004-07-31,-1.044357566,1.909471491,,43.21772348,66.28184,
IRL,2004-10-31,3.037749248,1.909471491,,43.21772348,66.81186,
IRL,2005-01-31,1.245070182,2.60099386,,44.24743589,67.18142,
IRL,2005-04-30,2.583027639,2.60099386,,44.24743589,67.51587,
IRL,2005-07-31,-1.302243855,2.60099386,,44.24743589,67.89343,
IRL,2005-10-31,3.799904216,2.60099386,,44.24743589,67.99429,
IRL,2006-01-31,1.065521707,0.70398901,,44.80623574,68.48476,
IRL,2006-04-30,0.736944358,0.70398901,,44.80623574,68.45834,
IRL,2006-07-31,0.970501515,0.70398901,,44.80623574,68.71059,
IRL,2006-10-31,0.802688827,0.70398901,,44.80623574,69.00396,
IRL,2007-01-31,4.932975554,0.379543178,,45.57234173,71.805,
IRL,2007-04-30,-1.019572904,0.379543178,0.41,45.57234173,71.81419,
IRL,2007-07-31,-2.329073076,0.379543178,1.84,45.57234173,71.83748,
IRL,2007-10-31,3.831683831,0.379543178,-1.36,45.57234173,71.50362,
IRL,2008-01-31,-2.883953145,6.095430377,2.76,48.89635176,71.05537,
IRL,2008-04-30,-2.047908389,6.095430377,1.65,48.89635176,70.32677,
IRL,2008-07-31,-0.251314136,6.095430377,-0.34,48.89635176,69.35559,
IRL,2008-10-31,-4.765665028,6.095430377,-2.33,48.89635176,67.93954,
IRL,2009-01-31,-0.235068538,11.20329774,3.09,48.83740801,65.19081,
IRL,2009-04-30,-0.348042376,11.20329774,-1.64,48.83740801,63.97783,
IRL,2009-07-31,-0.281509915,11.20329774,-0.03,48.83740801,63.03942,
IRL,2009-10-31,-2.384108491,11.20329774,-2.84,48.83740801,62.27362,
IRL,2010-01-31,2.727949984,9.820721378,0.96,45.72147764,61.50585,
IRL,2010-04-30,-0.025833113,9.820721378,-0.14,45.72147764,61.30645,
IRL,2010-07-31,0.822486392,9.820721378,-0.41,45.72147764,60.831,
IRL,2010-10-31,-0.224474094,9.820721378,-2.11,45.72147764,60.17923,
IRL,2011-01-31,0.473861405,5.01187042,-2.8,44.15126803,60.02628,
IRL,2011-04-30,1.589733567,5.01187042,-1.88,44.15126803,60.39533,
IRL,2011-07-31,-1.499196143,5.01187042,-0.77,44.15126803,59.69411,
IRL,2011-10-31,0.226655945,5.01187042,2.61,44.15126803,59.94861,
IRL,2012-01-31,-1.12430121,6.807067214,0.2,43.75089485,59.72059,
IRL,2012-04-30,2.883788226,6.807067214,-2.1,43.75089485,59.90338,
IRL,2012-07-31,-1.854767506,6.807067214,2.23,43.75089485,59.93327,
IRL,2012-10-31,0.100501521,6.807067214,0.35,43.75089485,60.11055,
IRL,2013-01-31,-1.057954069,4.568489106,-2.86,42.80872198,60.85677,
IRL,2013-04-30,2.446144537,4.568489106,0.15,42.80872198,61.6268,
IRL,2013-07-31,2.981181595,4.568489106,-0.48,42.80872198,62.05389,
IRL,2013-10-31,-1.282657391,4.568489106,2.06,42.80872198,62.34809,
IRL,2014-01-31,4.377043698,2.366059794,-1.61,40.78068731,62.4936,
IRL,2014-04-30,2.930083597,2.366059794,-0.84,40.78068731,62.79903,
IRL,2014-07-31,0.828373017,2.366059794,0.09,40.78068731,63.32302,
IRL,2014-10-31,0.1893837,2.366059794,2.47,40.78068731,63.83099,
IRL,2015-01-31,21.38402717,3.314877708,0.75,31.63673607,64.05653,
IRL,2015-04-30,-2.89301596,3.314877708,1.4,31.63673607,64.70453,
IRL,2015-07-31,2.576782985,3.314877708,-0.59,31.63673607,64.84489,
IRL,2015-10-31,1.137161222,3.314877708,-0.65,31.63673607,65.23349,
IRL,2016-01-31,-2.523943093,2.442951681,2.29,32.93814675,65.49715,
IRL,2016-04-30,0.948244554,2.442951681,0.68,32.93814675,66.4556,
IRL,2016-07-31,0.128181402,2.442951681,1.93,32.93814675,66.74232,
IRL,2016-10-31,10.89968985,2.442951681,-1.4,32.93814675,66.90611,
IRL,2017-01-31,-2.55712058,5.582127779,2.6,32.04617448,67.23549,
IRL,2017-04-30,0.742014421,5.582127779,0.19,32.04617448,67.55309,
IRL,2017-07-31,5.075103567,5.582127779,1.88,32.04617448,67.54195,5.3
IRL,2017-10-31,4.188309208,5.582127779,-0.5,32.04617448,67.98686,5.01
IRL,2018-01-31,0.721387874,4.783210149,-0.83,30.59531432,67.99808,5.24
IRL,2018-04-30,1.790052729,4.783210149,1.31,30.59531432,68.60141,5.31
IRL,2018-07-31,0.346284507,4.783210149,0.72,30.59531432,68.62791,5.42
IRL,2018-10-31,1.506245129,4.783210149,0.72,30.59531432,68.77986,5.39
IRL,2019-01-31,1.400933134,5.728853847,0.36,30.22791927,69.37405,5.18
IRL,2019-04-30,1.785625874,5.728853847,0.9,30.22791927,69.49886,5.25
IRL,2019-07-31,1.134119491,5.728853847,0.29,30.22791927,69.22227,5.11
IRL,2019-10-31,1.576110269,5.728853847,1.12,30.22791927,69.57236,5.72
IRL,2020-01-31,3.405152044,21.61064583,4.95,28.44380671,69.6517,5.94
IRL,2020-04-30,-5.606062241,21.61064583,0.99,28.44380671,63.98517,5.23
IRL,2020-07-31,11.91481835,21.61064583,-4.62,28.44380671,66.1331,4.81
IRL,2020-10-31,-4.816807231,21.61064583,1.43,28.44380671,66.49258,4.47
IRL,2021-01-31,11.4919942,20.2338628,0.9,27.22590027,66.07146,4.1
IRL,2021-04-30,2.487425528,20.2338628,1.35,27.22590027,69.13724,4.21
IRL,2021-07-31,2.553438147,20.2338628,0.96,27.22590027,71.5956,4.21
IRL,2021-10-31,-2.536951676,20.2338628,-3.2,27.22590027,72.58836,4.47
IRL,2022-01-31,6.821539532,,0.09,25.29130619,73.1803,4.02
IRL,2022-04-30,2.179174274,,1.59,25.29130619,73.71295,4.19
IRL,2022-07-31,2.363202506,,-1.07,25.29130619,72.81447,4.52
IRL,2022-10-31,-0.861391496,,-2.76,25.29130619,73.08205,5.51
IRL,2023-01-31,-2.630073578,,0.35,,73.84921,5.71
IRL,2023-04-30,0.464275515,,0.74,,74.33183,6.08
SWE,1995-01-31,1.282601084,4.868004542,,49.70672492,,
SWE,1995-04-30,0.468345563,4.868004542,,49.70672492,,
SWE,1995-07-31,0.322331198,4.868004542,,49.70672492,,
SWE,1995-10-31,1.177013172,4.868004542,,49.70672492,,
SWE,1996-01-31,0.653780665,2.762309754,,51.09121944,,
SWE,1996-04-30,-0.796622271,2.762309754,,51.09121944,,
SWE,1996-07-31,0.331889213,2.762309754,,51.09121944,,
SWE,1996-10-31,0.827105119,2.762309754,,51.09121944,,
SWE,1997-01-31,0.927919672,-1.077739516,,50.92570043,,
SWE,1997-04-30,1.091633714,-1.077739516,,50.92570043,,
SWE,1997-07-31,0.724414493,-1.077739516,,50.92570043,,
SWE,1997-10-31,2.11394743,-1.077739516,,50.92570043,,
SWE,1998-01-31,0.38845162,-1.15289166,,48.57407014,,
SWE,1998-04-30,1.359152173,-1.15289166,,48.57407014,,
SWE,1998-07-31,0.467458596,-1.15289166,,48.57407014,,
SWE,1998-10-31,1.232163739,-1.15289166,,48.57407014,,
SWE,1999-01-31,1.110565827,-0.973267754,,48.9164147,,
SWE,1999-04-30,0.655014086,-0.973267754,,48.9164147,,
SWE,1999-07-31,0.739914317,-0.973267754,,48.9164147,,
SWE,1999-10-31,1.880340529,-0.973267754,,48.9164147,,
SWE,2000-01-31,0.669176123,0.435212351,,50.26069854,,
SWE,2000-04-30,2.564909763,0.435212351,,50.26069854,,
SWE,2000-07-31,0.777317733,0.435212351,,50.26069854,,
SWE,2000-10-31,-0.298177814,0.435212351,,50.26069854,,
SWE,2001-01-31,0.308255282,4.821284432,,51.73449474,74.07256,
SWE,2001-04-30,0.08475993,4.821284432,,51.73449474,74.08021,
SWE,2001-07-31,0.382266983,4.821284432,,51.73449474,74.02587,
SWE,2001-10-31,0.835495468,4.821284432,,51.73449474,73.96308,
SWE,2002-01-31,-0.131701344,5.165801067,,51.66191355,73.90697,
SWE,2002-04-30,1.53587569,5.165801067,,51.66191355,73.66109,
SWE,2002-07-31,0.613743671,5.165801067,,51.66191355,73.4949,
SWE,2002-10-31,0.169369993,5.165801067,,51.66191355,73.40354,
SWE,2003-01-31,1.165586753,4.663124457,,51.36609994,73.16942,
SWE,2003-04-30,-0.581111044,4.663124457,,51.36609994,73.15317,
SWE,2003-07-31,1.433557245,4.663124457,,51.36609994,72.72859,
SWE,2003-10-31,0.645606168,4.663124457,,51.36609994,72.44544,
SWE,2004-01-31,1.828435202,3.331495362,,50.57748116,72.27095,
SWE,2004-04-30,0.391700128,3.331495362,,50.57748116,72.01968,
SWE,2004-07-31,0.809150911,3.331495362,,50.57748116,72.07546,
SWE,2004-10-31,0.799643091,3.331495362,,50.57748116,71.94139,
SWE,2005-01-31,0.502188396,2.879992255,,50.71853539,71.89323,
SWE,2005-04-30,0.579313018,2.879992255,,50.71853539,72.27639,
SWE,2005-07-31,1.238091513,2.879992255,,50.71853539,72.30096,
SWE,2005-10-31,0.660896309,2.879992255,,50.71853539,72.66914,
SWE,2006-01-31,1.539174389,5.028544049,,49.8597348,72.73934,
SWE,2006-04-30,1.684085539,5.028544049,,49.8597348,72.84044,
SWE,2006-07-31,1.182762457,5.028544049,,49.8597348,73.37576,
SWE,2006-10-31,0.64817478,5.028544049,,49.8597348,73.56237,
SWE,2007-01-31,0.920598491,7.735136493,,50.59894973,73.84193,
SWE,2007-04-30,0.570114464,7.735136493,0.54,50.59894973,74.03589,
SWE,2007-07-31,0.779321021,7.735136493,0.99,50.59894973,74.41867,
SWE,2007-10-31,1.142317534,7.735136493,0.94,50.59894973,74.48616,
SWE,2008-01-31,-0.806983878,9.487931286,-0.15,51.81180849,74.5787,
SWE,2008-04-30,-0.095859644,9.487931286,1.9,51.81180849,74.49498,
SWE,2008-07-31,-0.462651808,9.487931286,-1.01,51.81180849,74.41269,
SWE,2008-10-31,-3.532863297,9.487931286,-0.56,51.81180849,73.82954,
SWE,2009-01-31,-1.481194107,8.881929744,1.4,53.0921924,72.3129,
SWE,2009-04-30,0.063336571,8.881929744,-0.81,53.0921924,71.73248,
SWE,2009-07-31,-0.067883182,8.881929744,0.83,53.0921924,71.31992,
SWE,2009-10-31,0.464581299,8.881929744,0.42,53.0921924,71.23888,
SWE,2010-01-31,2.671347342,9.826176557,0.35,51.19645981,70.949,
SWE,2010-04-30,2.059688608,9.826176557,0.85,51.19645981,71.35838,
SWE,2010-07-31,1.246851045,9.826176557,1.5,51.19645981,71.88333,
SWE,2010-10-31,1.533707459,9.826176557,0.78,51.19645981,72.22796,
SWE,2011-01-31,0.404948275,10.74211355,0.25,51.74752858,72.75212,
SWE,2011-04-30,0.352964036,10.74211355,0.76,51.74752858,73.02299,
SWE,2011-07-31,1.29652453,10.74211355,0.62,51.74752858,73.23291,
SWE,2011-10-31,-1.453955849,10.74211355,0.11,51.74752858,73.31423,
SWE,2012-01-31,0.202315112,13.19949551,1.05,53.54358405,73.17406,
SWE,2012-04-30,0.192143737,13.19949551,1.68,53.54358405,73.28712,
SWE,2012-07-31,-0.120626046,13.19949551,-0.11,53.54358405,73.2346,
SWE,2012-10-31,-0.753982271,13.19949551,0.86,53.54358405,73.37857,
SWE,2013-01-31,1.414171373,13.45193777,0.56,54.01299773,73.60753,
SWE,2013-04-30,-0.098350272,13.45193777,-1.22,54.01299773,73.84462,
SWE,2013-07-31,0.451167062,13.45193777,1.29,54.01299773,74.04504,
SWE,2013-10-31,0.6770417,13.45193777,-0.12,54.01299773,74.23759,
SWE,2014-01-31,0.862383394,13.86794209,0.28,53.63814418,74.16597,
SWE,2014-04-30,0.834510028,13.86794209,0.4,53.63814418,74.26879,
SWE,2014-07-31,0.686999622,13.86794209,0.11,53.63814418,74.70697,
SWE,2014-10-31,0.778343051,13.86794209,0.82,53.63814418,74.43144,
SWE,2015-01-31,1.398724134,12.09240567,-0.3,52.46376559,74.71628,
SWE,2015-04-30,1.018942756,12.09240567,1.56,52.46376559,74.74103,
SWE,2015-07-31,1.354953545,12.09240567,0.11,52.46376559,75.21607,
SWE,2015-10-31,0.755340065,12.09240567,0.19,52.46376559,75.49034,
SWE,2016-01-31,-0.064433187,13.43273946,2.2,53.28245907,75.48234,
SWE,2016-04-30,0.034038978,13.43273946,-0.23,53.28245907,75.74908,
SWE,2016-07-31,0.296436857,13.43273946,-1.13,53.28245907,75.70928,
SWE,2016-10-31,0.897761823,13.43273946,-0.02,53.28245907,75.87442,
SWE,2017-01-31,0.410769678,12.17251745,-1.66,53.26980188,76.23986,
SWE,2017-04-30,1.427513365,12.17251745,7.38,53.26980188,76.22117,
SWE,2017-07-31,0.839084503,12.17251745,-4.58,53.26980188,76.43254,
SWE,2017-10-31,0.243274195,12.17251745,0.16,53.26980188,76.50088,
SWE,2018-01-31,0.283290495,13.66090774,1.65,53.98881212,76.78753,
SWE,2018-04-30,1.170526242,13.66090774,-0.81,53.98881212,76.87794,
SWE,2018-07-31,-0.891247761,13.66090774,0.83,53.98881212,76.88078,
SWE,2018-10-31,1.419710907,13.66090774,0.74,53.98881212,76.81258,
SWE,2019-01-31,0.381806588,15.57250062,-0.52,53.39747113,76.70627,
SWE,2019-04-30,0.813238315,15.57250062,0.91,53.39747113,76.77686,
SWE,2019-07-31,-0.062227621,15.57250062,0.04,53.39747113,76.45786,
SWE,2019-10-31,0.582793228,15.57250062,-0.23,53.39747113,76.41675,
SWE,2020-01-31,-0.462129098,16.99146012,-0.16,54.11078404,75.83537,
SWE,2020-04-30,-7.937479296,16.99146012,-4.11,54.11078404,74.56883,
SWE,2020-07-31,7.215790423,16.99146012,4.84,54.11078404,74.44956,
SWE,2020-10-31,0.631168691,16.99146012,1.15,54.11078404,74.66454,
SWE,2021-01-31,1.158599124,15.51643345,0.09,52.76203422,74.44903,
SWE,2021-04-30,1.710265849,15.51643345,0.58,52.76203422,75.31976,
SWE,2021-07-31,1.965360469,15.51643345,1.51,52.76203422,75.64301,
SWE,2021-10-31,2.086700302,15.51643345,-0.36,52.76203422,76.10316,
SWE,2022-01-31,-0.650722612,13.28510696,0.08,51.07976695,76.59804,
SWE,2022-04-30,0.794178273,13.28510696,-1.25,51.07976695,77.14918,
SWE,2022-07-31,0.430340367,13.28510696,-1.93,51.07976695,77.36398,
SWE,2022-10-31,-0.80478744,13.28510696,0.11,51.07976695,77.30975,
SWE,2023-01-31,0.413378202,,-0.99,,77.56799,
SWE,2023-04-30,-0.828032504,,-0.3,,77.73667,
