Reference area,31/03/1995,30/06/1995,30/09/1995,31/12/1995,31/03/1996,30/06/1996,30/09/1996,31/12/1996,31/03/1997,30/06/1997,30/09/1997,31/12/1997,31/03/1998,30/06/1998,30/09/1998,31/12/1998,31/03/1999,30/06/1999,30/09/1999,31/12/1999,31/03/2000,30/06/2000,30/09/2000,31/12/2000,31/03/2001,30/06/2001,30/09/2001,31/12/2001,31/03/2002,30/06/2002,30/09/2002,31/12/2002,31/03/2003,30/06/2003,30/09/2003,31/12/2003,31/03/2004,30/06/2004,30/09/2004,31/12/2004,31/03/2005,30/06/2005,30/09/2005,31/12/2005,31/03/2006,30/06/2006,30/09/2006,31/12/2006,31/03/2007,30/06/2007,30/09/2007,31/12/2007,31/03/2008,30/06/2008,30/09/2008,31/12/2008,31/03/2009,30/06/2009,30/09/2009,31/12/2009,31/03/2010,30/06/2010,30/09/2010,31/12/2010,31/03/2011,30/06/2011,30/09/2011,31/12/2011,31/03/2012,30/06/2012,30/09/2012,31/12/2012,31/03/2013,30/06/2013,30/09/2013,31/12/2013,31/03/2014,30/06/2014,30/09/2014,31/12/2014,31/03/2015,30/06/2015,30/09/2015,31/12/2015,31/03/2016,30/06/2016,30/09/2016,31/12/2016,31/03/2017,30/06/2017,30/09/2017,31/12/2017,31/03/2018,30/06/2018,30/09/2018,31/12/2018,31/03/2019,30/06/2019,30/09/2019,31/12/2019,31/03/2020,30/06/2020,30/09/2020,31/12/2020,31/03/2021,30/06/2021,30/09/2021,31/12/2021,31/03/2022,30/06/2022,30/09/2022,31/12/2022,31/03/2023,30/06/2023,30/09/2023
IN:India,193.176667,187.676667,186.98,174.26,173.163333,179.523333,174.356667,175.18,181.596667,184.19,187.526667,183.08,183.14,175.923333,170.26,166.143333,169.683333,171.86,169.406667,168.67,171.443333,173.556667,171.093333,170.723333,169.873333,173.983333,171.356667,169.533333,169.973333,164.913333,161.333333,162.18,159.366667,157.93,161.643333,158.686667,155.783333,159.753333,154.54,153.786667,156.076667,158.983333,160.783333,156.586667,158.29,151.486667,147.713333,151.003333,152.54,161.016667,161.596667,161.196667,156.736667,147.073333,142.376667,138.406667,137.946667,136.58,133.823333,135.923333,140.55,145.05,140.48,141.376667,138.99,137.463333,134.64,124.316667,125.956667,118.386667,116.64,116.953333,117.243333,114.67,103.33,102.573333,103.736667,106.96,106.38,107.72,111.97,110.116667,109.66,109.396667,107.943333,106.936667,107.343333,109.333333,110.66,113.236667,110.806667,109.9,107.393333,104.903333,103.68,102.113333,103.32,105.673333,105.406667,104.19,102.94,99.926667,99.283333,97.85,97.853333,96.903333,97.543333,97.503333,97.98,98.47,98.66,96.95,93.903333,94.726667,95.743333
IL:Israel,87.94,85.76,86.486667,85.72,85.756667,84.166667,85.51,83.953333,85.586667,84.59,84.01,84.326667,85.716667,83.44,82.54,71.226667,75.53,77.083333,75.543333,74.743333,79.646667,80.926667,83.176667,84.4,82.613333,85.056667,82.81,82.553333,77.253333,71.603333,72.03,71.663333,68.086667,71.276667,72.283333,70.016667,67.79,67.78,68.07,67.506667,67.283333,67.666667,66.643333,65.963333,64.943333,66.106667,67.673333,69.18,69.213333,70.2,67.64,69.69,74.623333,77.866667,77.733333,77.31,73.953333,71.696667,73.963333,73.71,75.96,77.16,76.006667,77.37,77.313333,78.94,77.1,75.94,75.236667,75.25,72.76,74.23,76.993333,79.473333,80.926667,81.353333,82.506667,82.903333,82.773333,78.836667,80.286667,82.28,84.106667,84.513333,84.543333,85.083333,85.846667,87.513333,90.623333,92.47,90.67,92.196667,91.08,90.24,92.23,91.39,92.306667,94.5,97.166667,98.23,98.653333,100.066667,100.123333,101.156667,101.82,102.596667,104.65,109.68,110.09,108.92,111.19,109.3,104.91,102.136667,101.62
AE:United Arab Emirates,73.456667,70.953333,72.65,73.913333,75.34,76.166667,76.246667,76.723333,79.616667,80.51,82.94,86.353333,92.503333,92.196667,93.323333,88.476667,90.03,92.24,91.926667,91.296667,93,95.533333,97.483333,100.186667,99.893333,103.696667,102.75,103.14,104.753333,102.053333,98.686667,98.406667,95.41,93.073333,92.846667,89.856667,87.43,89.03,88.86,85.833333,84.436667,85.956667,87.326667,88.916667,87.726667,86.243333,86.07,85.066667,84.056667,82.3,81.146667,78.67,77.413333,77.053333,79.016667,86.336667,87.953333,85.403333,82.903333,80.783333,82.186667,84.333333,83.22,80.453333,80.253333,78.443333,78.88,81.94,82.043333,83.746667,84.36,83.003333,83.413333,84.56,86.1,85.246667,85.616667,85.156667,86.083333,89.196667,92.973333,93.626667,95.206667,96.38,97.19,95.466667,95.983333,98.626667,99.376667,97.583333,95.24,95.25,92.58,94.453333,98.083333,99.36,98.256667,98.923333,99.953333,100.096667,100.523333,102.343333,99.553333,97.583333,96.35,96.773333,97.736667,99.046667,100.013333,103.76,107.75,109.236667,106.02,106.71,108.526667
IS:Iceland,170.28,171.313333,170.806667,169.8,169.896667,170.703333,170.443333,170.77,171.733333,173.84,176.51,175.586667,179.133333,180.5,181.836667,179.843333,181.616667,181.723333,183.03,187.536667,190.03,191.26,184.21,177.38,172.066667,155.55,152.806667,145.6,152.773333,160.993333,164.456667,163.733333,170.88,172.746667,165.15,165.466667,171.606667,168.32,169.59,173.903333,185.78,183.686667,189.346667,197.88,187.296667,159.833333,162.886667,167.17,167.34,174.986667,173.586667,171.596667,152.19,130.66,122.546667,93.146667,100.913333,89.806667,86.006667,85.023333,86.42,90.37,95.24,96.676667,93.263333,91.32,91.246667,93.156667,89.426667,89.04,93.14,88.596667,87.21,93.076667,92.446667,91.74,96.253333,97.18,96.55,96.133333,95.72,96.456667,98.976667,102.18,103.386667,105.126667,111.653333,120.773333,123.063333,128.12,121.156667,122.116667,122.056667,122.793333,121.453333,110.866667,111.183333,109.913333,109.7,110.76,107.343333,98.856667,96.623333,97.173333,100.193333,103.906667,103.55,103.09,106.553333,109.693333,108.48,105.21,102.27,105.256667,109.796667
MT:Malta,82.283333,83.3,82.47,82.71,82.423333,82.053333,82.62,83.206667,83.97,84.273333,84.726667,86.71,88.456667,88.55,89.373333,88.833333,88.623333,88.413333,88.243333,87.91,87.64,87.106667,86.733333,86.866667,88.03,88.503333,88.703333,89.153333,89.316667,89.243333,89.91,90.846667,92.256667,93.223333,92.623333,94.016667,95.526667,94.84,95.253333,95.906667,95.486667,94.41,93.476667,92.806667,92.533333,94.016667,94.606667,94.653333,94.943333,95.666667,96.03,97.493333,99.193333,102.193333,101.11,100.653333,102.24,102.09,103.146667,103.446667,99.72,95.686667,95.82,97.013333,96.97,98.693333,97.86,97.166667,95.263333,94.676667,93.136667,94.196667,95.773333,96.203333,97.31,97.966667,99.023333,98.336667,96.586667,95.576667,91.953333,90.866667,92.91,92.64,94.136667,94.083333,93.753333,93.55,93.246667,93.916667,96.536667,96.73,97.67,97.496667,98.856667,98.496667,97.716667,97.993333,98.146667,97.67,97.923333,99.253333,101.29,101.533333,101.216667,101.576667,101.156667,100.883333,101.006667,100.753333,100.43,102.113333,103.47,105,106.54
ZA:South Africa,390.176667,367.356667,376.026667,379.55,374.766667,331.653333,318.676667,308.41,330.576667,337.526667,332.926667,325.593333,329.13,314.7,262.546667,270.56,262.19,268.213333,269.33,266.526667,264.633333,250.033333,249.93,236.393333,226.98,229.046667,217.923333,180.413333,160.99,173.103333,167.25,181.19,201.536667,210.586667,220.25,233.553333,224.71,236.136667,243.21,246.666667,244.87,234.05,234.566667,237.843333,249.72,233.023333,208.816667,202.093333,202.243333,202.536667,199.26,202.15,177.846667,168.436667,172.223333,146.07,148.316667,169.673333,177.95,180.98,185.016667,190.303333,192.62,197.556667,193.156667,193.953333,185.443333,168.263333,176.69,171.31,169.486667,158.523333,154.59,147.726667,140.836667,136.863333,128.606667,132.27,131.193333,130.83,131.336667,128.52,121.336667,112.483333,101.543333,105.15,113.013333,117.606667,124.67,122.396667,118.763333,114.843333,126.68,122.47,114.076667,113.953333,115.01,113.116667,112.24,112.023333,108.123333,93.793333,96.13,101.953333,105.036667,111.526667,109.106667,105.166667,107.366667,109.466667,104.413333,101.906667,97.59,93.216667,94.683333
ES:Spain,89.593333,91.77,93.06,93.7,94.44,93.5,93.18,92.49,90.57,89.96,88.88,90.31,90.326667,90.736667,91.806667,92.81,92.136667,90.876667,90.636667,90.2,89.053333,88.143333,87.763333,87.266667,89.216667,88.613333,89.236667,89.5,89.176667,90.143333,91.633333,92.073333,93.64,94.733333,94.406667,95.216667,95.863333,95.19,95.486667,96.36,96.1,95.253333,94.556667,94.113333,94.093333,95.08,95.423333,95.356667,95.503333,95.85,95.993333,96.823333,97.476667,98.363333,97.36,96.253333,97.343333,97.71,98.236667,98.783333,96.883333,94.643333,94.536667,95.336667,95.306667,96.406667,96.06,95.63,94.4,94.073333,93.303333,94.173333,95.07,95.13,96.113333,96.856667,97.55,97.386667,96.41,95.586667,93.256667,92.656667,93.8,93.84,94.91,95.216667,95.276667,95.13,94.943333,95.506667,97.24,97.543333,98.146667,98.04,99.076667,98.74,98.09,98.24,98.263333,98.09,98.246667,99.56,101.006667,101.183333,100.873333,101.093333,100.606667,100.396667,100.416667,99.896667,99.41,100.676667,101.603333,102.53,103.703333
IT:Italy,76.983333,72.67,76.673333,77.693333,81.036667,84.126667,85.556667,86.89,86.313333,85.78,85.603333,87.166667,87.033333,87.87,89.336667,90.91,90.396667,89.02,88.783333,88.41,87.036667,85.85,85.34,84.793333,87.406667,86.613333,87.536667,87.923333,87.476667,88.72,90.783333,91.38,93.436667,94.893333,94.473333,95.686667,96.7,95.816667,96.18,97.246667,96.866667,95.826667,94.89,94.346667,94.273333,95.513333,95.99,95.903333,96.106667,96.476667,96.64,97.646667,98.346667,99.34,98.143333,96.806667,98.393333,98.833333,99.443333,99.963333,97.603333,94.95,94.836667,95.783333,95.673333,96.863333,96.386667,96.013333,94.556667,94.233333,93.346667,94.34,95.32,95.44,96.6,97.473333,98.33,98.116667,96.996667,96.18,93.483333,92.603333,94.05,94.076667,95.226667,95.453333,95.313333,95.03,94.72,95.403333,97.456667,97.806667,98.556667,98.386667,99.27,98.856667,98.17,98.22,98.13,97.943333,98.093333,99.4,101.12,101.386667,101.173333,101.406667,100.813333,100.383333,100.346667,99.366667,98.463333,99.783333,100.993333,102.066667,103.313333
MX:Mexico,333.19,320.073333,319.386667,271.633333,267.07,269.193333,266.62,257.843333,260.023333,259.216667,264.58,258.336667,251.71,244.846667,225.293333,209.903333,212.136667,225.34,226.936667,223.946667,226.233333,223.8,230.22,228.74,224.276667,239.33,238.03,238.126667,243.56,232.566667,221.096667,215.67,200.266667,204.67,199.43,188.65,190.526667,185.203333,183.666667,182.94,184.203333,188.863333,193.876667,194.79,195.776667,184.063333,187.536667,187.876667,185.203333,185.713333,182.89,181.816667,180.44,185.47,189.24,155.583333,142.253333,151.196667,149.63,149.993333,154.366667,158.586667,154.446667,157.163333,160.5,163.133333,155.606667,142.166667,149.266667,144.146667,148.466667,150.033333,154.063333,157.096667,152.206667,150.27,148.793333,151.49,150.54,145.29,137.773333,134.576667,127.173333,125.663333,117.35,115.74,111.84,107.266667,105.013333,113.983333,116.916667,109.863333,109.35,106.683333,111.28,107.246667,110.13,111.12,110.086667,111.19,107.983333,92.93,96.576667,102.51,102.853333,104.563333,105.156667,102.066667,103.576667,108.066667,109.33,113.49,117.43,124.613333,130.333333
MY:Malaysia,140.183333,138.97,142.393333,142.08,143.516667,147.376667,148.16,147.98,154.763333,154.116667,142.383333,119.17,110.46,114.026667,110.566667,111.03,111.916667,113.436667,112.016667,110.213333,111.403333,113.133333,114.676667,117.246667,118.61,122.096667,121.173333,122.04,124.093333,121.233333,118.136667,118.876667,116.573333,114.93,114.67,111.663333,109.793333,111.376667,111.34,108.336667,106.843333,108.296667,110.58,111.88,111.463333,112.156667,111.18,111.796667,114.856667,115.836667,113.186667,113.85,115.623333,114.73,112.44,111.586667,110.643333,110.62,108.716667,109.793333,111.833333,118.003333,119.066667,116.843333,118.53,117.09,116.503333,114.446667,117.77,117.01,116.826667,117.94,118.386667,120.51,115.263333,115.813333,113.796667,115.72,117.83,115.573333,111.18,110.356667,101.913333,97.193333,99.88,102.556667,101.27,97.456667,95.346667,96.373333,95.903333,98.253333,101.2,101.91,101.836667,101.016667,101.633333,100.986667,101.393333,101.313333,101.373333,99.41,99.72,99.5,99.393333,98.283333,97.73,98.836667,99.19,99.213333,99.836667,99.366667,99.843333,97.73,97.336667
AR:Argentina,3758.756667,3722.856667,3796.363333,3848.626667,3908.17,3958.476667,3970.693333,4011.916667,4135.993333,4193.916667,4278.533333,4327.59,4466.193333,4478.133333,4521.556667,4456.353333,5029.616667,5063.663333,5183.87,5224.25,5177.94,5282.41,5356.016667,5534.683333,5555.7,5865.133333,6028.21,6039.93,3746.526667,1800.833333,1730.01,1843.58,2019.716667,2111.45,2081.943333,2023.616667,1974.043333,2038.316667,1960.01,1899.083333,1875.793333,1869.046667,1850.123333,1772.576667,1695.893333,1680.97,1662.413333,1652.803333,1623.896667,1580.536667,1523.216667,1456.633333,1417.36,1391.256667,1444.87,1556.406667,1483.56,1332.233333,1228.963333,1187.966667,1208.603333,1206.126667,1174.716667,1132.68,1107.72,1055.943333,1046.423333,1077.99,1049.55,1071.966667,1047.78,999.15,945.15,919.573333,895.9,819.65,664.626667,616.183333,605.763333,622.536667,649.923333,645.396667,658.786667,629.406667,442.9,430.583333,402.923333,397.666667,388.623333,385.556667,342.073333,339.656667,295.81,261.696667,203.43,171.64,162.156667,146.053333,130.73,110.936667,109.75,106.89,96.48,86.876667,77.92,72.78,70.733333,70.313333,65.363333,59.383333,54.08,45.613333,37.366667,30.636667,23.053333
DZ:Algeria,193.863333,175.843333,162.693333,161.59,159.496667,160.343333,158.06,159.28,166.493333,171.22,173.87,176.583333,180.836667,181.823333,181.863333,176.916667,171.783333,170.01,170.35,171.2,173.76,169.726667,170.123333,173.816667,176.54,179.84,180.236667,181.356667,180.063333,171.133333,164.36,163.016667,154.746667,148.326667,151.773333,156.16,152.053333,157.443333,154.073333,145.866667,144.13,146.873333,149.493333,152.21,149.816667,147.04,145.62,144.806667,144.51,143.406667,143.47,141.536667,140.023333,142.326667,151.536667,155.223333,146.343333,139.786667,134.56,132.103333,136.456667,140.803333,137.73,133.356667,135.013333,132.103333,131.89,134.543333,135.033333,136.346667,129.486667,128.593333,128.996667,129.346667,126.88,125.433333,129.386667,127.63,127.946667,125.93,123.003333,117.986667,113.876667,111.096667,110.93,107.163333,108.02,110.86,112.913333,111.316667,106.056667,101.75,98.966667,100.526667,103.56,104.393333,103.676667,104.553333,105.396667,105.716667,105.816667,101.35,97.69,95.15,91.186667,91.6,91.443333,92.393333,93.126667,93.943333,99.72,103.523333,102.323333,103.6,106.44
MA:Morocco,83.126667,82.983333,83.603333,84.156667,84.616667,84.86,85.15,85.19,85.32,85.323333,85.356667,86.476667,87.366667,87.663333,88.523333,88.726667,89.593333,90.23,90.61,90.983333,91.46,92.566667,93.306667,94.163333,93.653333,91.133333,90.133333,90.343333,90.39,90.543333,90.966667,91.283333,91.65,91.866667,91.523333,91.54,91.503333,91.363333,91.486667,91.49,90.973333,90.406667,90.07,90.03,89.746667,90.3,90.473333,90.236667,90.093333,89.976667,89.86,89.946667,90.11,90.703333,90.196667,90.68,91.96,91.71,91.563333,91.626667,90.436667,89.166667,88.973333,89.013333,89.036667,89.4,89.346667,89.66,88.843333,89,88.643333,89.006667,89.47,89.723333,90.81,91.293333,92.113333,91.8,91.316667,91.356667,90.65,90.006667,91.133333,91.696667,92.49,91.906667,92.203333,93.383333,93.943333,93.42,92.963333,93.3,92.41,93.68,96.956667,97.693333,96.903333,97.463333,98.59,98.73,99.32,98.793333,100.43,101.456667,101.716667,103.01,103.856667,105.013333,103.98,103.76,103.676667,101.063333,101.7,103.486667,107.053333
MK:North Macedonia,66.15,68.256667,67.833333,68.733333,68.706667,69.18,71.36,72.17,75.59,75.576667,65.72,65.776667,66.323333,70.753333,71.673333,73.766667,73.713333,73.32,73.116667,73.343333,72.85,71.973333,71.666667,74.21,82.586667,82.666667,83.366667,83.823333,83.256667,84.036667,85.993333,86.176667,87.46,88.55,88.33,89.42,90.203333,89.883333,90.333333,90.956667,90.843333,90.53,90.1,89.933333,89.846667,90.89,91.12,90.506667,90.586667,90.83,90.7,91.08,91.856667,92.66,91.476667,91.89,93.983333,94.093333,94.503333,95.213333,93.61,91.916667,91.8,92.536667,92.66,93.466667,93.626667,93.333333,92.253333,92.023333,91.2,91.936667,92.85,92.69,93.88,94.473333,95.136667,94.826667,94.266667,93.44,91.483333,90.6,91.67,91.78,93.083333,93.486667,94.26,94.636667,94.423333,94.596667,96.286667,96.783333,97.043333,97.43,98.96,98.586667,97.786667,98.166667,98.433333,97.813333,97.993333,99.566667,101.03,101.41,100.876667,101.183333,100.843333,101.053333,101.46,101.546667,101.726667,102.633333,103.56,104.533333,106.356667
US:United States,74.1,71.246667,73.116667,75.42,76.82,77.47,77.686667,78.393333,80.966667,81.89,83.4,86.53,90.896667,91.53,94.183333,91.14,92.043333,92.66,92.206667,91.34,92.113333,94.15,95.133333,97.783333,98.34,100.5,100.25,100.926667,102.47,100.663333,98.956667,99.643333,97.516667,94.17,94.15,91.47,89.636667,91.733333,90.966667,87.533333,86.443333,87.523333,87.783333,88.52,87.326667,86.07,85.64,85.13,84.923333,82.926667,81.43,78.546667,76.99,75.6,76.983333,85.316667,87.563333,84.32,81.566667,79.49,80.316667,81.696667,80.763333,78.09,77.066667,75.076667,75.58,78.556667,78.053333,79.43,79.373333,78.21,78.683333,79.486667,80.296667,79.826667,80.92,80.546667,81.246667,84.856667,89.746667,90.323333,93.25,94.736667,96.693333,94.37,95.2,98.513333,99.283333,96.91,93.513333,94.273333,91.553333,93.643333,96.593333,98.316667,97.076667,97.89,98.906667,98.896667,99.853333,103.62,99.846667,96.68,95.263333,94.993333,96.156667,97.606667,98.153333,101.383333,105.456667,106.796667,102.766667,102.64,103.73
ID:Indonesia,573.483333,543.293333,557.16,563.146667,566.2,565.933333,566.313333,571.493333,581.316667,573.84,522,383.603333,170.063333,159.15,129.69,187.626667,171.823333,192.613333,203.426667,206.04,203.746667,185.56,177.19,171.406667,163.9,146.51,169.833333,159.896667,165.083333,180.31,177.783333,177.026667,175.786667,181.91,182.243333,175.763333,172.633333,164.83,161.796667,157.533333,152.393333,150.116667,145.293333,147.73,156.17,156.56,156.036667,154.61,153.483333,153.85,147.21,142.963333,138.983333,137.366667,140.926667,124.233333,118.493333,128.556667,132.036667,135.663333,139.943333,143.99,142.846667,138.67,138.51,140.636667,139.273333,137.01,135.383333,133.523333,130.663333,127.56,128.83,129.496667,120.31,110.303333,109.073333,110.423333,109.54,109.146667,108.396667,106.103333,103.21,105.036667,107.44,106.56,107.7,110.046667,110.223333,108.796667,106.35,104.486667,100.916667,99.453333,98.686667,98.71,101.646667,101.616667,103.39,103.81,103.153333,99.666667,98.75,98.43,98.71,97.686667,99.043333,100.793333,100.796667,103.426667,104.836667,102.303333,100.51,104.39,104.25
IE:Ireland,93.04,93.216667,93.95,94.123333,94.4,95.213333,96.68,98.7,99.636667,96.58,96.09,96.093333,92.436667,93.986667,95.52,96.573333,94.32,91.426667,90.726667,89.453333,87.1,85.236667,84.466667,83.263333,86.833333,84.983333,85.85,86.296667,85.716667,87.35,89.656667,90.47,93.65,96.266667,95.726667,97.31,98.593333,97.046667,97.703333,99.923333,99.98,98.273333,97.226667,96.386667,96.61,98.156667,98.556667,98.676667,99.08,100.05,100.473333,102.573333,104.416667,106.56,105.17,102.05,103.5,104.27,105.526667,106.893333,103.613333,99.513333,99.256667,101.1,100.946667,103.11,102.086667,100.66,98.816667,97.906667,96.483333,98.086667,99.903333,99.836667,100.94,101.913333,102.473333,102.193333,100.37,98.676667,94.166667,92.973333,94.116667,93.883333,95.33,96.016667,96.36,95.906667,95.416667,96.51,99.616667,99.846667,101.116667,100.106667,100.236667,99.61,98.746667,98.533333,98.536667,97.896667,97.856667,98.976667,101.473333,101.686667,101.49,101.416667,100.48,99.22,98.396667,96.97,95.366667,96.766667,98.466667,99.403333,99.97
EE:Estonia,79.333333,82.353333,79.926667,79.926667,80.076667,79.33,79.623333,78.976667,77.85,77.636667,76.216667,77.55,77.796667,78.223333,81.52,88.153333,88.82,87.826667,87.26,87.123333,86.266667,84.876667,84.263333,83.78,86.043333,85.15,86.04,86.34,85.853333,86.76,88.366667,88.7,90.42,91.616667,91.376667,92.09,93.06,92.2,92.496667,93.166667,93.08,92.606667,92.163333,91.876667,91.69,92.286667,92.486667,92.333333,92.54,92.81,92.866667,93.353333,93.786667,94.293333,93.59,93.626667,96.56,96.663333,96.67,96.793333,94.646667,92.406667,92.263333,92.946667,92.253333,93.3,93.323333,93.136667,91.463333,91.293333,90.123333,90.946667,91.616667,91.986667,93.106667,93.96,94.92,95.013333,94.453333,95.043333,94.376667,92.65,94.68,94.806667,96.31,95.923333,95.913333,95.67,94.86,95.42,97.056667,97.29,97.8,98.143333,98.973333,98.693333,98.21,98.143333,98.23,97.97,98.316667,99.716667,100.843333,101.123333,100.706667,100.716667,100.243333,99.496667,100.34,98.11,96.943333,98.396667,100.323333,101.886667,103.606667
BG:Bulgaria,1361.4,1347.386667,1333.386667,1321.153333,1276.826667,907.943333,500.77,339.996667,87.193333,70.353333,64.323333,66.183333,66.7,68.073333,70.52,75.383333,76.363333,75.926667,76.096667,76.42,75.956667,75.246667,75.266667,75.066667,77.716667,78.456667,79.683333,80.216667,79.17,80.39,82.96,83.243333,85.04,86.256667,85.58,86.84,87.276667,86.996667,87.083333,87.933333,87.156667,86.466667,85.546667,85.196667,85.053333,86.583333,87.116667,86.746667,86.7,86.763333,86.716667,87.243333,88.08,88.913333,87.46,87.746667,90.32,90.41,90.653333,91.2,89.243333,87.27,87.333333,88.036667,88.103333,88.886667,89.296667,89.523333,88.25,88.033333,87.33,88.02,88.69,88.876667,90.056667,90.856667,92.083333,91.67,91,90.7,89.093333,88.456667,90.003333,90.113333,91.193333,91.33,91.353333,91.566667,91.813333,92.233333,93.773333,94.403333,95.063333,95.673333,97.866667,97.363333,96.703333,97.2,97.003333,96.94,97.42,99.346667,101.16,102.073333,101.47,102.393333,101.883333,102.983333,104.46,104.056667,103.89,105.336667,106.596667,108.176667,111.11
JP:Japan,94.466667,105.84,95.956667,89.113333,86.346667,85.463333,84.283333,81.68,77.693333,79.66,83.03,81.446667,84.87,79.17,77.756667,88.616667,91.946667,89.44,95.786667,103.766667,101.926667,104.07,104.493333,104.633333,96.95,95.523333,95.926667,94.566667,88.786667,91.053333,95.113333,92.703333,93.75,92.416667,93.103333,98.773333,98.756667,97.603333,97.153333,98.59,98.47,96.576667,94.11,89.74,88.646667,89.243333,87.606667,85.61,83.516667,81.303333,82.51,83.97,88.69,88.09,86.836667,105.243333,109.77,102.34,104.17,106.483333,106.286667,106.173333,113.18,114.343333,113.603333,112.116667,118.003333,121.413333,118.013333,118.046667,120.693333,114.923333,100.666667,94.533333,95.013333,92.853333,91.343333,91.92,90.573333,84.43,83.823333,82.343333,83.756667,85.36,91.133333,95.983333,101.796667,97.563333,94.086667,94.96,92.803333,90.963333,92.15,92.806667,94.283333,94.23,95.33,96.473333,100.066667,98.596667,98.69,101.756667,100.323333,99.233333,96.506667,93.466667,93.913333,91.443333,89.836667,82.966667,80.566667,80.033333,82.756667,80.5,77.693333
BE:Belgium,94.75,96.86,95.84,96.546667,95.683333,94.243333,94.686667,93.57,91.613333,90.776667,89.493333,91.183333,91.34,92.023333,93.35,94.846667,93.87,92.25,91.903333,91.32,89.856667,88.696667,88.216667,87.566667,89.886667,88.906667,89.63,89.99,89.64,90.72,92.34,92.83,94.733333,96.093333,95.696667,96.656667,97.566667,96.683333,97.07,98.196667,98.063333,97.113333,96.413333,95.95,95.96,97.006667,97.353333,97.326667,97.546667,97.953333,98.18,99.18,100.003333,101.136667,100.26,98.75,99.916667,100.363333,100.946667,101.516667,99.41,96.903333,96.786667,97.713333,97.67,99.01,98.52,97.96,96.593333,96.216667,95.28,96.313333,97.393333,97.503333,98.596667,99.4,100.043333,99.826667,98.713333,97.883333,95.19,94.256667,95.463333,95.403333,96.493333,96.733333,96.716667,96.366667,95.863333,96.453333,98.383333,98.636667,99.343333,99.15,99.633333,99.253333,98.666667,98.58,98.496667,98.2,98.373333,99.46,100.956667,101.206667,101.016667,101.096667,100.566667,100.023333,99.916667,98.883333,97.98,99.07,100.32,101.186667,102.033333
FI:Finland,84.306667,87.37,88.113333,88.576667,85.416667,83.503333,86.403333,86.336667,84.843333,83.35,82.343333,83.66,83.523333,84.03,86.536667,90.163333,89.51,87.753333,87.166667,86.613333,85.093333,83.55,82.933333,82.313333,85.193333,84.15,85.133333,85.546667,84.973333,86.133333,88.14,88.703333,90.98,92.643333,92.223333,93.28,94.566667,93.433333,93.91,95.02,94.786667,93.663333,92.82,92.263333,92.09,93.203333,93.653333,93.633333,93.933333,94.506667,94.713333,95.833333,96.66,97.743333,96.773333,95.766667,98.313333,98.603333,99.1,99.373333,96.53,93.33,93.183333,94.22,93.51,94.816667,94.536667,94.036667,92.273333,92.016667,90.696667,91.77,92.583333,92.906667,94.193333,95.23,96.166667,96.203333,95.34,95.313333,93.65,92.206667,94.126667,94.123333,95.52,95.34,95.343333,95.09,94.29,95.066667,96.956667,97.303333,98.03,98.21,99.063333,98.703333,98.113333,98.136667,98.206667,97.95,98.256667,99.633333,100.976667,101.133333,100.71,100.77,100.25,99.426667,99.96,98.046667,96.943333,98.58,100.413333,102.016667,103.653333
RU:Russia,1290.566667,1058.433333,1195.916667,1191.863333,1174.473333,1148.92,1086.27,1057.886667,1089.59,1092.553333,1121.896667,1113.153333,1135.986667,1114.18,857.87,380.173333,290.023333,284.013333,284.523333,268.953333,255.946667,266.14,277.65,284.84,273.466667,281.48,276.873333,272.203333,267.16,255.17,243.01,239.616667,230.983333,228.633333,232.443333,228.676667,229.773333,233.29,229.07,224.36,225.843333,229.873333,230.923333,233.74,235.396667,237.273333,239.12,238.12,237.81,236.806667,236.05,234.523333,232.016667,231.9,230.586667,227.43,186.273333,190.88,188.45,195.183333,199.193333,205.753333,200.236667,191.873333,200.07,202.273333,196.393333,189.883333,198.476667,195.89,192.246667,193.336667,197.376667,191.793333,184.806667,183.316667,170.843333,170.986667,167.71,134.483333,107.16,129.136667,109.08,105.62,93.973333,104.483333,107.41,113.826667,123.376667,124.02,115.643333,116.64,115.61,108.593333,107.053333,106.886667,107.096667,110.773333,112,113.9,109.566667,102.313333,96.656667,91.463333,92.403333,92.983333,95.24,98.306667,85.453333,116.903333,133.973333,128.59,106.346667,95.186667,83.576667
SA:Saudi Arabia,81.336667,78.423333,80.366667,81.496667,83.016667,84.046667,83.996667,84.526667,87.666667,88.556667,90.59,92.753333,97.656667,97.653333,98.426667,94.093333,95.516667,97.736667,97.173333,96.296667,98.086667,100.506667,102.29,104.89,104.86,108.583333,107.743333,108.09,109.906667,106.84,103.283333,103.16,99.98,97.566667,97.373333,94.02,91.5,93.333333,92.996667,89.826667,88.463333,90.1,91.58,93.103333,91.933333,90.146667,89.863333,89.01,88.14,86.623333,85.433333,83.123333,81.28,80.393333,82.286667,89.44,91.033333,88.3,85.443333,83.266667,84.973333,87.55,86.06,83.17,82.886667,81.003333,81.286667,83.53,83.756667,84.87,85.25,83.966667,84.403333,85.433333,85.956667,85.13,85.66,85.326667,86.136667,89.13,92.823333,93.52,95.16,96.14,96.89,95.213333,95.563333,98.246667,99.19,97.636667,95.246667,95.233333,92.64,94.376667,98.063333,99.136667,98.146667,99.093333,100.07,100.163333,100.57,102.2,99.583333,97.65,96.446667,96.936667,97.93,99.45,100.586667,104.433333,108.523333,109.903333,106.51,107.333333,109.423333
FR:France,91.326667,92.666667,93.336667,93.89,93.746667,93.333333,93.636667,93.16,91.426667,90.623333,89.32,91.786667,92.01,92.693333,94.016667,95.4,94.406667,92.756667,92.386667,91.803333,90.32,89.026667,88.46,87.72,90.183333,89.23,90.003333,90.33,89.88,90.996667,92.823333,93.373333,95.38,96.91,96.52,97.59,98.563333,97.63,98.01,99.203333,99.006667,97.963333,97.096667,96.526667,96.523333,97.69,98.116667,98.103333,98.346667,98.84,99.04,100.116667,100.84,101.903333,100.763333,98.976667,100.14,100.69,101.386667,102.006667,99.706667,97.013333,96.85,97.816667,97.683333,98.946667,98.33,97.696667,96.333333,95.886667,94.956667,95.94,97.02,97.06,98.016667,98.82,99.503333,99.39,98.23,97.213333,94.413333,93.613333,94.816667,94.793333,95.813333,96.14,96.13,95.9,95.613333,96.316667,98.323333,98.56,99.22,98.873333,99.65,99.25,98.526667,98.54,98.543333,98.273333,98.323333,99.46,101.06,101.156667,100.91,101.033333,100.44,99.82,99.55,98.793333,97.976667,99.28,100.29,101.243333,102.246667
NZ:New Zealand,90.246667,91.506667,92.616667,92.633333,96.27,97.096667,98.716667,101.03,102.946667,102.743333,98.493333,97.663333,95.5,89.803333,87.236667,85.81,87.803333,89.243333,85.716667,82.753333,81.713333,80.686667,75.646667,72.616667,77.106667,75.986667,76.503333,76.146667,78.866667,83.346667,82.703333,86.8,92.95,93.316667,95.046667,97.356667,101.873333,97.543333,101.35,104.526667,105.46,106.886667,104.6,106.72,101.386667,93.54,94.826667,99.743333,101.906667,106.303333,104.966667,104.576667,105.676667,101.753333,95.92,85.576667,79.743333,86.636667,93.16,97.173333,95.773333,96.506667,97.04,98.273333,97.123333,99.876667,103.91,99.32,103.993333,102.13,104.223333,105.05,107.41,107.5,106.356667,109.41,111.933333,114.503333,112.746667,108.99,109.51,107.196667,97.813333,101.18,101.136667,103.183333,107.96,109.056667,109.67,107.33,107.95,103.15,104.39,102.923333,101.24,102.903333,103.496667,101.596667,100.556667,99.916667,99.28,97.733333,100.883333,102.106667,104.963333,104.87,104.463333,104.683333,102.41,102.38,100.573333,100.653333,101.143333,100.436667,100.113333
SE:Sweden,99.816667,97.133333,100.506667,108.623333,109.396667,112.386667,113.183333,113.026667,107.763333,105.306667,107.196667,109.206667,107.88,110.363333,107.723333,104.253333,107.583333,106.073333,107.933333,107.866667,107.71,108.966667,106.413333,102.95,101.576667,98.82,96.723333,96.433333,99.246667,100.423333,101.826667,104.006667,105.64,108.213333,107.666667,110.916667,110.283333,109.346667,109.663333,112.74,111.75,108.796667,105.826667,103.983333,105.38,107.23,108.666667,109.98,109.523333,109.2,109.243333,110.033333,109.786667,111.586667,109.04,100.016667,95.1,96.82,100.75,101.706667,103.14,103.556667,106.263333,109.323333,113.37,112.916667,110.706667,110.85,112.033333,110.81,115.743333,114.386667,117.66,116.873333,116.783333,115.436667,116.426667,113.616667,110.55,108.946667,105.003333,104.823333,105.036667,106.633333,107.706667,108.416667,105.723333,102.716667,104.993333,103.823333,107.216667,104.846667,103.53,99.6,99.753333,100.283333,98.65,96.843333,96.52,96.506667,96.556667,98.033333,102.143333,103.27,104.32,104.023333,103.073333,103.09,99.303333,98.68,96.66,95.103333,93.93,92.773333,91.213333
BR:Brazil,348.976667,321.53,314.76,311.2,309.826667,308.346667,302.35,299.323333,302.923333,300.646667,300.333333,298.463333,302.733333,296.793333,292.71,279.35,192.24,200.833333,185.363333,180.05,196.356667,197.82,198.79,190.55,180.84,163.146667,146.076667,146.22,164.71,162.7,128.416667,108.573333,110.58,125.506667,128.14,126.526667,124.08,120.216667,122.186667,127.036667,131.25,142.79,152.366667,160.816667,163.826667,162.253333,162.883333,163.153333,165.653333,173.6,178.14,186.616667,188.38,194.386667,196.703333,154.963333,156.156667,170.786667,185.95,195.606667,191.703333,197.706667,200.35,201.483333,203.776667,208.716667,205.32,191.506667,195.493333,178.65,173.896667,169.6,175.76,171.873333,156.673333,157.53,155.636667,165.66,164.356667,152.006667,141.616667,132.153333,117.76,109.803333,113.016667,123.506667,134.86,136.313333,143.71,138.633333,138.256667,134.923333,132.78,123.373333,118.33,126.086667,126.9,124.116667,125.146667,122.463333,114.546667,97.03,95.04,93.39,91.923333,95.44,98.04,93.033333,100.523333,110.7,108.193333,110.636667,110.366667,117.923333,124.053333
AT:Austria,94.113333,95.88,95.096667,95.646667,95.176667,94.176667,94.723333,94.32,93.453333,93.106667,92.343333,93.69,93.96,94.593333,95.683333,96.966667,96.65,95.786667,95.51,95.216667,94.296667,93.48,93.08,92.676667,94.403333,93.67,94.15,94.286667,93.846667,94.53,95.846667,96.166667,97.603333,98.713333,98.646667,99.433333,100.193333,99.406667,99.57,100.186667,99.866667,99.23,98.58,98.226667,98.126667,98.963333,99.33,99.173333,99.28,99.58,99.683333,100.313333,100.633333,101.08,100.12,99.273333,100.64,100.876667,101.123333,101.47,99.803333,97.956667,97.763333,98.336667,98.1,98.813333,98.37,98.376667,97.326667,97.07,96.356667,97.036667,97.846667,97.936667,98.633333,99.25,99.876667,99.773333,99.01,98.36,96.21,95.44,96.453333,96.473333,97.236667,97.41,97.273333,97.053333,96.77,97.23,98.626667,98.856667,99.286667,99.14,99.616667,99.35,98.843333,98.85,98.803333,98.656667,98.703333,99.69,100.74,100.87,100.716667,100.746667,100.31,99.843333,99.58,99.003333,98.346667,99.27,99.883333,100.446667,101.206667
AU:Australia,95.85,89.413333,93.626667,96.14,98.51,104.033333,103.57,105,105.886667,105.396667,103.246667,100.943333,102.896667,97.383333,94.213333,93.01,95.163333,99.72,98.413333,96.266667,95.696667,90.94,90.13,85.646667,85.66,85.136667,84.573333,84.836667,87.26,90.37,87.076667,88.74,91.646667,97.086667,99.496667,104.846667,109.656667,104.053333,102.946667,106.506667,108,108.466667,108.816667,107.916667,106.06,105.503333,106.706667,107.566667,108.66,113.276667,113.923333,116.41,115.923333,119.236667,114.323333,91.753333,91.833333,102.77,109.61,116.896667,117.846667,117.29,117.846667,124.943333,126.173333,130.446667,128.5,126.756667,132.24,127.983333,131.963333,130.276667,131.253333,126.436667,117.586667,118.106667,114.983333,119.483333,119.21,113.833333,108.53,107.85,102.78,103.156667,103.946667,105.573333,107.656667,109.363333,111.343333,108.72,111.356667,108.283333,107.196667,104.706667,104.92,104.156667,102.04,101.216667,100.126667,99.826667,96.393333,97.563333,103.246667,102.793333,107.256667,107.323333,103.603333,103.716667,103.546667,106.486667,105.89,103.226667,103.55,102.14,101.866667
RO:Romania,1588.823333,1454.27,1378.923333,1203.246667,1073.656667,1030.526667,964.06,872.336667,515.726667,474.846667,476.7,448.486667,445.88,431.503333,413.736667,358.236667,295.203333,255.213333,243.37,227.576667,219.596667,211.666667,196.656667,183.336667,166.08,164.966667,155.98,148.6,145.27,135.96,130.756667,127.466667,122.31,117.76,117.276667,111.643333,110.166667,109.12,108.526667,112.636667,120.46,122.503333,124.62,120.296667,122.68,126.246667,126.06,127.956667,131.483333,135.673333,137.803333,129.696667,122.176667,124.253333,125.143333,117.793333,107.903333,109.683333,108.88,108.336667,110.25,106.356667,104.526667,104.336667,105.95,109.2,106.163333,104.646667,102.78,100.76,97.563333,98.316667,102.383333,102.34,102.386667,102.9,102.763333,104.23,103.78,102.806667,100.55,100.006667,101.726667,101.166667,101.42,101.48,102.273333,101.343333,101,100.66,101.403333,100.96,100.613333,100.986667,102.636667,101.966667,99.673333,99.713333,100.07,99.15,98.856667,99.643333,100.77,100.73,100.166667,99.586667,99.02,99.076667,99.673333,99.48,99.986667,101.003333,101.73,101.95,103.643333
NL:Netherlands,93.973333,96.023333,95.143333,95.946667,95.123333,93.666667,94.163333,93,90.673333,89.66,88.186667,90.45,90.836667,91.573333,93.213333,94.97,93.846667,91.89,91.323333,90.543333,88.81,87.32,86.726667,85.99,88.843333,87.693333,88.53,88.92,88.453333,89.673333,91.686667,92.396667,94.76,96.596667,96.17,97.456667,98.696667,97.546667,98.043333,99.456667,99.243333,97.98,96.976667,96.27,96.23,97.563333,98.053333,98.066667,98.316667,98.94,99.213333,100.47,101.233333,102.5,101.356667,99.106667,100.403333,101.13,101.943333,102.6,99.976667,96.84,96.626667,97.743333,97.5,98.946667,98.293333,97.513333,96.03,95.55,94.466667,95.583333,96.86,96.946667,98.033333,98.923333,99.653333,99.51,98.273333,97.436667,94.71,93.706667,95.076667,95.07,96.166667,96.37,96.373333,96.126667,95.716667,96.436667,98.543333,98.683333,99.323333,98.916667,99.646667,99.273333,98.526667,98.506667,98.57,98.22,98.32,99.456667,101.073333,101.146667,100.853333,100.916667,100.343333,99.56,99.246667,98.37,97.53,98.883333,100.003333,101.09,102.106667
NO:Norway,120.78,121.77,122.263333,122.203333,122.14,121.77,122.443333,123.133333,126.606667,121.063333,118.47,123.016667,120.603333,120.01,118.426667,116.703333,117.553333,120.44,119.68,119.016667,117.966667,114.57,115.483333,115.713333,117.44,118.956667,120.44,121.51,123,129.303333,133.976667,136.013333,134.543333,130.116667,125.016667,126.51,121.97,126.156667,124.683333,128.743333,127.833333,129.766667,131.703333,131.186667,128.53,133.136667,129.74,126.293333,128.296667,130.03,133.463333,135.49,135.573333,137.64,134.346667,120.253333,122.873333,124.733333,126.626667,132.486667,133.086667,131.853333,130.536667,130.086667,132.963333,135.096667,135.536667,134.556667,135.113333,134.986667,135.55,137.83,138.15,135.03,130.983333,127.233333,126.47,128.696667,126.18,120.333333,114.79,115.69,110.1,107.476667,106.706667,109.403333,110.013333,113.223333,113.113333,109.516667,111.816667,109.093333,109.63,110.536667,111.343333,110.09,108.233333,108.89,107.623333,104.673333,101.306667,96.99,101.35,100.36,104.683333,106.6,103.696667,106.593333,107.106667,105.473333,104.416667,102.8,98.426667,93.94,97.193333
RS:Serbia,4212.246667,4417.313333,4342.546667,3028.9,1334.546667,1335.173333,1363.666667,1367.876667,1397.793333,1396.016667,1389.28,1414.213333,1418.5,791.986667,805.553333,844.393333,853.26,849.226667,847.583333,849.886667,844.183333,834.99,832.5,609.643333,169.466667,167.06,167.5,167.4,166.053333,166.446667,168.913333,168.476667,167.583333,164.26,162.653333,159.873333,156.653333,152.126667,147.09,140.99,134.686667,131.026667,126.756667,123.573333,121.46,122.91,128.966667,134.5,133.693333,132.163333,133.97,137.096667,131.486667,134.696667,139.853333,126.683333,117.336667,117.183333,118.51,117.573333,110.7,105.706667,101.796667,101.236667,103.563333,108.553333,106.626667,106.713333,99.56,94.296667,90.92,94.283333,96.51,96.126667,95.45,95.983333,95.833333,95.783333,93.746667,91.363333,89.066667,89.01,90.68,90.326667,89.963333,89.72,89.48,89.516667,89.023333,90.01,93.833333,94.67,95.69,96.32,97.916667,97.413333,96.896667,97.333333,97.55,97.536667,97.93,99.533333,100.983333,101.56,101.153333,101.563333,101.11,101.42,102.33,101.516667,101.206667,102.52,103.73,104.873333,107.263333
BA:Bosnia & Herzegovina,67.123333,68.42,67.67,68.033333,67.76,67.28,67.66,67.18,66.74,66.606667,66.233333,66.79,66.93,72.866667,73.3,74.43,74.486667,74.29,74.196667,74.283333,74.006667,73.716667,73.99,77.086667,85.566667,85.666667,85.926667,86.173333,85.733333,85.943333,87.27,87.41,88.486667,89.236667,89.253333,90.096667,90.663333,90.576667,90.82,91.43,91.536667,91.35,90.953333,90.816667,90.776667,91.473333,91.533333,90.866667,90.92,91.12,91.026667,91.29,91.94,92.313333,90.993333,91.696667,93.976667,93.823333,93.98,94.446667,93.533333,92.623333,94.623333,93.1,93.02,93.513333,93.72,93.736667,92.97,93.176667,92.546667,92.87,93.473333,93.41,94.25,94.876667,95.75,95.64,95.093333,94.56,93.073333,92.3,93.426667,93.54,94.413333,94.626667,94.723333,94.77,94.876667,95.073333,96.26,96.613333,96.993333,97.34,98.77,98.48,97.876667,98.12,98.143333,98,98.27,99.566667,100.82,101.346667,101.006667,101.333333,101.06,101.45,102.133333,101.986667,101.796667,102.693333,103.473333,104.653333,106.526667
CH:Switzerland,61.176667,63.556667,63.213333,65.23,64.44,62.883333,63.52,60.796667,57.33,58.15,58.383333,60.426667,60.753333,59.8,60.883333,63.513333,62.853333,61.583333,61.163333,60.773333,59.403333,60.053333,60.34,60.92,62.206667,61.603333,63.106667,64.84,64.563333,65.84,67.403333,67.783333,69.44,68.23,66.666667,67.133333,67.37,67.996667,68.38,69.453333,68.636667,68.013333,66.913333,66.746667,66.24,66.95,66.75,66.12,65.383333,64.526667,64.71,65.04,68.103333,68.516667,67.71,69.886667,72.033333,71.736667,72.05,73.06,73.363333,73.803333,78.076667,79.553333,81.73,85.443333,91.283333,85.636667,85.743333,85.75,84.563333,85.4,85.193333,85.056667,85.833333,87.123333,88.276667,88.456667,87.73,87.086667,94.44,96.363333,94.853333,93.64,93.773333,94.12,94.57,94.923333,95.44,95.116667,93.416667,91.003333,91.696667,90.386667,93.333333,93.51,93.043333,93.413333,96.04,95.706667,98.423333,100.11,100.783333,100.69,99.383333,98.74,99.43,101.11,102.31,102.05,106.38,106.836667,107.32,110.076667,113.17
CL:Chile,131.126667,137.633333,138.71,133.07,134.63,136.74,135.93,134.473333,139.096667,140.63,143.896667,143.603333,141.39,140.326667,137.36,134.52,134.11,135.24,128.63,123.403333,130.876667,131.57,125.09,123.75,123.376667,120.416667,109.29,106.486667,113.2,117.21,109.453333,109.55,103.463333,103.233333,105.713333,114.823333,119.92,113.983333,113.526667,116.356667,117.57,117.523333,124.176667,131.476667,130.036667,128.12,124.596667,126.05,122.363333,123.15,123.233333,123.746667,131.42,127.383333,117.16,103.18,110.446667,114.816667,116.12,119.63,121.12,120.673333,123.64,128.123333,126.816667,127.323333,127.196667,119.856667,125.366667,125.676667,129.91,129.676667,131.22,129.156667,124.546667,121.633333,115.246667,114.626667,110.893333,110.303333,110.14,112.326667,105.126667,103.586667,105.063333,106.833333,109.793333,111.953333,114.206667,111.27,112.326667,114.04,117.07,115.996667,113.64,112.49,113.253333,111.896667,110.096667,103.603333,98.216667,98.62,101.463333,101.7,105.98,107.393333,100.553333,95.076667,97.006667,96.216667,90.973333,93.66,102.67,104.756667,100.536667
KR:Korea,126.213333,124.443333,128.61,131.233333,131.17,131.846667,127.08,125.943333,124.91,121.963333,123.103333,102.93,74.07,86.036667,92.323333,91.13,98.486667,100.546667,99.013333,99.47,104.95,107.353333,108.766667,106.116667,98.02,97.943333,98.61,99.386667,98.986667,101.446667,104.683333,103.216667,102.35,99.98,102.77,99.146667,98.303333,100.606667,101.15,104.24,110.246667,113.42,112.266667,113.183333,118.986667,120.52,119.736667,121.176667,120.26,120.206667,118.66,116.06,108.506667,99.893333,96.9,78.463333,76.366667,83.246667,84.126667,87.41,90.316667,90.186667,87.09,88.323333,88.683333,89.803333,89.3,86.19,87.276667,86.583333,88.336667,90.97,92.65,90.626667,92.476667,96.156667,96.393333,100.406667,101.16,98.603333,101.113333,101.75,97.293333,99.54,96.606667,97.88,101.88,101.263333,102.643333,103.14,100.566667,103.046667,103.07,103.81,103.876667,104.643333,103.366667,100.48,99.156667,100.92,99.58,98.873333,98.94,102.61,101.703333,101.356667,98.773333,97.573333,96.413333,95.75,93.396667,93.873333,96.553333,94.723333,97.096667
CN:China,62.9,60.816667,63.126667,64.48,65.646667,66.273333,66.65,67.52,70.12,70.633333,71.836667,74.9,79.063333,79.216667,80.376667,76.926667,77.426667,78.923333,77.983333,76.706667,77.65,78.83,79.806667,81.676667,82.663333,85.013333,84.6,84.963333,86.85,84.663333,82.07,82.553333,80.533333,79.043333,78.783333,76.276667,74.726667,75.993333,75.713333,73.25,72.026667,73.11,75.64,77.543333,76.666667,75.65,76.1,76.656667,77.336667,77.19,77.433333,76.51,77.796667,79.31,82.76,89.61,91.383333,88.783333,85.87,83.463333,84.726667,86.883333,86.03,84.59,84.85,83.88,85.146667,88.983333,89.813333,90.906667,90.676667,91.11,92.836667,95.87,97.13,96.866667,97.843333,94.84,97.076667,102.156667,105.606667,106.766667,107.66,107.32,105.413333,102.77,100.093333,100.4,100.066667,98.51,99.283333,100.296667,101.67,103.423333,99.463333,98.933333,100.75,100.473333,98.09,97.66,99.4,99.556667,99.256667,101.78,103.25,104.13,105.366667,108.566667,110.753333,110.19,110.39,107.12,107.78,105.706667,103.783333
GR:Greece,89.55,89.833333,88.92,87.903333,87.456667,89.28,90.796667,91.266667,92.36,90.91,90.8,92.836667,91.603333,86.406667,89.296667,90.696667,92.526667,90.8,90.233333,88.996667,86.9,84.963333,84.21,83.33,86.063333,85.696667,86.486667,86.883333,86.493333,87.446667,89.06,89.64,91.55,92.936667,92.336667,93.493333,94.35,93.566667,93.973333,94.876667,94.426667,93.546667,92.86,92.476667,92.303333,93.316667,93.74,93.613333,93.756667,94.086667,94.193333,95.046667,95.886667,97.116667,96.096667,95.506667,96.823333,97.013333,97.56,98.01,95.97,93.77,93.746667,94.49,94.463333,95.366667,95.213333,94.996667,93.793333,93.466667,92.726667,93.34,93.99,94.083333,94.933333,95.5,96.296667,95.96,95.033333,94.513333,92.426667,91.71,93.136667,93.106667,94.223333,94.406667,94.336667,94.343333,94.306667,94.776667,96.42,96.726667,97.253333,97.38,98.873333,98.473333,97.84,98.166667,98.13,97.94,98.186667,99.49,101.02,101.296667,100.886667,101.39,100.99,101.23,101.913333,101.43,101.076667,102.37,103.356667,104.723333,106.54
CO:Colombia,309.093333,294.98,282.23,269.173333,262.88,256.633333,259.97,274.003333,268.953333,266.423333,251.163333,227.453333,223.786667,218.543333,213.053333,191.406667,196.703333,189.85,164.7,160.49,160.826667,154.453333,146.286667,150.446667,144.4,143.106667,144.663333,144.483333,148.25,146.046667,128.246667,122.386667,114.19,113.676667,114.25,112.716667,116.3,119.153333,122.796667,124.076667,130.43,131.326667,133.086667,135.223333,135.016667,124.97,124.24,130.346667,134.543333,145.55,142.953333,140.673333,146.183333,155.3,146.626667,132.54,128.46,134.683333,145.296667,146.076667,148.883333,150.853333,159.083333,152.786667,150.36,153.81,155.21,149.613333,158.746667,162.94,162.39,159.716667,160.573333,155.533333,153.82,152.66,147.17,153.73,155.316667,141.386667,129.703333,129.07,113.1,110.36,105.77,112.69,114.993333,115.1,119.143333,117.353333,112.47,112.646667,115.17,118.736667,118.21,111.903333,111.693333,109.28,107.47,106.01,103.57,98.406667,99.106667,98.91,101.013333,97.19,94.09,94.603333,93.676667,95.63,88.593333,81.503333,80.003333,86.08,95.353333
SI:Slovenia,133.84,137.936667,135.273333,129.79,122.603333,120.293333,121.836667,119.29,118.046667,117.88,115.813333,114.113333,114.44,116.06,116.47,117.786667,115.833333,113.053333,111.15,110.8,107.956667,105.286667,103.203333,101.716667,101.65,100.15,99.633333,99.476667,98.223333,97.35,97.516667,96.81,97.143333,97.083333,96.2,96.333333,96.19,95.16,94.803333,95.31,95.056667,94.773333,94.443333,94.29,94.143333,94.6,94.773333,94.46,94.43,94.503333,94.51,94.763333,95.196667,95.493333,94.546667,94.693333,96.6,96.62,96.7,96.943333,95.726667,94.436667,94.516667,95.063333,94.936667,95.46,95.493333,95.636667,94.783333,94.686667,94.113333,94.54,95.086667,95.23,95.92,96.403333,97.14,96.89,96.313333,96.173333,94.833333,94.033333,95.236667,95.29,96.22,96.18,95.996667,95.92,95.756667,96.06,97.326667,97.666667,97.99,98.146667,99.106667,98.83,98.363333,98.556667,98.446667,98.363333,98.55,99.686667,100.743333,101.023333,100.806667,101.096667,100.743333,100.81,101.203333,100.753333,100.326667,101.31,101.993333,102.836667,104.09
SG:Singapore,76.076667,75.52,76.713333,78.2,79.543333,80.34,80.266667,81.436667,82.753333,82.4,82.316667,81.95,84.41,85.656667,83.073333,82.213333,79.713333,80.23,80.49,80.22,79.826667,79.92,80.573333,81.893333,82.41,81.713333,82.8,80.913333,81.776667,81.1,81.193333,81.166667,80.663333,79.226667,78.896667,78.196667,78.376667,79.166667,78.95,79.453333,79.426667,79.31,79.54,79.9,81.53,82.136667,82.633333,83.086667,83.7,82.94,82.576667,84.086667,84.856667,86.82,86.563333,86.583333,86.326667,86.503333,86.396667,86.95,87.043333,88.856667,89.69,90.776667,91.826667,92.683333,93.586667,91.35,92.91,94.086667,95.643333,96.356667,96.093333,96.383333,96.123333,97.096667,96.623333,97.48,98.013333,97.853333,96.76,98.08,97.216667,97.29,98.036667,99.36,99.746667,98.243333,98.51,98.713333,99.1,99.346667,99.11,99.373333,100.24,100.81,101.03,101.21,101.093333,101.87,100.39,99.866667,100.03,99.716667,99.71,100.133333,99.643333,100.036667,100.986667,102.986667,105.24,107.766667,108.403333,108.953333,110.07
SK:Slovak Republic,68.14,68.276667,68.19,68.67,69.376667,69.446667,68.886667,68.69,70.163333,71.983333,73.406667,73.516667,73.52,73.453333,72.166667,67.846667,67.18,63.993333,65.076667,67.043333,68.19,67.716667,66.56,65.236667,65.436667,65.746667,66.096667,65.633333,66.74,65.67,65.276667,68.82,69.686667,71.276667,70.493333,71.983333,73.71,73.963333,73.966667,75.163333,76.773333,75.14,75.023333,75.076667,76.793333,77.006667,76.95,80.83,84.486667,86.226667,86.66,87.243333,88.496667,93.563333,95.636667,96.49,100.366667,99.916667,99.59,99.89,97.973333,96.163333,96.153333,96.576667,96.193333,96.88,96.876667,97.41,96.056667,95.863333,94.883333,95.386667,96.296667,96.563333,97.216667,97.823333,98.736667,98.553333,97.873333,97.48,95.79,94.783333,96,96.016667,97.046667,97.15,96.953333,96.846667,96.523333,96.693333,97.806667,97.756667,97.94,97.996667,98.813333,98.623333,98.083333,98.23,98.44,98.19,98.416667,99.98,100.726667,100.87,100.53,100.413333,100.086667,99.836667,99.646667,99.25,99.02,99.92,100.126667,100.58,101.65
CA:Canada,86.016667,87.1,89,89.803333,89.456667,90.08,89.733333,91.393333,91.936667,90.39,91.106667,90.52,90.576667,89.663333,86.23,83.443333,85.516667,88.233333,87.24,87.76,89.316667,88.343333,88.613333,86.76,86.796667,86.703333,86.463333,84.543333,84.28,85.883333,84.683333,84.423333,87.13,93.21,94.413333,98.08,97.1,94.893333,98.403333,104.316667,103.303333,102.343333,106.343333,109.496667,110.75,113.326667,113.266667,111.076667,107.573333,114.14,119.166667,125.483333,121.353333,119.453333,116.566667,104.15,102.156667,107.623333,113.033333,116.383333,118.886667,121.616667,119.42,120.76,123.463333,124.36,123.086667,119.573333,121.99,121.813333,123.783333,123.393333,121.443333,120.096667,118.616667,116.99,111.656667,112.823333,113.493333,110.61,103.603333,104.713333,99.46,98.093333,96,101.583333,100.836667,99.98,101.23,98.536667,104.2,103.063333,102.086667,100.913333,101.166667,100.903333,99.62,99.44,101.34,101.38,99.95,98.163333,100.553333,101.336667,103.64,106.926667,104.74,105.413333,105.14,106.113333,105.596667,102.02,100.603333,101.293333,102.083333
GB:United Kingdom,99.943333,97.173333,97.443333,97.113333,97.286667,98.736667,100.163333,106.803333,112.196667,114.876667,118.1,120.956667,124.79,124.95,125.303333,122.026667,122.703333,125.356667,125.14,127.86,129.76,128.24,126.256667,127.496667,125.373333,127.253333,127.653333,128.093333,128.66,127.62,129.71,130.53,127.186667,123.643333,123.34,125.593333,131.12,132.06,131.76,129.236667,129.286667,130.41,127.81,127.493333,126.246667,128.046667,130.626667,132.123333,133.206667,132.396667,132.506667,128.773333,121.243333,117.37,115.323333,106.22,98.893333,103.133333,105.136667,101.89,100.813333,101.05,103.493333,101.463333,102.11,100.326667,100.106667,101.7,102.616667,105.193333,106.323333,105.633333,101.433333,101.59,102.556667,105.53,108.186667,109.846667,111.163333,110.196667,112.82,115.14,117.716667,116.823333,110.556667,108.57,100.05,97.3,97.96,98.886667,97.06,98.513333,99.85,100.2,99.223333,99.303333,100.173333,99.88,96.68,101.276667,101.243333,99.526667,99.436667,99.79,102.903333,104.673333,104.73,104.856667,105.956667,103.483333,101.29,101.283333,101.046667,103.99,106.6
TW:Chinese Taipei,96.896667,95.166667,93.09,94.54,95.213333,96.203333,96.056667,97.096667,100.4,100.043333,99.31,94.083333,93.19,92.26,91.26,91.496667,92.163333,93.433333,94.256667,93.563333,97.686667,99.273333,99.22,97.023333,98.1,97.83,93.91,94.683333,95.303333,94.77,93.563333,91.793333,90.293333,88.94,89.936667,87.996667,88.163333,89.47,87.74,88.123333,90.906667,92.453333,90.846667,88.956667,90.973333,89.856667,88.183333,87.45,86.726667,85.266667,84.636667,83.596667,83.613333,85.663333,84.86,83.576667,81.683333,82.53,81.353333,80.696667,82.38,83.723333,81.866667,83.783333,86.16,85.766667,84.24,82.656667,84.263333,85.376667,84.796667,85.933333,86.406667,86.53,87.01,87.37,86.04,86.556667,87.193333,87.813333,88.833333,91.203333,89.73,88.853333,88.066667,88.08,89.93,92.503333,95.556667,96.74,94.68,94.99,94.583333,94.19,94.98,95.613333,94.256667,94.136667,94.913333,97.293333,98.693333,100.786667,100.11,100.41,100.79,101.593333,103.043333,103.983333,104.003333,103.01,103.633333,102.333333,101.61,101.996667,101.016667
HK:Hong Kong SAR,88.573333,85.45,87.526667,88.973333,90.3,90.946667,91.183333,91.893333,94.43,95.1,97.39,102.07,108.316667,108.026667,109.736667,104.706667,105.443333,106.783333,105.943333,104.78,105.516667,106.963333,108.27,110.633333,111.22,114.113333,113.52,113.996667,115.85,113.29,110.18,110.72,108.376667,106.78,106.576667,104.393333,102.313333,103.306667,103.223333,100.52,98.753333,100.263333,102.03,103.773333,101.913333,100.133333,99.716667,98.75,97.42,95.996667,94.896667,92.386667,89.696667,88.71,90.886667,96.843333,98.006667,95.95,93.536667,91.116667,91.87,93,91.286667,88.266667,87.203333,85.256667,84.526667,87.266667,87.396667,88.4,88.736667,87.47,88.28,89.213333,90.106667,89.243333,89.733333,89.65,90.066667,92.8,95.663333,95.77,97.723333,98.903333,99.253333,97.566667,97.89,100.666667,101.313333,99.426667,96.923333,96.766667,93.69,94.823333,98.253333,99.553333,97.926667,98.62,99.683333,99.646667,100.703333,102.37,99.626667,97.303333,96.103333,96.343333,97.25,97.653333,97.816667,100.836667,104.21,105.916667,101.98,102.94,104.806667
PT:Portugal,95.853333,96.033333,95.71,95.49,95.546667,95.113333,95.86,96.35,95.88,94.933333,93.41,93.736667,93.676667,94.003333,94.736667,95.37,94.923333,93.993333,93.793333,93.403333,92.54,91.883333,91.63,91.27,92.733333,92.26,92.72,92.883333,92.626667,93.24,94.266667,94.573333,95.64,96.396667,96.203333,96.696667,97.123333,96.66,96.833333,97.366667,97.183333,96.596667,96.163333,95.863333,95.843333,96.453333,96.67,96.646667,96.75,96.98,97.07,97.613333,98.086667,98.63,98.13,97.803333,98.56,98.653333,98.846667,99.12,98.036667,96.753333,96.66,97.106667,97.05,97.673333,97.486667,97.32,96.59,96.42,95.956667,96.463333,97.013333,97.073333,97.66,98.04,98.396667,98.236667,97.663333,97.25,95.866667,95.486667,96.216667,96.273333,96.95,97.1,97.176667,97.103333,96.923333,97.25,98.32,98.503333,98.866667,98.85,99.45,99.213333,98.826667,98.916667,98.943333,98.773333,98.903333,99.746667,100.61,100.74,100.54,100.633333,100.343333,100.24,100.226667,99.89,99.613333,100.326667,100.896667,101.37,102
LU:Luxembourg,99.783333,101.213333,100.386667,100.733333,100.076667,99.146667,99.36,98.726667,97.55,97.056667,96.24,97.083333,96.99,97.39,98.056667,98.836667,98.4,97.466667,97.246667,96.91,96.046667,95.276667,94.893333,94.426667,95.723333,95.073333,95.49,95.62,95.373333,95.86,96.646667,96.873333,97.82,98.556667,98.43,98.863333,99.27,98.81,98.943333,99.456667,99.316667,98.76,98.38,98.076667,98.086667,98.636667,98.803333,98.796667,98.946667,99.243333,99.346667,99.966667,100.413333,100.873333,100.373333,99.793333,100.58,100.753333,100.946667,101.243333,100.19,98.966667,98.87,99.34,99.326667,100.086667,99.796667,99.456667,98.69,98.4,97.79,98.393333,99.086667,99.136667,99.616667,100.056667,100.426667,100.326667,99.686667,99.166667,97.556667,97.06,97.75,97.683333,98.223333,98.343333,98.24,98.073333,97.833333,98.2,99.31,99.473333,99.826667,99.65,99.92,99.696667,99.343333,99.306667,99.223333,99.093333,99.123333,99.693333,100.53,100.646667,100.59,100.66,100.34,100.016667,99.903333,99.5,99.03,99.693333,100.253333,100.753333,101.28
HR:Croatia,94.146667,97.426667,94.833333,93.48,93.236667,93.63,96.006667,95.363333,94.713333,94.406667,94.23,96.18,96.653333,94.92,95.086667,94.563333,92.59,90.69,90.433333,89.906667,88.27,88.576667,89.813333,90.033333,90.203333,93.116667,93.68,93.61,92.673333,94.453333,95.553333,94.76,93.883333,95.45,95.843333,94.91,95.773333,97.526667,98.216667,96.566667,96.84,98.576667,97.653333,97.253333,97.743333,99.346667,99.16,98.086667,98.093333,98.48,99.11,99.226667,100.216667,100.876667,100.803333,100.576667,98.896667,99.886667,100.483333,101.55,100.083333,99.13,99.1,98.123333,97.443333,98.083333,97.143333,96.776667,95.23,95.49,95.646667,95.32,95.176667,95.57,96.313333,95.763333,96.163333,96.656667,96.056667,95.376667,94.13,94.96,95.79,95.28,96.046667,97.59,97.666667,97.206667,97.82,98.506667,99.183333,97.96,99.466667,100.153333,100.676667,100.473333,100.076667,100.273333,100.68,100.006667,99.536667,99.293333,100.663333,100.51,100.136667,100.863333,101.026667,100.92,100.796667,100.76,101.01,101.38,101.706667,102.043333,102.943333
LV:Latvia,73.04,76.86,73.763333,72.536667,73.183333,74.123333,74.193333,74.96,76.886667,78.506667,80.31,79.513333,80.99,80.033333,83.243333,91.916667,97.713333,100.1,100.583333,103.853333,106.783333,109.583333,110.263333,110.723333,107.66,110.163333,110.286667,110.473333,109.713333,108.1,106.166667,104.793333,102.68,100.196667,100.583333,99.606667,98.253333,99.366667,98.53,95.913333,93.173333,92.856667,92.356667,91.903333,91.713333,92.326667,92.5,92.106667,91.54,92.11,92.126667,92.183333,92.906667,92.733333,91.42,91.476667,95.33,95.136667,95.633333,94.706667,92.91,91.36,91.263333,91.793333,91.816667,91.84,92.14,93.6,92.61,92.586667,92.073333,92.51,92.52,92.683333,93.37,93.796667,94.623333,94.56,94.216667,95.186667,95.13,93.373333,95.286667,95.586667,97.05,96.56,96.446667,96.173333,95.446667,95.813333,97.2,97.35,97.796667,98.243333,98.893333,98.663333,98.31,98.16,98.156667,97.85,98.28,99.763333,100.743333,101.213333,100.863333,100.743333,100.383333,99.84,100.676667,98.403333,97.286667,98.5,100.346667,101.41,102.83
DK:Denmark,90.47,93.593333,93.44,93.85,93.223333,91.723333,92.41,91.536667,89.92,89.256667,87.6,89.36,89.54,90.1,91.896667,94.036667,92.793333,91.11,90.5,89.873333,88.186667,86.78,86.306667,85.88,88.363333,87.493333,88.62,88.94,88.32,89.2,90.993333,91.333333,93.413333,95.1,94.79,95.613333,96.603333,95.666667,96.06,96.95,96.61,95.676667,94.793333,94.33,94.21,95.276667,95.616667,95.58,95.863333,96.37,96.55,97.41,98.296667,99.18,98.273333,97.963333,100.066667,100.406667,100.686667,101.166667,98.436667,95.473333,95.05,95.8,95.2,96.52,96.28,95.903333,94.283333,93.926667,92.33,93.223333,94.14,94.356667,95.5,96.453333,97.113333,97.096667,96.313333,95.74,93.24,92.106667,93.613333,93.566667,94.733333,95.186667,95.346667,95.326667,94.823333,95.563333,97.206667,97.556667,98.16,98.193333,99.016667,98.55,97.97,98.116667,98.356667,97.983333,98.213333,99.75,100.983333,101.053333,100.586667,100.643333,100.253333,99.596667,99.606667,98.953333,98.49,100.026667,101.2,102.256667,103.363333
LT:Lithuania,45.713333,45.416667,45.26,45.376667,46.703333,48.123333,48.07,48.996667,52.39,54.066667,56.39,55.843333,57.936667,57.44,59.396667,62.146667,66.573333,70.1,70.453333,71.426667,74.346667,77.646667,79.393333,82.043333,78.936667,82.436667,82.013333,81.69,83.59,85.256667,87.35,87.526667,89.453333,90.763333,90.576667,91.66,92.53,91.656667,91.586667,92.016667,91.496667,91.103333,90.44,89.923333,89.656667,90.443333,90.643333,90.326667,90.513333,90.59,90.636667,90.92,91.26,91.453333,90.673333,91.556667,95.436667,95.33,95.066667,95.166667,93.21,91.41,91.473333,92.15,91.51,92.24,92.67,93.09,91.496667,91.4,90.533333,91.026667,91.56,91.953333,92.936667,93.45,94.35,94.253333,93.86,95.036667,94.98,92.97,95.096667,95.4,97.136667,96.58,96.536667,96.223333,95.346667,95.55,97.016667,97.093333,97.386667,97.893333,98.68,98.473333,98.096667,97.97,98.11,97.773333,98.22,99.823333,100.726667,101.23,100.88,100.833333,100.493333,100.043333,100.953333,98.77,97.786667,98.893333,100.666667,101.746667,103.216667
HU:Hungary,209.01,186.18,178.286667,171.186667,166.076667,162.053333,157.253333,152.89,152.403333,147.623333,143.09,139.776667,137.72,133.913333,129.696667,127.93,129.293333,128.016667,126.22,124.356667,122.41,119.436667,117.753333,115.786667,118.173333,120.81,124.473333,125.183333,128.286667,130.333333,131.626667,135.826667,136.256667,134.576667,129.533333,130.946667,132.276667,135.22,137.416667,140.36,140.193333,136.29,137.36,133.266667,131.663333,126.85,123.316667,130.57,134.76,137.563333,135.746667,136.3,133.7,141.123333,146.503333,129.823333,119.06,122.863333,129.976667,130.87,128.833333,122.926667,119.246667,123.243333,124.33,128.576667,124.266667,112.353333,113.233333,113.856667,117.15,118.066667,113.92,114.446667,114.603333,115.696667,112.616667,113.15,109.813333,110.443333,107.94,108.01,107.156667,107.01,108.34,108.11,108.81,109.316667,109.086667,109.19,112.213333,110.516667,111.166667,109.003333,107.543333,107.63,108.716667,107.113333,105.396667,103.936667,101.896667,99.553333,100.163333,98.38,97.96,99.876667,99.686667,96.533333,96.586667,90.68,86.06,85.453333,91.03,95.703333,94.026667
PE:Peru,105.423333,101.396667,104.23,103.613333,102.626667,101.436667,98.956667,95.506667,96.09,95.996667,97.893333,98.166667,98.816667,96.386667,93.576667,88.326667,84.336667,85.39,85.436667,82.6,83.19,84.006667,85.376667,86.186667,86.376667,87.73,90,91.58,92.59,93.223333,91.19,92.783333,93.39,90.786667,90.51,88.61,87.113333,88.443333,90.063333,89.99,89.696667,90.06,89.45,86.466667,87.003333,87.68,88.796667,88.513333,88.783333,87.38,86.94,88.93,90.32,91.033333,89.6,92.166667,90.81,92.79,92.043333,92.486667,94.456667,96.11,96.023333,93.743333,93.923333,91.71,93.563333,97.68,98.073333,100.473333,102.736667,102.986667,103.256667,100.95,97.85,97.476667,98.066667,98.35,98.01,97.756667,97.853333,95.916667,97.153333,95.64,94.02,95.666667,95.143333,95.756667,98.98,98.556667,96.903333,97.083333,94.883333,96.466667,99.87,99.356667,99.186667,100.56,101.55,101.843333,101.743333,104.603333,98.713333,94.933333,92.373333,89.146667,84.443333,86.03,91.023333,94.646667,95.043333,96.713333,95.763333,99.083333,101.46
XM:Euro area,76.4,78.183333,78.623333,80.006667,80.053333,79.3,80.77,80.57,78.313333,77.203333,75.52,79.296667,79.896667,81.246667,84.143333,87.02,85.403333,82.256667,81.503333,80.493333,77.67,75.32,74.263333,73.023333,77.706667,75.916667,77.453333,78.05,77.126667,79.253333,82.956667,84.086667,88.306667,91.573333,90.823333,93.216667,95.416667,93.303333,94.026667,96.42,95.866667,93.753333,91.956667,90.82,90.73,93.186667,94.103333,93.996667,94.513333,95.513333,95.926667,98.07,99.583333,101.786667,99.433333,96.593333,99.93,100.813333,101.953333,103.163333,98.21,92.703333,92.316667,94.203333,93.723333,96.103333,95.1,94.323333,91.506667,90.756667,88.89,90.76,92.883333,93.1,95.103333,96.706667,98.196667,97.886667,95.77,94.183333,89.166667,87.436667,89.863333,89.886667,91.996667,92.47,92.44,92.003333,91.316667,92.483333,96.15,96.613333,97.793333,97.376667,98.883333,98.173333,96.843333,96.893333,96.923333,96.39,96.613333,99.066667,102.006667,102.31,101.786667,101.976667,100.886667,99.8,99.433333,97.833333,96.326667,98.776667,100.766667,102.58,104.69
CY:Cyprus,71.236667,72.34,72.433333,73.166667,73.75,74.096667,75.49,76.166667,75.96,75.883333,75.353333,78.773333,80.883333,82.3,84.42,87.633333,86.21,84.97,84.543333,83.866667,82.546667,81.453333,80.993333,80.75,84.07,83.71,85.286667,85.756667,85.35,86.17,88.48,89.66,90.983333,91.813333,91.1,92.683333,93.353333,92.516667,93.986667,95.456667,94.083333,93.6,93.84,93.426667,93.01,93.936667,94.276667,93.836667,93.746667,93.686667,93.61,94.78,95.64,97.186667,96.326667,95.95,97.873333,98.016667,98.416667,98.82,96.403333,93.803333,93.806667,94.626667,94.63,95.63,95.706667,95.463333,94.18,93.776667,93.103333,93.766667,94.6,94.683333,95.56,96.15,96.59,96.31,95.396667,95.216667,92.93,91.91,92.783333,92.713333,93.763333,93.886667,93.943333,93.79,93.44,93.926667,96.18,96.38,97.103333,97.226667,98.826667,98.336667,97.57,97.923333,97.876667,97.466667,97.86,99.426667,101.273333,101.44,100.943333,101.476667,101.03,101.12,101.806667,101.31,100.963333,102.523333,103.866667,105.65,107.506667
TH:Thailand,103.42,99.543333,102.123333,103.91,105.323333,106.083333,106.243333,106.78,109.093333,111.593333,88.773333,75.11,68.413333,79.273333,79.263333,82.91,83.16,84.29,80.546667,78.053333,81.443333,80.496667,76.846667,74.15,75.433333,73.85,74.183333,75.663333,78.42,78.193333,77.226667,75.316667,74.726667,74.56,76.07,76.503333,76.29,75.486667,73.456667,73.236667,75.42,73.613333,72.483333,74.216667,76.42,77.553333,78.526667,80.58,86.2,88.79,91.006667,89.44,86.953333,82.493333,80.136667,81.63,81.356667,81.183333,80.746667,80.15,81.93,84.42,84.523333,86.443333,84.116667,83.133333,82.9,82.386667,82.476667,82.733333,82.526667,83.763333,88.31,89.696667,86.066667,85.106667,83.753333,83.963333,85.393333,87.163333,90.756667,89.52,86.476667,86.01,86.626667,85.516667,86.283333,87.563333,89.146667,89.886667,90.62,91.916667,93.113333,93.48,93.833333,95.433333,97.693333,98.586667,102.23,103.886667,100.873333,100.126667,99.5,99.503333,99.556667,96.64,92.903333,92.586667,94.21,94.44,92.726667,94.64,97.7,97.496667,97.706667
CZ:Czechia,67.726667,68.02,67.796667,68.17,68.036667,68.256667,70.143333,69.85,71.156667,66.366667,63.563333,63.06,63.38,65.656667,68.933333,71.043333,66.4,64.84,66.733333,66.663333,66.88,65.27,66.423333,67.153333,68.736667,69.01,70.126667,72.17,74.946667,79.156667,81.073333,79.713333,79.293333,80.89,78.93,79.983333,78.85,80.173333,81.426667,83.33,86.14,85.136667,85.67,86.41,88.49,90.17,90.7,91.513333,91.63,91.233333,92.476667,97.223333,102.6,106.343333,108.253333,101.713333,95.303333,99.113333,103.753333,102.973333,100.75,99.43,101.943333,103.406667,104.87,106.303333,105.693333,101.753333,100.913333,99.806667,99.433333,99.886667,99.406667,98.443333,99.316667,96.826667,94.84,94.73,93.123333,92.38,90.12,89.913333,92.29,92.423333,93.653333,93.896667,93.926667,93.783333,93.45,95.66,99.193333,101.043333,102.496667,101.556667,102.136667,101.196667,101.163333,101.24,101.173333,101.563333,101.543333,97.333333,100.876667,100.243333,102.273333,104.06,104.146667,104.126667,107.22,106.496667,106.126667,108.44,112.18,114.22,112.89
PH:Philippines,169.85,157.993333,164.226667,165.55,167.823333,169.15,169.653333,171,176.236667,176.793333,159.893333,140.686667,129.016667,133.566667,124.616667,124.363333,130.813333,135.246667,128.926667,122.853333,123.156667,120.933333,113.736667,105.946667,108.053333,107.35,103.976667,105.05,108.496667,107.723333,102.366667,99.79,96.346667,97.34,93.933333,90.093333,87.516667,88.82,88.646667,85.81,86.606667,88.26,87.436667,91.346667,94.71,92.353333,94.146667,96.546667,98.33,100.95,101.826667,106.056667,108.616667,102.23,98.556667,97.036667,99.446667,97.406667,94.266667,94.643333,96.943333,99.256667,97.95,98.433333,97.256667,96.543333,97.023333,97.6,98.626667,100.32,102.363333,103.2,106.45,105.41,101.793333,101.393333,99.69,101.086667,102.223333,103.736667,108.286667,108.1,107.333333,106.516667,105.76,104.89,103.056667,101.75,100.81,99.496667,95.713333,95.423333,91.4,90.893333,92.193333,93.843333,93.886667,95.32,96.32,97.743333,98.35,100.53,101.233333,99.886667,98.92,99.81,96.926667,97.22,95.776667,97.65,94.72,94.846667,95.29,95.096667,96.5
TR:T&uuml;rkiye,13135.49667,12194.15,11451.18,10080.51333,8493.86,7295.303333,6503.58,5681.416667,5054.773333,4450.45,3891.506667,3343.163333,2924.196667,2566.236667,2394.756667,2180.863333,1936.116667,1743.676667,1579.016667,1399.21,1281.34,1228.373333,1187.226667,1163.196667,971.573333,672.383333,565.11,518.086667,590.066667,551.596667,450.006667,455.05,424.943333,448.806667,488.87,451.64,472.156667,443.89,432.33,422.98,452.443333,452.353333,470.26,473.936667,476.656667,424.69,406.2,413.23,421.013333,433.696667,444.046667,461.55,445.576667,413.393333,441.78,388.223333,372.286667,378.143333,380.846667,372.92,382.216667,394.003333,394.78,393.38,361.313333,350.9,320.726667,315.04,325.466667,329.44,334.343333,327.836667,327.36,321.273333,299.403333,286.016667,261.9,274.07,273.013333,274.783333,271.173333,250.903333,237.756667,236.81,236.006667,234.833333,231.566667,215.186667,191.943333,193.49,189.443333,174.67,168.013333,150.61,121.226667,125.473333,127.686667,117.926667,123.57,120.916667,115.33,104.183333,95.063333,85.426667,90.01,79.2,78.91,62.863333,49.956667,45.856667,41.96,40.586667,38.63,35.023333,27.456667
PL:Poland,127.473333,125.673333,124.9,122.273333,121.97,118.756667,114.67,112.016667,111.78,108.85,104.296667,102.313333,105.763333,106.813333,103.386667,102.18,98.8,98.363333,98.436667,94.14,99.4,97.813333,100.1,101.056667,107.19,115.18,107.43,110.726667,111.13,109.096667,100.856667,103.516667,100.526667,97.896667,96.163333,92.776667,90.54,91.453333,97.28,102.44,107.366667,103.706667,105.773333,108.123333,110.283333,108.16,108.363333,111.276667,110.233333,113.2,113.673333,118.886667,122.39,129.673333,132.076667,114.793333,97.816667,98.966667,105.523333,106.566667,109.103333,105.81,105.733333,107.783333,108.066667,108.8,103.446667,96.636667,99.58,98.57,100.41,101.936667,101.886667,100.95,100.756667,103.153333,104.056667,104.39,103.13,101.443333,99.663333,101.176667,100.12,98.353333,97.263333,97.243333,98.05,97.003333,97.973333,101.06,101.846667,102.703333,104.493333,102.37,102.453333,102.236667,101.403333,102.013333,101.22,101.743333,101.03,98.223333,101.06,99.693333,98.41,98.776667,97.473333,95.923333,95.973333,94.53,91.943333,93.596667,94.86,99.5,101.92
DE:Germany,89.986667,92.236667,91.223333,92.276667,91.443333,89.996667,90.973333,90.173333,88.356667,87.606667,86.26,88.716667,89.193333,90.163333,91.96,93.753333,92.92,91.16,90.666667,90.1,88.406667,86.966667,86.24,85.47,88.333333,87.186667,88.153333,88.5,87.883333,89.113333,91.413333,92.043333,94.48,96.316667,95.97,97.373333,98.716667,97.48,97.816667,99.063333,98.666667,97.506667,96.406667,95.726667,95.61,97.096667,97.686667,97.573333,97.846667,98.396667,98.623333,99.726667,100.423333,101.506667,100.043333,98.32,100.236667,100.756667,101.37,102.013333,99.16,95.94,95.706667,96.766667,96.503333,97.933333,97.28,96.87,95.11,94.65,93.45,94.626667,95.99,96.123333,97.33,98.346667,99.303333,99.156667,97.83,96.756667,93.5,92.376667,93.95,93.976667,95.276667,95.57,95.456667,95.183333,94.746667,95.466667,97.723333,98.003333,98.65,98.366667,99.316667,98.903333,98.043333,98.07,98.103333,97.81,97.923333,99.503333,101.233333,101.343333,101.053333,101.126667,100.453333,99.726667,99.373333,98.446667,97.536667,99.066667,100.14,101.216667,102.493333