LOCATION,TIME,EMP
AUS,1995-Q1,67.09098
AUS,1995-Q2,67.61976
AUS,1995-Q3,67.81106
AUS,1995-Q4,67.92979
AUS,1996-Q1,67.89287
AUS,1996-Q2,67.76708
AUS,1996-Q3,67.56139
AUS,1996-Q4,67.44862
AUS,1997-Q1,67.43929
AUS,1997-Q2,67.24577
AUS,1997-Q3,67.18067
AUS,1997-Q4,67.48669
AUS,1998-Q1,67.5249
AUS,1998-Q2,67.72675
AUS,1998-Q3,67.87541
AUS,1998-Q4,68.03841
AUS,1999-Q1,67.99277
AUS,1999-Q2,68.06248
AUS,1999-Q3,68.2617
AUS,1999-Q4,68.5567
AUS,2000-Q1,68.51747
AUS,2000-Q2,69.11311
AUS,2000-Q3,69.65802
AUS,2000-Q4,69.05267
AUS,2001-Q1,68.90578
AUS,2001-Q2,69.13612
AUS,2001-Q3,69.03476
AUS,2001-Q4,68.97187
AUS,2002-Q1,69.0402
AUS,2002-Q2,69.08317
AUS,2002-Q3,69.42125
AUS,2002-Q4,69.77407
AUS,2003-Q1,70.15444
AUS,2003-Q2,69.85237
AUS,2003-Q3,69.85674
AUS,2003-Q4,70.07011
AUS,2004-Q1,69.98953
AUS,2004-Q2,70.17777
AUS,2004-Q3,70.18668
AUS,2004-Q4,70.79011
AUS,2005-Q1,71.17281
AUS,2005-Q2,71.57612
AUS,2005-Q3,71.71719
AUS,2005-Q4,71.61091
AUS,2006-Q1,71.63669
AUS,2006-Q2,71.9687
AUS,2006-Q3,72.41865
AUS,2006-Q4,72.432
AUS,2007-Q1,72.48216
AUS,2007-Q2,72.76987
AUS,2007-Q3,72.88504
AUS,2007-Q4,73.05726
AUS,2008-Q1,73.23557
AUS,2008-Q2,73.30029
AUS,2008-Q3,73.18706
AUS,2008-Q4,73.00613
AUS,2009-Q1,72.46384
AUS,2009-Q2,72.04186
AUS,2009-Q3,71.73898
AUS,2009-Q4,71.92456
AUS,2010-Q1,72.10731
AUS,2010-Q2,72.06341
AUS,2010-Q3,72.45774
AUS,2010-Q4,72.83595
AUS,2011-Q1,72.8946
AUS,2011-Q2,72.65271
AUS,2011-Q3,72.63012
AUS,2011-Q4,72.44868
AUS,2012-Q1,72.45183
AUS,2012-Q2,72.39378
AUS,2012-Q3,72.29718
AUS,2012-Q4,72.23671
AUS,2013-Q1,72.32061
AUS,2013-Q2,72.07904
AUS,2013-Q3,71.87262
AUS,2013-Q4,71.63584
AUS,2014-Q1,71.57872
AUS,2014-Q2,71.5243
AUS,2014-Q3,71.51868
AUS,2014-Q4,71.46951
AUS,2015-Q1,71.83887
AUS,2015-Q2,72.02122
AUS,2015-Q3,72.11708
AUS,2015-Q4,72.51007
AUS,2016-Q1,72.54881
AUS,2016-Q2,72.41713
AUS,2016-Q3,72.34456
AUS,2016-Q4,72.28725
AUS,2017-Q1,72.42339
AUS,2017-Q2,72.79155
AUS,2017-Q3,73.17734
AUS,2017-Q4,73.46988
AUS,2018-Q1,73.65382
AUS,2018-Q2,73.58951
AUS,2018-Q3,73.75949
AUS,2018-Q4,73.96333
AUS,2019-Q1,74.07294
AUS,2019-Q2,74.17422
AUS,2019-Q3,74.44659
AUS,2019-Q4,74.41254
AUS,2020-Q1,74.51093
AUS,2020-Q2,70.48043
AUS,2020-Q3,72.05723
AUS,2020-Q4,73.56229
AUS,2021-Q1,74.34381
AUS,2021-Q2,75.13034
AUS,2021-Q3,74.80534
AUS,2021-Q4,75.3378
AUS,2022-Q1,76.69986
AUS,2022-Q2,77.13078
AUS,2022-Q3,77.5108
AUS,2022-Q4,77.56709
AUS,2023-Q1,77.47282
AUS,2023-Q2,77.51906
AUS,2023-Q3,77.55471
AUT,1999-Q1,68.6656
AUT,1999-Q2,68.58568
AUT,1999-Q3,68.56554
AUT,1999-Q4,68.35089
AUT,2000-Q1,68.46355
AUT,2000-Q2,68.51994
AUT,2000-Q3,68.42101
AUT,2000-Q4,68.4961
AUT,2001-Q1,68.31284
AUT,2001-Q2,68.44992
AUT,2001-Q3,68.33821
AUT,2001-Q4,68.45759
AUT,2002-Q1,68.70898
AUT,2002-Q2,68.72655
AUT,2002-Q3,68.64375
AUT,2002-Q4,68.86227
AUT,2003-Q1,69.0119
AUT,2003-Q2,69.04374
AUT,2003-Q3,68.86893
AUT,2003-Q4,68.81342
AUT,2004-Q1,66.34579
AUT,2004-Q2,66.40423
AUT,2004-Q3,66.54659
AUT,2004-Q4,66.71136
AUT,2005-Q1,67.06626
AUT,2005-Q2,67.2053
AUT,2005-Q3,67.59825
AUT,2005-Q4,67.69161
AUT,2006-Q1,67.91628
AUT,2006-Q2,68.42107
AUT,2006-Q3,68.88259
AUT,2006-Q4,69.00742
AUT,2007-Q1,69.51543
AUT,2007-Q2,69.64874
AUT,2007-Q3,70.18504
AUT,2007-Q4,70.16466
AUT,2008-Q1,70.80128
AUT,2008-Q2,70.9827
AUT,2008-Q3,70.60652
AUT,2008-Q4,70.79346
AUT,2009-Q1,70.54135
AUT,2009-Q2,70.44932
AUT,2009-Q3,70.14803
AUT,2009-Q4,70.21733
AUT,2010-Q1,70.50711
AUT,2010-Q2,70.69022
AUT,2010-Q3,70.80428
AUT,2010-Q4,71.10541
AUT,2011-Q1,70.90159
AUT,2011-Q2,71.19506
AUT,2011-Q3,71.32048
AUT,2011-Q4,70.95557
AUT,2012-Q1,71.18024
AUT,2012-Q2,71.63821
AUT,2012-Q3,71.41616
AUT,2012-Q4,71.38358
AUT,2013-Q1,71.22814
AUT,2013-Q2,71.81448
AUT,2013-Q3,71.48583
AUT,2013-Q4,71.12582
AUT,2014-Q1,70.95378
AUT,2014-Q2,71.44523
AUT,2014-Q3,70.93137
AUT,2014-Q4,71.00055
AUT,2015-Q1,71.02225
AUT,2015-Q2,71.05194
AUT,2015-Q3,71.13703
AUT,2015-Q4,71.22098
AUT,2016-Q1,71.2272
AUT,2016-Q2,71.571
AUT,2016-Q3,71.65311
AUT,2016-Q4,71.71709
AUT,2017-Q1,71.74374
AUT,2017-Q2,72.37178
AUT,2017-Q3,72.0016
AUT,2017-Q4,72.53575
AUT,2018-Q1,72.68904
AUT,2018-Q2,73.25127
AUT,2018-Q3,72.99327
AUT,2018-Q4,73.11971
AUT,2019-Q1,73.42854
AUT,2019-Q2,73.70921
AUT,2019-Q3,73.38256
AUT,2019-Q4,73.68296
AUT,2020-Q1,73.19289
AUT,2020-Q2,70.19971
AUT,2020-Q3,71.82483
AUT,2020-Q4,71.69104
AUT,2021-Q1,71.2905
AUT,2021-Q2,71.8619
AUT,2021-Q3,73.04892
AUT,2021-Q4,73.40121
AUT,2022-Q1,73.94791
AUT,2022-Q2,74.37878
AUT,2022-Q3,73.80271
AUT,2022-Q4,73.93375
AUT,2023-Q1,73.93195
AUT,2023-Q2,74.39931
BEL,1999-Q1,59.19458
BEL,1999-Q2,59.02541
BEL,1999-Q3,59.5428
BEL,1999-Q4,59.48914
BEL,2000-Q1,60.0768
BEL,2000-Q2,60.99867
BEL,2000-Q3,60.83659
BEL,2000-Q4,60.2291
BEL,2001-Q1,60.34664
BEL,2001-Q2,59.82
BEL,2001-Q3,60.11423
BEL,2001-Q4,59.48209
BEL,2002-Q1,59.79707
BEL,2002-Q2,59.79333
BEL,2002-Q3,60.0922
BEL,2002-Q4,59.86895
BEL,2003-Q1,59.31549
BEL,2003-Q2,59.45819
BEL,2003-Q3,59.36152
BEL,2003-Q4,60.22667
BEL,2004-Q1,60.07957
BEL,2004-Q2,60.58495
BEL,2004-Q3,60.1418
BEL,2004-Q4,60.51474
BEL,2005-Q1,61.20214
BEL,2005-Q2,61.13789
BEL,2005-Q3,61.00241
BEL,2005-Q4,60.95309
BEL,2006-Q1,60.52936
BEL,2006-Q2,60.60076
BEL,2006-Q3,61.02234
BEL,2006-Q4,61.78792
BEL,2007-Q1,61.82721
BEL,2007-Q2,61.79429
BEL,2007-Q3,62.02352
BEL,2007-Q4,62.53598
BEL,2008-Q1,62.72627
BEL,2008-Q2,62.27111
BEL,2008-Q3,62.43763
BEL,2008-Q4,62.16187
BEL,2009-Q1,61.95055
BEL,2009-Q2,61.57531
BEL,2009-Q3,61.24948
BEL,2009-Q4,61.63769
BEL,2010-Q1,62.04634
BEL,2010-Q2,61.55378
BEL,2010-Q3,61.86898
BEL,2010-Q4,62.57756
BEL,2011-Q1,61.41132
BEL,2011-Q2,62.57045
BEL,2011-Q3,61.58015
BEL,2011-Q4,62.12311
BEL,2012-Q1,61.70138
BEL,2012-Q2,61.90487
BEL,2012-Q3,61.96707
BEL,2012-Q4,61.81831
BEL,2013-Q1,61.49181
BEL,2013-Q2,62.13394
BEL,2013-Q3,62.13242
BEL,2013-Q4,61.4353
BEL,2014-Q1,61.74064
BEL,2014-Q2,62.06428
BEL,2014-Q3,61.78819
BEL,2014-Q4,62.01436
BEL,2015-Q1,62.17054
BEL,2015-Q2,61.52732
BEL,2015-Q3,61.85969
BEL,2015-Q4,61.62839
BEL,2016-Q1,61.7994
BEL,2016-Q2,62.10813
BEL,2016-Q3,61.98391
BEL,2016-Q4,63.27509
BEL,2017-Q1,62.36855
BEL,2017-Q2,62.99173
BEL,2017-Q3,63.23503
BEL,2017-Q4,63.95924
BEL,2018-Q1,64.08044
BEL,2018-Q2,63.92128
BEL,2018-Q3,64.85996
BEL,2018-Q4,65.02241
BEL,2019-Q1,64.68071
BEL,2019-Q2,65.73598
BEL,2019-Q3,65.64047
BEL,2019-Q4,65.10603
BEL,2020-Q1,65.19974
BEL,2020-Q2,64.01067
BEL,2020-Q3,64.51317
BEL,2020-Q4,64.01466
BEL,2021-Q1,63.67085
BEL,2021-Q2,65.1045
BEL,2021-Q3,66.27142
BEL,2021-Q4,66.06574
BEL,2022-Q1,66.5118
BEL,2022-Q2,66.16142
BEL,2022-Q3,66.8001
BEL,2022-Q4,66.66911
BEL,2023-Q1,66.78615
BEL,2023-Q2,66.15978
CAN,1995-Q1,67.66666
CAN,1995-Q2,67.5
CAN,1995-Q3,67.43333
CAN,1995-Q4,67.5
CAN,1996-Q1,67.4
CAN,1996-Q2,67.4
CAN,1996-Q3,67.33334
CAN,1996-Q4,67.2
CAN,1997-Q1,67.53333
CAN,1997-Q2,67.7
CAN,1997-Q3,68.2
CAN,1997-Q4,68.43333
CAN,1998-Q1,68.53333
CAN,1998-Q2,68.73333
CAN,1998-Q3,69.06667
CAN,1998-Q4,69.36667
CAN,1999-Q1,69.63333
CAN,1999-Q2,69.86667
CAN,1999-Q3,70.13333
CAN,1999-Q4,70.5
CAN,2000-Q1,70.86667
CAN,2000-Q2,70.9
CAN,2000-Q3,70.83334
CAN,2000-Q4,71.13333
CAN,2001-Q1,71.03333
CAN,2001-Q2,70.93333
CAN,2001-Q3,70.73333
CAN,2001-Q4,70.6
CAN,2002-Q1,70.7
CAN,2002-Q2,71.2
CAN,2002-Q3,71.7
CAN,2002-Q4,71.86667
CAN,2003-Q1,72.2
CAN,2003-Q2,71.96667
CAN,2003-Q3,72.1
CAN,2003-Q4,72.36667
CAN,2004-Q1,72.4
CAN,2004-Q2,72.56667
CAN,2004-Q3,72.46667
CAN,2004-Q4,72.5
CAN,2005-Q1,72.5
CAN,2005-Q2,72.33334
CAN,2005-Q3,72.43333
CAN,2005-Q4,72.53333
CAN,2006-Q1,72.66666
CAN,2006-Q2,73
CAN,2006-Q3,72.9
CAN,2006-Q4,72.93333
CAN,2007-Q1,73.33334
CAN,2007-Q2,73.33334
CAN,2007-Q3,73.56667
CAN,2007-Q4,73.66666
CAN,2008-Q1,73.73333
CAN,2008-Q2,73.56667
CAN,2008-Q3,73.33334
CAN,2008-Q4,73.2
CAN,2009-Q1,72.13333
CAN,2009-Q2,71.46667
CAN,2009-Q3,71.13333
CAN,2009-Q4,71.26667
CAN,2010-Q1,71.36667
CAN,2010-Q2,71.6
CAN,2010-Q3,71.63333
CAN,2010-Q4,71.7
CAN,2011-Q1,72.03333
CAN,2011-Q2,71.93333
CAN,2011-Q3,72.06667
CAN,2011-Q4,71.9
CAN,2012-Q1,71.96667
CAN,2012-Q2,72.3
CAN,2012-Q3,72.4
CAN,2012-Q4,72.73333
CAN,2013-Q1,72.83334
CAN,2013-Q2,72.8
CAN,2013-Q3,72.63333
CAN,2013-Q4,72.53333
CAN,2014-Q1,72.4
CAN,2014-Q2,72.33334
CAN,2014-Q3,72.43333
CAN,2014-Q4,72.7
CAN,2015-Q1,72.8
CAN,2015-Q2,72.73333
CAN,2015-Q3,72.8
CAN,2015-Q4,72.63333
CAN,2016-Q1,72.6
CAN,2016-Q2,72.66666
CAN,2016-Q3,72.63333
CAN,2016-Q4,72.9
CAN,2017-Q1,73.36667
CAN,2017-Q2,73.46667
CAN,2017-Q3,73.6
CAN,2017-Q4,73.9
CAN,2018-Q1,73.86667
CAN,2018-Q2,73.83334
CAN,2018-Q3,74.16666
CAN,2018-Q4,74.4
CAN,2019-Q1,74.4
CAN,2019-Q2,74.76667
CAN,2019-Q3,74.7
CAN,2019-Q4,74.56667
CAN,2020-Q1,73.1
CAN,2020-Q2,64.56667
CAN,2020-Q3,70.5
CAN,2020-Q4,72.26667
CAN,2021-Q1,72.2
CAN,2021-Q2,72.66666
CAN,2021-Q3,74.03333
CAN,2021-Q4,75.13333
CAN,2022-Q1,75.3
CAN,2022-Q2,75.83334
CAN,2022-Q3,75.53333
CAN,2022-Q4,75.8
CAN,2023-Q1,76.23333
CAN,2023-Q2,76.03333
CAN,2023-Q3,75.63333
CZE,1998-Q1,67.95014
CZE,1998-Q2,67.5261
CZE,1998-Q3,67.04948
CZE,1998-Q4,66.70611
CZE,1999-Q1,66.12798
CZE,1999-Q2,65.68301
CZE,1999-Q3,65.42816
CZE,1999-Q4,65.28506
CZE,2000-Q1,65.03928
CZE,2000-Q2,64.9222
CZE,2000-Q3,65.05498
CZE,2000-Q4,64.94864
CZE,2001-Q1,65.2596
CZE,2001-Q2,64.99141
CZE,2001-Q3,64.91683
CZE,2001-Q4,64.93478
CZE,2002-Q1,65.16294
CZE,2002-Q2,65.4805
CZE,2002-Q3,65.53316
CZE,2002-Q4,65.51144
CZE,2003-Q1,65.28738
CZE,2003-Q2,64.88704
CZE,2003-Q3,64.44174
CZE,2003-Q4,64.20135
CZE,2004-Q1,64.05292
CZE,2004-Q2,64.09998
CZE,2004-Q3,64.18537
CZE,2004-Q4,64.26543
CZE,2005-Q1,64.46118
CZE,2005-Q2,64.66875
CZE,2005-Q3,64.99458
CZE,2005-Q4,65.03207
CZE,2006-Q1,65.10559
CZE,2006-Q2,65.24158
CZE,2006-Q3,65.2645
CZE,2006-Q4,65.47226
CZE,2007-Q1,65.84854
CZE,2007-Q2,66.01561
CZE,2007-Q3,66.19106
CZE,2007-Q4,66.32885
CZE,2008-Q1,66.48099
CZE,2008-Q2,66.67662
CZE,2008-Q3,66.57475
CZE,2008-Q4,66.56721
CZE,2009-Q1,66.05411
CZE,2009-Q2,65.43039
CZE,2009-Q3,64.99547
CZE,2009-Q4,64.97466
CZE,2010-Q1,64.67812
CZE,2010-Q2,64.92034
CZE,2010-Q3,65.15302
CZE,2010-Q4,65.24738
CZE,2011-Q1,65.51108
CZE,2011-Q2,65.72607
CZE,2011-Q3,65.83997
CZE,2011-Q4,65.89528
CZE,2012-Q1,66.06123
CZE,2012-Q2,66.43969
CZE,2012-Q3,66.78781
CZE,2012-Q4,66.87394
CZE,2013-Q1,67.2494
CZE,2013-Q2,67.79631
CZE,2013-Q3,67.80066
CZE,2013-Q4,68.10267
CZE,2014-Q1,68.46184
CZE,2014-Q2,68.68642
CZE,2014-Q3,69.12849
CZE,2014-Q4,69.57883
CZE,2015-Q1,69.74342
CZE,2015-Q2,70.19043
CZE,2015-Q3,70.34079
CZE,2015-Q4,70.63693
CZE,2016-Q1,71.3241
CZE,2016-Q2,71.78743
CZE,2016-Q3,72.06644
CZE,2016-Q4,72.74437
CZE,2017-Q1,73.07846
CZE,2017-Q2,73.39357
CZE,2017-Q3,73.97513
CZE,2017-Q4,74.13824
CZE,2018-Q1,74.43331
CZE,2018-Q2,74.82375
CZE,2018-Q3,74.85367
CZE,2018-Q4,75.16924
CZE,2019-Q1,75.23463
CZE,2019-Q2,75.1674
CZE,2019-Q3,75.08057
CZE,2019-Q4,75.06128
CZE,2020-Q1,75.03049
CZE,2020-Q2,74.28362
CZE,2020-Q3,74.16048
CZE,2020-Q4,74.07168
CZE,2021-Q1,73.96347
CZE,2021-Q2,73.916
CZE,2021-Q3,74.68969
CZE,2021-Q4,75.02074
CZE,2022-Q1,75.46521
CZE,2022-Q2,75.50551
CZE,2022-Q3,75.55079
CZE,2022-Q4,75.38725
CZE,2023-Q1,75.038
CZE,2023-Q2,75.42154
DNK,1999-Q1,76.23036
DNK,1999-Q2,76.2831
DNK,1999-Q3,76.19152
DNK,1999-Q4,75.45797
DNK,2000-Q1,76.23196
DNK,2000-Q2,76.29978
DNK,2000-Q3,75.99363
DNK,2000-Q4,76.50726
DNK,2001-Q1,75.85252
DNK,2001-Q2,75.77052
DNK,2001-Q3,76.39447
DNK,2001-Q4,76.64211
DNK,2002-Q1,76.12943
DNK,2002-Q2,76.34785
DNK,2002-Q3,75.55202
DNK,2002-Q4,75.47443
DNK,2003-Q1,75.1536
DNK,2003-Q2,75.02673
DNK,2003-Q3,75.46121
DNK,2003-Q4,74.90863
DNK,2004-Q1,75.19052
DNK,2004-Q2,75.91872
DNK,2004-Q3,76.11991
DNK,2004-Q4,75.46352
DNK,2005-Q1,75.82848
DNK,2005-Q2,75.44421
DNK,2005-Q3,75.64292
DNK,2005-Q4,76.66906
DNK,2006-Q1,77.09027
DNK,2006-Q2,76.85973
DNK,2006-Q3,77.72849
DNK,2006-Q4,77.80993
DNK,2007-Q1,77.51102
DNK,2007-Q2,77.13626
DNK,2007-Q3,76.56695
DNK,2007-Q4,76.84611
DNK,2008-Q1,76.21871
DNK,2008-Q2,76.64254
DNK,2008-Q3,76.41454
DNK,2008-Q4,76.07382
DNK,2009-Q1,74.41787
DNK,2009-Q2,73.67532
DNK,2009-Q3,73.38243
DNK,2009-Q4,72.62
DNK,2010-Q1,71.64055
DNK,2010-Q2,71.93808
DNK,2010-Q3,71.7272
DNK,2010-Q4,71.97096
DNK,2011-Q1,71.62181
DNK,2011-Q2,71.85135
DNK,2011-Q3,71.57557
DNK,2011-Q4,71.43858
DNK,2012-Q1,70.99736
DNK,2012-Q2,71.06165
DNK,2012-Q3,70.74648
DNK,2012-Q4,71.3531
DNK,2013-Q1,70.95861
DNK,2013-Q2,70.78273
DNK,2013-Q3,70.50648
DNK,2013-Q4,70.7338
DNK,2014-Q1,70.46458
DNK,2014-Q2,71.07438
DNK,2014-Q3,71.12337
DNK,2014-Q4,71.78793
DNK,2015-Q1,71.71051
DNK,2015-Q2,72.0916
DNK,2015-Q3,71.84384
DNK,2015-Q4,72.27383
DNK,2016-Q1,72.18234
DNK,2016-Q2,72.87206
DNK,2016-Q3,72.69739
DNK,2016-Q4,73.03913
DNK,2017-Q1,72.82792
DNK,2017-Q2,73.21941
DNK,2017-Q3,73.15768
DNK,2017-Q4,73.74973
DNK,2018-Q1,73.58279
DNK,2018-Q2,74.26997
DNK,2018-Q3,74.21649
DNK,2018-Q4,74.44853
DNK,2019-Q1,74.58764
DNK,2019-Q2,75.21154
DNK,2019-Q3,75.04589
DNK,2019-Q4,75.24259
DNK,2020-Q1,75.03075
DNK,2020-Q2,74.20911
DNK,2020-Q3,73.94755
DNK,2020-Q4,74.4271
DNK,2021-Q1,74.07334
DNK,2021-Q2,75.74265
DNK,2021-Q3,75.65335
DNK,2021-Q4,76.67849
DNK,2022-Q1,76.47567
DNK,2022-Q2,77.12208
DNK,2022-Q3,76.77078
DNK,2022-Q4,76.75014
DNK,2023-Q1,76.90761
DNK,2023-Q2,76.68279
FIN,1998-Q1,63.9455
FIN,1998-Q2,62.68186
FIN,1998-Q3,64.54234
FIN,1998-Q4,64.99767
FIN,1999-Q1,65.7142
FIN,1999-Q2,66.69583
FIN,1999-Q3,66.33366
FIN,1999-Q4,66.36963
FIN,2000-Q1,66.33025
FIN,2000-Q2,67.33133
FIN,2000-Q3,67.55749
FIN,2000-Q4,67.44533
FIN,2001-Q1,67.70278
FIN,2001-Q2,68.26997
FIN,2001-Q3,68.08272
FIN,2001-Q4,68.41661
FIN,2002-Q1,68.05514
FIN,2002-Q2,68.19141
FIN,2002-Q3,68.07354
FIN,2002-Q4,67.99019
FIN,2003-Q1,67.98313
FIN,2003-Q2,67.79989
FIN,2003-Q3,67.66368
FIN,2003-Q4,67.35493
FIN,2004-Q1,67.43607
FIN,2004-Q2,67.36318
FIN,2004-Q3,67.86112
FIN,2004-Q4,67.89174
FIN,2005-Q1,68.25805
FIN,2005-Q2,68.22749
FIN,2005-Q3,68.31146
FIN,2005-Q4,68.82931
FIN,2006-Q1,69.15997
FIN,2006-Q2,68.88496
FIN,2006-Q3,69.57561
FIN,2006-Q4,69.77567
FIN,2007-Q1,69.80574
FIN,2007-Q2,70.18783
FIN,2007-Q3,70.54503
FIN,2007-Q4,70.70103
FIN,2008-Q1,70.9635
FIN,2008-Q2,71.20217
FIN,2008-Q3,71.05173
FIN,2008-Q4,71.06205
FIN,2009-Q1,69.05754
FIN,2009-Q2,67.79468
FIN,2009-Q3,67.56909
FIN,2009-Q4,67.06432
FIN,2010-Q1,67.03113
FIN,2010-Q2,67.11457
FIN,2010-Q3,67.16095
FIN,2010-Q4,67.26006
FIN,2011-Q1,67.46231
FIN,2011-Q2,68.07423
FIN,2011-Q3,68.29365
FIN,2011-Q4,68.32513
FIN,2012-Q1,68.28459
FIN,2012-Q2,68.4157
FIN,2012-Q3,68.70679
FIN,2012-Q4,68.38603
FIN,2013-Q1,68.04745
FIN,2013-Q2,68.31136
FIN,2013-Q3,68.10786
FIN,2013-Q4,67.86953
FIN,2014-Q1,67.91648
FIN,2014-Q2,68.07068
FIN,2014-Q3,68.14147
FIN,2014-Q4,67.67122
FIN,2015-Q1,67.66503
FIN,2015-Q2,67.31811
FIN,2015-Q3,67.74155
FIN,2015-Q4,67.48687
FIN,2016-Q1,68.0708
FIN,2016-Q2,68.17648
FIN,2016-Q3,68.357
FIN,2016-Q4,68.21673
FIN,2017-Q1,68.44803
FIN,2017-Q2,68.76986
FIN,2017-Q3,69.0621
FIN,2017-Q4,70.03858
FIN,2018-Q1,70.43264
FIN,2018-Q2,71.14025
FIN,2018-Q3,71.37225
FIN,2018-Q4,71.57794
FIN,2019-Q1,71.82835
FIN,2019-Q2,71.78516
FIN,2019-Q3,72.09498
FIN,2019-Q4,72.28467
FIN,2020-Q1,72.19036
FIN,2020-Q2,70.05637
FIN,2020-Q3,71.01553
FIN,2020-Q4,71.35133
FIN,2021-Q1,71.66826
FIN,2021-Q2,72.76253
FIN,2021-Q3,72.73712
FIN,2021-Q4,73.46835
FIN,2022-Q1,73.94401
FIN,2022-Q2,74.61237
FIN,2022-Q3,74.01443
FIN,2022-Q4,74.62348
FIN,2023-Q1,74.32733
FIN,2023-Q2,74.78567
FRA,2003-Q1,66.11376
FRA,2003-Q2,65.82122
FRA,2003-Q3,65.87113
FRA,2003-Q4,65.68842
FRA,2004-Q1,65.64312
FRA,2004-Q2,65.6799
FRA,2004-Q3,65.73042
FRA,2004-Q4,65.66588
FRA,2005-Q1,65.78159
FRA,2005-Q2,65.73136
FRA,2005-Q3,65.5546
FRA,2005-Q4,65.43313
FRA,2006-Q1,65.41635
FRA,2006-Q2,65.43161
FRA,2006-Q3,65.71057
FRA,2006-Q4,65.8708
FRA,2007-Q1,65.89423
FRA,2007-Q2,66.12291
FRA,2007-Q3,66.34364
FRA,2007-Q4,66.6357
FRA,2008-Q1,66.8596
FRA,2008-Q2,66.84519
FRA,2008-Q3,66.80508
FRA,2008-Q4,66.83272
FRA,2009-Q1,64.7892
FRA,2009-Q2,64.55153
FRA,2009-Q3,64.26385
FRA,2009-Q4,64.20155
FRA,2010-Q1,64.37543
FRA,2010-Q2,64.34086
FRA,2010-Q3,64.42358
FRA,2010-Q4,64.33521
FRA,2011-Q1,64.26156
FRA,2011-Q2,64.31911
FRA,2011-Q3,64.23376
FRA,2011-Q4,64.2604
FRA,2012-Q1,64.25485
FRA,2012-Q2,64.36917
FRA,2012-Q3,64.41258
FRA,2012-Q4,64.48732
FRA,2013-Q1,64.24411
FRA,2013-Q2,64.36124
FRA,2013-Q3,64.5366
FRA,2013-Q4,64.47661
FRA,2014-Q1,64.57983
FRA,2014-Q2,64.576
FRA,2014-Q3,64.45328
FRA,2014-Q4,64.50352
FRA,2015-Q1,64.56342
FRA,2015-Q2,64.59657
FRA,2015-Q3,64.81934
FRA,2015-Q4,64.76254
FRA,2016-Q1,64.92876
FRA,2016-Q2,64.97803
FRA,2016-Q3,65.11517
FRA,2016-Q4,64.99213
FRA,2017-Q1,65.0193
FRA,2017-Q2,65.6359
FRA,2017-Q3,65.60449
FRA,2017-Q4,65.97768
FRA,2018-Q1,65.87312
FRA,2018-Q2,66.09044
FRA,2018-Q3,66.32569
FRA,2018-Q4,66.28495
FRA,2019-Q1,66.22363
FRA,2019-Q2,66.54085
FRA,2019-Q3,66.26422
FRA,2019-Q4,66.52866
FRA,2020-Q1,66.69885
FRA,2020-Q2,65.6431
FRA,2020-Q3,65.88612
FRA,2020-Q4,66.23228
FRA,2021-Q1,66.52792
FRA,2021-Q2,67.14214
FRA,2021-Q3,67.57577
FRA,2021-Q4,67.73543
FRA,2022-Q1,67.90029
FRA,2022-Q2,68.05396
FRA,2022-Q3,68.34138
FRA,2022-Q4,68.27489
FRA,2023-Q1,68.46473
FRA,2023-Q2,68.49068
DEU,2005-Q1,65.19444
DEU,2005-Q2,65.19944
DEU,2005-Q3,65.5234
DEU,2005-Q4,65.89368
DEU,2006-Q1,66.40794
DEU,2006-Q2,66.9909
DEU,2006-Q3,67.47513
DEU,2006-Q4,67.7817
DEU,2007-Q1,68.48769
DEU,2007-Q2,68.81258
DEU,2007-Q3,69.18359
DEU,2007-Q4,69.36181
DEU,2008-Q1,69.81321
DEU,2008-Q2,69.80685
DEU,2008-Q3,70.35694
DEU,2008-Q4,70.43853
DEU,2009-Q1,68.92602
DEU,2009-Q2,69.08018
DEU,2009-Q3,69.37293
DEU,2009-Q4,70.21363
DEU,2010-Q1,69.65968
DEU,2010-Q2,70.13804
DEU,2010-Q3,70.5849
DEU,2010-Q4,70.88297
DEU,2011-Q1,71.07722
DEU,2011-Q2,71.69345
DEU,2011-Q3,71.94899
DEU,2011-Q4,72.34257
DEU,2012-Q1,71.6693
DEU,2012-Q2,71.974
DEU,2012-Q3,72.23612
DEU,2012-Q4,72.29877
DEU,2013-Q1,72.24375
DEU,2013-Q2,72.63425
DEU,2013-Q3,72.57074
DEU,2013-Q4,72.63646
DEU,2014-Q1,72.60342
DEU,2014-Q2,72.84294
DEU,2014-Q3,72.95161
DEU,2014-Q4,72.84789
DEU,2015-Q1,73.09786
DEU,2015-Q2,72.89478
DEU,2015-Q3,72.88558
DEU,2015-Q4,73.07172
DEU,2016-Q1,73.50859
DEU,2016-Q2,73.42918
DEU,2016-Q3,73.82655
DEU,2016-Q4,73.89326
DEU,2017-Q1,73.9803
DEU,2017-Q2,74.08591
DEU,2017-Q3,74.4175
DEU,2017-Q4,74.51966
DEU,2018-Q1,74.76245
DEU,2018-Q2,74.69969
DEU,2018-Q3,75.06168
DEU,2018-Q4,75.13203
DEU,2019-Q1,75.6449
DEU,2019-Q2,75.64049
DEU,2019-Q3,75.63673
DEU,2019-Q4,75.78861
DEU,2020-Q1,74.51979
DEU,2020-Q2,74.15417
DEU,2020-Q3,74.10112
DEU,2020-Q4,74.65827
DEU,2021-Q1,74.51144
DEU,2021-Q2,75.2341
DEU,2021-Q3,76.20226
DEU,2021-Q4,76.39577
DEU,2022-Q1,76.58981
DEU,2022-Q2,76.87248
DEU,2022-Q3,76.90623
DEU,2022-Q4,77.20851
DEU,2023-Q1,77.29102
DEU,2023-Q2,77.50276
GRC,1998-Q1,55.60656
GRC,1998-Q2,55.85064
GRC,1998-Q3,56.13288
GRC,1998-Q4,56.21347
GRC,1999-Q1,56.34367
GRC,1999-Q2,55.80833
GRC,1999-Q3,55.7033
GRC,1999-Q4,55.74428
GRC,2000-Q1,55.97697
GRC,2000-Q2,56.33573
GRC,2000-Q3,56.58033
GRC,2000-Q4,56.92579
GRC,2001-Q1,56.4291
GRC,2001-Q2,56.28314
GRC,2001-Q3,56.48402
GRC,2001-Q4,56.21948
GRC,2002-Q1,56.4959
GRC,2002-Q2,57.36819
GRC,2002-Q3,57.6744
GRC,2002-Q4,58.02949
GRC,2003-Q1,58.2086
GRC,2003-Q2,58.42614
GRC,2003-Q3,58.60285
GRC,2003-Q4,58.68823
GRC,2004-Q1,58.77253
GRC,2004-Q2,59.08459
GRC,2004-Q3,59.03773
GRC,2004-Q4,59.367
GRC,2005-Q1,59.46383
GRC,2005-Q2,59.59544
GRC,2005-Q3,59.47186
GRC,2005-Q4,59.9929
GRC,2006-Q1,60.37054
GRC,2006-Q2,60.41311
GRC,2006-Q3,60.7848
GRC,2006-Q4,60.70437
GRC,2007-Q1,60.6224
GRC,2007-Q2,60.75491
GRC,2007-Q3,60.96249
GRC,2007-Q4,61.11488
GRC,2008-Q1,61.17085
GRC,2008-Q2,61.5702
GRC,2008-Q3,61.43696
GRC,2008-Q4,61.43771
GRC,2009-Q1,61.01459
GRC,2009-Q2,60.92258
GRC,2009-Q3,60.67714
GRC,2009-Q4,60.19588
GRC,2010-Q1,59.8853
GRC,2010-Q2,59.28011
GRC,2010-Q3,58.43676
GRC,2010-Q4,57.72501
GRC,2011-Q1,56.69621
GRC,2011-Q2,55.55519
GRC,2011-Q3,54.18399
GRC,2011-Q4,52.97046
GRC,2012-Q1,51.97834
GRC,2012-Q2,50.65862
GRC,2012-Q3,49.68827
GRC,2012-Q4,49.36232
GRC,2013-Q1,48.73385
GRC,2013-Q2,48.67479
GRC,2013-Q3,48.22197
GRC,2013-Q4,48.30792
GRC,2014-Q1,48.93303
GRC,2014-Q2,49.03533
GRC,2014-Q3,49.33278
GRC,2014-Q4,49.60788
GRC,2015-Q1,49.86999
GRC,2015-Q2,50.69685
GRC,2015-Q3,50.93967
GRC,2015-Q4,51.35479
GRC,2016-Q1,51.5048
GRC,2016-Q2,51.92022
GRC,2016-Q3,51.86279
GRC,2016-Q4,51.79964
GRC,2017-Q1,52.45107
GRC,2017-Q2,53.45763
GRC,2017-Q3,53.43242
GRC,2017-Q4,53.42271
GRC,2018-Q1,53.65432
GRC,2018-Q2,54.9338
GRC,2018-Q3,54.64087
GRC,2018-Q4,54.8452
GRC,2019-Q1,55.2846
GRC,2019-Q2,56.7786
GRC,2019-Q3,56.13762
GRC,2019-Q4,56.27447
GRC,2020-Q1,54.84796
GRC,2020-Q2,50.62953
GRC,2020-Q3,55.47114
GRC,2020-Q4,53.75154
GRC,2021-Q1,53.67102
GRC,2021-Q2,57.18149
GRC,2021-Q3,58.84901
GRC,2021-Q4,59.30444
GRC,2022-Q1,60.13195
GRC,2022-Q2,61.08716
GRC,2022-Q3,60.69428
GRC,2022-Q4,60.88541
GRC,2023-Q1,61.04451
GRC,2023-Q2,62.34008
HUN,1999-Q1,55.20819
HUN,1999-Q2,55.51739
HUN,1999-Q3,55.66936
HUN,1999-Q4,55.87065
HUN,2000-Q1,56.00743
HUN,2000-Q2,56.07438
HUN,2000-Q3,56.30701
HUN,2000-Q4,56.65417
HUN,2001-Q1,56.46556
HUN,2001-Q2,56.15623
HUN,2001-Q3,56.1875
HUN,2001-Q4,55.95285
HUN,2002-Q1,56.20013
HUN,2002-Q2,56.21382
HUN,2002-Q3,56.15952
HUN,2002-Q4,56.28788
HUN,2003-Q1,56.54531
HUN,2003-Q2,57.08412
HUN,2003-Q3,57.17626
HUN,2003-Q4,57.24734
HUN,2004-Q1,57.04515
HUN,2004-Q2,56.67309
HUN,2004-Q3,56.5415
HUN,2004-Q4,56.78144
HUN,2005-Q1,56.84849
HUN,2005-Q2,56.82535
HUN,2005-Q3,57.02572
HUN,2005-Q4,56.96516
HUN,2006-Q1,57.3451
HUN,2006-Q2,57.44542
HUN,2006-Q3,57.19133
HUN,2006-Q4,57.42239
HUN,2007-Q1,57.39531
HUN,2007-Q2,57.18367
HUN,2007-Q3,56.94158
HUN,2007-Q4,56.62767
HUN,2008-Q1,56.50154
HUN,2008-Q2,56.26581
HUN,2008-Q3,56.5273
HUN,2008-Q4,56.2369
HUN,2009-Q1,57.53686
HUN,2009-Q2,57.38784
HUN,2009-Q3,56.93032
HUN,2009-Q4,56.9833
HUN,2010-Q1,56.92603
HUN,2010-Q2,56.98063
HUN,2010-Q3,57.06877
HUN,2010-Q4,57.21691
HUN,2011-Q1,57.25618
HUN,2011-Q2,57.57813
HUN,2011-Q3,57.61645
HUN,2011-Q4,57.85421
HUN,2012-Q1,57.92887
HUN,2012-Q2,58.47236
HUN,2012-Q3,58.99355
HUN,2012-Q4,59.1115
HUN,2013-Q1,58.73689
HUN,2013-Q2,60.04719
HUN,2013-Q3,60.45983
HUN,2013-Q4,61.27317
HUN,2014-Q1,63.08378
HUN,2014-Q2,63.16562
HUN,2014-Q3,63.90342
HUN,2014-Q4,64.35735
HUN,2015-Q1,64.76521
HUN,2015-Q2,65.62112
HUN,2015-Q3,66.25429
HUN,2015-Q4,66.78065
HUN,2016-Q1,67.51761
HUN,2016-Q2,68.4399
HUN,2016-Q3,68.79781
HUN,2016-Q4,69.41386
HUN,2017-Q1,69.63011
HUN,2017-Q2,69.97385
HUN,2017-Q3,70.29311
HUN,2017-Q4,70.72216
HUN,2018-Q1,71.12834
HUN,2018-Q2,71.41761
HUN,2018-Q3,71.39809
HUN,2018-Q4,71.65366
HUN,2019-Q1,72.20807
HUN,2019-Q2,72.28394
HUN,2019-Q3,72.08763
HUN,2019-Q4,72.23911
HUN,2020-Q1,72.18658
HUN,2020-Q2,71.34046
HUN,2020-Q3,72.08098
HUN,2020-Q4,72.18298
HUN,2021-Q1,71.98969
HUN,2021-Q2,73.02339
HUN,2021-Q3,73.33912
HUN,2021-Q4,73.94662
HUN,2022-Q1,74.17535
HUN,2022-Q2,74.38526
HUN,2022-Q3,74.41826
HUN,2022-Q4,74.44283
HUN,2023-Q1,74.66283
HUN,2023-Q2,74.79351
ISL,2003-Q1,83.17052
ISL,2003-Q2,83.31832
ISL,2003-Q3,83.93375
ISL,2003-Q4,82.58835
ISL,2004-Q1,82.20611
ISL,2004-Q2,82.07141
ISL,2004-Q3,82.2841
ISL,2004-Q4,82.57493
ISL,2005-Q1,83.19308
ISL,2005-Q2,83.77869
ISL,2005-Q3,83.47967
ISL,2005-Q4,84.13386
ISL,2006-Q1,84.27644
ISL,2006-Q2,84.49879
ISL,2006-Q3,84.61319
ISL,2006-Q4,84.98994
ISL,2007-Q1,85.95275
ISL,2007-Q2,84.87663
ISL,2007-Q3,84.92661
ISL,2007-Q4,84.85057
ISL,2008-Q1,84.29449
ISL,2008-Q2,84.54582
ISL,2008-Q3,83.38958
ISL,2008-Q4,82.20893
ISL,2009-Q1,78.63464
ISL,2009-Q2,77.88567
ISL,2009-Q3,78.45869
ISL,2009-Q4,78.32713
ISL,2010-Q1,78.54616
ISL,2010-Q2,78.44886
ISL,2010-Q3,77.47608
ISL,2010-Q4,78.19574
ISL,2011-Q1,78.26232
ISL,2011-Q2,78.53941
ISL,2011-Q3,78.05232
ISL,2011-Q4,79.00324
ISL,2012-Q1,78.65775
ISL,2012-Q2,79.67355
ISL,2012-Q3,79.87891
ISL,2012-Q4,80.44775
ISL,2013-Q1,79.88583
ISL,2013-Q2,80.65162
ISL,2013-Q3,81.88806
ISL,2013-Q4,81.93637
ISL,2014-Q1,81.756
ISL,2014-Q2,83.17102
ISL,2014-Q3,83.21562
ISL,2014-Q4,83.68818
ISL,2015-Q1,84.2251
ISL,2015-Q2,84.48492
ISL,2015-Q3,84.9026
ISL,2015-Q4,85.19762
ISL,2016-Q1,86.07973
ISL,2016-Q2,86.16228
ISL,2016-Q3,86.95406
ISL,2016-Q4,86.96227
ISL,2017-Q1,86.94334
ISL,2017-Q2,86.66011
ISL,2017-Q3,85.32761
ISL,2017-Q4,85.51595
ISL,2018-Q1,85.06781
ISL,2018-Q2,84.48692
ISL,2018-Q3,85.46196
ISL,2018-Q4,85.3389
ISL,2019-Q1,84.99632
ISL,2019-Q2,84.80004
ISL,2019-Q3,82.99119
ISL,2019-Q4,83.61204
ISL,2020-Q1,83.18687
ISL,2020-Q2,79.79946
ISL,2020-Q3,81.57708
ISL,2020-Q4,76.7008
ISL,2021-Q1,77.39467
ISL,2021-Q2,79.03399
ISL,2021-Q3,80.74012
ISL,2021-Q4,81.84346
ISL,2022-Q1,82.93317
ISL,2022-Q2,83.59019
ISL,2022-Q3,82.52309
ISL,2022-Q4,83.97673
ISL,2023-Q1,83.72017
ISL,2023-Q2,84.67846
IRL,1999-Q2,63.08013
IRL,1999-Q3,63.77315
IRL,1999-Q4,64.18932
IRL,2000-Q1,64.62188
IRL,2000-Q2,65.12254
IRL,2000-Q3,65.43256
IRL,2000-Q4,65.54397
IRL,2001-Q1,65.73882
IRL,2001-Q2,65.72372
IRL,2001-Q3,66.00138
IRL,2001-Q4,65.83277
IRL,2002-Q1,65.62794
IRL,2002-Q2,65.59035
IRL,2002-Q3,65.34321
IRL,2002-Q4,65.26238
IRL,2003-Q1,65.29475
IRL,2003-Q2,65.49341
IRL,2003-Q3,65.40244
IRL,2003-Q4,65.8063
IRL,2004-Q1,66.04763
IRL,2004-Q2,65.96355
IRL,2004-Q3,66.28184
IRL,2004-Q4,66.81186
IRL,2005-Q1,67.18142
IRL,2005-Q2,67.51587
IRL,2005-Q3,67.89343
IRL,2005-Q4,67.99429
IRL,2006-Q1,68.48476
IRL,2006-Q2,68.45834
IRL,2006-Q3,68.71059
IRL,2006-Q4,69.00396
IRL,2007-Q1,71.805
IRL,2007-Q2,71.81419
IRL,2007-Q3,71.83748
IRL,2007-Q4,71.50362
IRL,2008-Q1,71.05537
IRL,2008-Q2,70.32677
IRL,2008-Q3,69.35559
IRL,2008-Q4,67.93954
IRL,2009-Q1,65.19081
IRL,2009-Q2,63.97783
IRL,2009-Q3,63.03942
IRL,2009-Q4,62.27362
IRL,2010-Q1,61.50585
IRL,2010-Q2,61.30645
IRL,2010-Q3,60.831
IRL,2010-Q4,60.17923
IRL,2011-Q1,60.02628
IRL,2011-Q2,60.39533
IRL,2011-Q3,59.69411
IRL,2011-Q4,59.94861
IRL,2012-Q1,59.72059
IRL,2012-Q2,59.90338
IRL,2012-Q3,59.93327
IRL,2012-Q4,60.11055
IRL,2013-Q1,60.85677
IRL,2013-Q2,61.6268
IRL,2013-Q3,62.05389
IRL,2013-Q4,62.34809
IRL,2014-Q1,62.4936
IRL,2014-Q2,62.79903
IRL,2014-Q3,63.32302
IRL,2014-Q4,63.83099
IRL,2015-Q1,64.05653
IRL,2015-Q2,64.70453
IRL,2015-Q3,64.84489
IRL,2015-Q4,65.23349
IRL,2016-Q1,65.49715
IRL,2016-Q2,66.4556
IRL,2016-Q3,66.74232
IRL,2016-Q4,66.90611
IRL,2017-Q1,67.23549
IRL,2017-Q2,67.55309
IRL,2017-Q3,67.54195
IRL,2017-Q4,67.98686
IRL,2018-Q1,67.99808
IRL,2018-Q2,68.60141
IRL,2018-Q3,68.62791
IRL,2018-Q4,68.77986
IRL,2019-Q1,69.37405
IRL,2019-Q2,69.49886
IRL,2019-Q3,69.22227
IRL,2019-Q4,69.57236
IRL,2020-Q1,69.6517
IRL,2020-Q2,63.98517
IRL,2020-Q3,66.1331
IRL,2020-Q4,66.49258
IRL,2021-Q1,66.07146
IRL,2021-Q2,69.13724
IRL,2021-Q3,71.5956
IRL,2021-Q4,72.58836
IRL,2022-Q1,73.1803
IRL,2022-Q2,73.71295
IRL,2022-Q3,72.81447
IRL,2022-Q4,73.08205
IRL,2023-Q1,73.84921
IRL,2023-Q2,74.33183
ITA,1998-Q1,51.63791
ITA,1998-Q2,51.87399
ITA,1998-Q3,52.07743
ITA,1998-Q4,52.19458
ITA,1999-Q1,52.42956
ITA,1999-Q2,52.60624
ITA,1999-Q3,52.79292
ITA,1999-Q4,52.94587
ITA,2000-Q1,53.01252
ITA,2000-Q2,53.45625
ITA,2000-Q3,53.9325
ITA,2000-Q4,54.41602
ITA,2001-Q1,54.58447
ITA,2001-Q2,54.54468
ITA,2001-Q3,54.91441
ITA,2001-Q4,55.06936
ITA,2002-Q1,55.4556
ITA,2002-Q2,55.37642
ITA,2002-Q3,55.60916
ITA,2002-Q4,55.69104
ITA,2003-Q1,55.88775
ITA,2003-Q2,56.06437
ITA,2003-Q3,56.27249
ITA,2003-Q4,56.21241
ITA,2004-Q1,57.46162
ITA,2004-Q2,57.68956
ITA,2004-Q3,57.83938
ITA,2004-Q4,57.90992
ITA,2005-Q1,57.67964
ITA,2005-Q2,57.57758
ITA,2005-Q3,57.30978
ITA,2005-Q4,57.7489
ITA,2006-Q1,58.24178
ITA,2006-Q2,58.5139
ITA,2006-Q3,58.23264
ITA,2006-Q4,58.36358
ITA,2007-Q1,58.25373
ITA,2007-Q2,58.49183
ITA,2007-Q3,58.82991
ITA,2007-Q4,58.66347
ITA,2008-Q1,58.6857
ITA,2008-Q2,58.78479
ITA,2008-Q3,58.72639
ITA,2008-Q4,58.33613
ITA,2009-Q1,57.27267
ITA,2009-Q2,57.18383
ITA,2009-Q3,56.79002
ITA,2009-Q4,56.41508
ITA,2010-Q1,56.33651
ITA,2010-Q2,56.3297
ITA,2010-Q3,56.08942
ITA,2010-Q4,56.32981
ITA,2011-Q1,56.41791
ITA,2011-Q2,56.49012
ITA,2011-Q3,56.26186
ITA,2011-Q4,56.18754
ITA,2012-Q1,56.16416
ITA,2012-Q2,56.25777
ITA,2012-Q3,56.01487
ITA,2012-Q4,55.84017
ITA,2013-Q1,55.31631
ITA,2013-Q2,54.71196
ITA,2013-Q3,54.79023
ITA,2013-Q4,55.08994
ITA,2014-Q1,55.05822
ITA,2014-Q2,55.18858
ITA,2014-Q3,55.29096
ITA,2014-Q4,55.60343
ITA,2015-Q1,55.69251
ITA,2015-Q2,55.75084
ITA,2015-Q3,56.19352
ITA,2015-Q4,56.41354
ITA,2016-Q1,56.74306
ITA,2016-Q2,57.1035
ITA,2016-Q3,57.12946
ITA,2016-Q4,57.26159
ITA,2017-Q1,57.55714
ITA,2017-Q2,57.79651
ITA,2017-Q3,57.97409
ITA,2017-Q4,58.11053
ITA,2018-Q1,58.24926
ITA,2018-Q2,58.61721
ITA,2018-Q3,58.63785
ITA,2018-Q4,58.56554
ITA,2019-Q1,58.71486
ITA,2019-Q2,59.32359
ITA,2019-Q3,59.13124
ITA,2019-Q4,59.0259
ITA,2020-Q1,58.79556
ITA,2020-Q2,56.72125
ITA,2020-Q3,57.01987
ITA,2020-Q4,57.32228
ITA,2021-Q1,56.68169
ITA,2021-Q2,57.94487
ITA,2021-Q3,58.84589
ITA,2021-Q4,59.43233
ITA,2022-Q1,59.50974
ITA,2022-Q2,60.21114
ITA,2022-Q3,60.11091
ITA,2022-Q4,60.73966
ITA,2023-Q1,60.97546
ITA,2023-Q2,61.33025
JPN,1995-Q1,69.26453
JPN,1995-Q2,69.22562
JPN,1995-Q3,69.30012
JPN,1995-Q4,69.21755
JPN,1996-Q1,69.31595
JPN,1996-Q2,69.48831
JPN,1996-Q3,69.76405
JPN,1996-Q4,69.6955
JPN,1997-Q1,70.03622
JPN,1997-Q2,70.12101
JPN,1997-Q3,70.11514
JPN,1997-Q4,69.98836
JPN,1998-Q1,69.92259
JPN,1998-Q2,69.59286
JPN,1998-Q3,69.45416
JPN,1998-Q4,69.27718
JPN,1999-Q1,69.08689
JPN,1999-Q2,68.98834
JPN,1999-Q3,69.0192
JPN,1999-Q4,68.99085
JPN,2000-Q1,68.75898
JPN,2000-Q2,69.02222
JPN,2000-Q3,69.01018
JPN,2000-Q4,69.1657
JPN,2001-Q1,69.25991
JPN,2001-Q2,68.97169
JPN,2001-Q3,68.64271
JPN,2001-Q4,68.48404
JPN,2002-Q1,68.42081
JPN,2002-Q2,68.16614
JPN,2002-Q3,68.28225
JPN,2002-Q4,68.38561
JPN,2003-Q1,68.32905
JPN,2003-Q2,68.33434
JPN,2003-Q3,68.47329
JPN,2003-Q4,68.69961
JPN,2004-Q1,68.7036
JPN,2004-Q2,68.66581
JPN,2004-Q3,68.89429
JPN,2004-Q4,68.9968
JPN,2005-Q1,69.09327
JPN,2005-Q2,69.32005
JPN,2005-Q3,69.6067
JPN,2005-Q4,69.46828
JPN,2006-Q1,69.82282
JPN,2006-Q2,69.98719
JPN,2006-Q3,70.1098
JPN,2006-Q4,70.22019
JPN,2007-Q1,70.43744
JPN,2007-Q2,70.9254
JPN,2007-Q3,70.79575
JPN,2007-Q4,70.92707
JPN,2008-Q1,70.7723
JPN,2008-Q2,70.94743
JPN,2008-Q3,70.84381
JPN,2008-Q4,70.91073
JPN,2009-Q1,70.52541
JPN,2009-Q2,70.0285
JPN,2009-Q3,70.06018
JPN,2009-Q4,70.08003
JPN,2010-Q1,70.2569
JPN,2010-Q2,70.07822
JPN,2010-Q3,70.40231
JPN,2010-Q4,70.3964
JPN,2011-Q1,70.82626
JPN,2011-Q2,71.07259
JPN,2011-Q3,70.78429
JPN,2011-Q4,70.50735
JPN,2012-Q1,70.37782
JPN,2012-Q2,70.50197
JPN,2012-Q3,70.69639
JPN,2012-Q4,70.90772
JPN,2013-Q1,71.26269
JPN,2013-Q2,71.64318
JPN,2013-Q3,71.93026
JPN,2013-Q4,72.20724
JPN,2014-Q1,72.51196
JPN,2014-Q2,72.71605
JPN,2014-Q3,72.84486
JPN,2014-Q4,72.97744
JPN,2015-Q1,73.1285
JPN,2015-Q2,73.20616
JPN,2015-Q3,73.46187
JPN,2015-Q4,73.79389
JPN,2016-Q1,74.07717
JPN,2016-Q2,74.28929
JPN,2016-Q3,74.65971
JPN,2016-Q4,74.84913
JPN,2017-Q1,74.915
JPN,2017-Q2,75.19754
JPN,2017-Q3,75.53367
JPN,2017-Q4,75.84073
JPN,2018-Q1,76.4388
JPN,2018-Q2,76.9157
JPN,2018-Q3,77.03393
JPN,2018-Q4,77.38192
JPN,2019-Q1,77.51456
JPN,2019-Q2,77.7047
JPN,2019-Q3,77.9323
JPN,2019-Q4,78.1069
JPN,2020-Q1,78.05561
JPN,2020-Q2,77.08415
JPN,2020-Q3,77.18217
JPN,2020-Q4,77.48966
JPN,2021-Q1,77.74486
JPN,2021-Q2,77.80989
JPN,2021-Q3,78.01797
JPN,2021-Q4,77.94625
JPN,2022-Q1,78.05282
JPN,2022-Q2,78.55721
JPN,2022-Q3,78.62817
JPN,2022-Q4,78.57451
JPN,2023-Q1,78.55511
JPN,2023-Q2,78.89885
JPN,2023-Q3,79.0281
KOR,1999-Q3,60.07761
KOR,1999-Q4,60.8764
KOR,2000-Q1,61.0998
KOR,2000-Q2,61.35643
KOR,2000-Q3,61.82514
KOR,2000-Q4,61.77436
KOR,2001-Q1,61.29817
KOR,2001-Q2,62.34113
KOR,2001-Q3,62.50709
KOR,2001-Q4,62.67715
KOR,2002-Q1,63.19072
KOR,2002-Q2,63.48183
KOR,2002-Q3,63.55365
KOR,2002-Q4,63.39938
KOR,2003-Q1,63.15813
KOR,2003-Q2,62.91999
KOR,2003-Q3,62.96917
KOR,2003-Q4,63.09434
KOR,2004-Q1,63.93791
KOR,2004-Q2,63.70786
KOR,2004-Q3,63.62057
KOR,2004-Q4,63.80408
KOR,2005-Q1,63.76022
KOR,2005-Q2,63.7538
KOR,2005-Q3,63.69616
KOR,2005-Q4,63.78301
KOR,2006-Q1,64.00926
KOR,2006-Q2,64.01579
KOR,2006-Q3,63.9245
KOR,2006-Q4,63.94744
KOR,2007-Q1,64.15019
KOR,2007-Q2,64.13367
KOR,2007-Q3,64.1235
KOR,2007-Q4,64.17716
KOR,2008-Q1,64.15724
KOR,2008-Q2,64.12728
KOR,2008-Q3,63.9037
KOR,2008-Q4,63.6386
KOR,2009-Q1,63.10799
KOR,2009-Q2,62.95259
KOR,2009-Q3,62.97771
KOR,2009-Q4,63.0336
KOR,2010-Q1,63.10789
KOR,2010-Q2,63.46943
KOR,2010-Q3,63.46274
KOR,2010-Q4,63.51508
KOR,2011-Q1,63.64563
KOR,2011-Q2,63.98621
KOR,2011-Q3,63.86474
KOR,2011-Q4,64.16714
KOR,2012-Q1,64.24664
KOR,2012-Q2,64.44231
KOR,2012-Q3,64.39727
KOR,2012-Q4,64.28996
KOR,2013-Q1,64.09787
KOR,2013-Q2,64.54458
KOR,2013-Q3,64.78015
KOR,2013-Q4,65.08873
KOR,2014-Q1,65.47923
KOR,2014-Q2,65.42941
KOR,2014-Q3,65.69891
KOR,2014-Q4,65.65952
KOR,2015-Q1,65.85524
KOR,2015-Q2,65.77685
KOR,2015-Q3,65.94752
KOR,2015-Q4,66.06143
KOR,2016-Q1,65.92376
KOR,2016-Q2,65.91429
KOR,2016-Q3,66.18785
KOR,2016-Q4,66.27779
KOR,2017-Q1,66.49051
KOR,2017-Q2,66.65688
KOR,2017-Q3,66.70567
KOR,2017-Q4,66.66392
KOR,2018-Q1,66.73862
KOR,2018-Q2,66.66067
KOR,2018-Q3,66.46853
KOR,2018-Q4,66.58426
KOR,2019-Q1,66.67532
KOR,2019-Q2,66.73267
KOR,2019-Q3,66.84669
KOR,2019-Q4,67.036
KOR,2020-Q1,66.75531
KOR,2020-Q2,65.41634
KOR,2020-Q3,65.63841
KOR,2020-Q4,65.62958
KOR,2021-Q1,65.62329
KOR,2021-Q2,66.41416
KOR,2021-Q3,66.81314
KOR,2021-Q4,67.25466
KOR,2022-Q1,68.04692
KOR,2022-Q2,68.53035
KOR,2022-Q3,68.72945
KOR,2022-Q4,68.74094
KOR,2023-Q1,68.83375
KOR,2023-Q2,69.24164
KOR,2023-Q3,69.37575
LUX,2007-Q1,64.54018
LUX,2007-Q2,63.44442
LUX,2007-Q3,64.45061
LUX,2007-Q4,64.16933
LUX,2008-Q1,63.57413
LUX,2008-Q2,63.8517
LUX,2008-Q3,63.49127
LUX,2008-Q4,62.75038
LUX,2009-Q1,64.50022
LUX,2009-Q2,65.55231
LUX,2009-Q3,65.8072
LUX,2009-Q4,64.89893
LUX,2010-Q1,64.70096
LUX,2010-Q2,64.59324
LUX,2010-Q3,66.1501
LUX,2010-Q4,65.37192
LUX,2011-Q1,65.65224
LUX,2011-Q2,63.65186
LUX,2011-Q3,64.97558
LUX,2011-Q4,64.08472
LUX,2012-Q1,64.66133
LUX,2012-Q2,65.6489
LUX,2012-Q3,66.60992
LUX,2012-Q4,66.42278
LUX,2013-Q1,65.08836
LUX,2013-Q2,65.48248
LUX,2013-Q3,66.05312
LUX,2013-Q4,66.25787
LUX,2014-Q1,66.31561
LUX,2014-Q2,66.53126
LUX,2014-Q3,65.9713
LUX,2014-Q4,67.70855
LUX,2015-Q1,66.11358
LUX,2015-Q2,67.02236
LUX,2015-Q3,65.49547
LUX,2015-Q4,65.87744
LUX,2016-Q1,65.16062
LUX,2016-Q2,65.27502
LUX,2016-Q3,65.2212
LUX,2016-Q4,66.5593
LUX,2017-Q1,65.95451
LUX,2017-Q2,65.712
LUX,2017-Q3,67.05077
LUX,2017-Q4,66.40146
LUX,2018-Q1,66.92646
LUX,2018-Q2,66.27587
LUX,2018-Q3,66.96879
LUX,2018-Q4,68.19382
LUX,2019-Q1,67.65785
LUX,2019-Q2,68.16791
LUX,2019-Q3,67.91406
LUX,2019-Q4,67.95377
LUX,2020-Q1,66.7622
LUX,2020-Q2,66.71719
LUX,2020-Q3,66.93652
LUX,2020-Q4,68.55656
LUX,2021-Q1,68.09958
LUX,2021-Q2,69.64709
LUX,2021-Q3,70.20864
LUX,2021-Q4,69.47457
LUX,2022-Q1,70.58776
LUX,2022-Q2,70.13537
LUX,2022-Q3,70.04597
LUX,2022-Q4,69.7155
LUX,2023-Q1,70.59926
LUX,2023-Q2,70.7633
MEX,2005-Q1,60.014
MEX,2005-Q2,59.58381
MEX,2005-Q3,60.22393
MEX,2005-Q4,60.39651
MEX,2006-Q1,60.90329
MEX,2006-Q2,60.83941
MEX,2006-Q3,61.10054
MEX,2006-Q4,61.01229
MEX,2007-Q1,60.96061
MEX,2007-Q2,60.90899
MEX,2007-Q3,60.59277
MEX,2007-Q4,61.54747
MEX,2008-Q1,61.22768
MEX,2008-Q2,61.20391
MEX,2008-Q3,60.51975
MEX,2008-Q4,59.71938
MEX,2009-Q1,59.77544
MEX,2009-Q2,59.31306
MEX,2009-Q3,59.91075
MEX,2009-Q4,60.14302
MEX,2010-Q1,59.76175
MEX,2010-Q2,60.22778
MEX,2010-Q3,59.83881
MEX,2010-Q4,58.82186
MEX,2011-Q1,59.51459
MEX,2011-Q2,59.75734
MEX,2011-Q3,59.98559
MEX,2011-Q4,60.84484
MEX,2012-Q1,60.50902
MEX,2012-Q2,61.27755
MEX,2012-Q3,61.34932
MEX,2012-Q4,60.50367
MEX,2013-Q1,60.43403
MEX,2013-Q2,60.97123
MEX,2013-Q3,60.74557
MEX,2013-Q4,61.2202
MEX,2014-Q1,60.78503
MEX,2014-Q2,60.40804
MEX,2014-Q3,60.2579
MEX,2014-Q4,60.18509
MEX,2015-Q1,60.58424
MEX,2015-Q2,60.54075
MEX,2015-Q3,60.61661
MEX,2015-Q4,61.24331
MEX,2016-Q1,60.85095
MEX,2016-Q2,60.90541
MEX,2016-Q3,61.38045
MEX,2016-Q4,61.05562
MEX,2017-Q1,61.41088
MEX,2017-Q2,61.13411
MEX,2017-Q3,61.08108
MEX,2017-Q4,61.15371
MEX,2018-Q1,61.47199
MEX,2018-Q2,61.63227
MEX,2018-Q3,61.68
MEX,2018-Q4,61.5984
MEX,2019-Q1,62.09033
MEX,2019-Q2,62.24973
MEX,2019-Q3,62.34018
MEX,2019-Q4,62.37773
MEX,2020-Q1,62.57219
MEX,2020-Q2,51.40654
MEX,2020-Q3,56.87294
MEX,2020-Q4,59.22864
MEX,2021-Q1,59.59229
MEX,2021-Q2,61.11487
MEX,2021-Q3,61.51062
MEX,2021-Q4,61.91598
MEX,2022-Q1,61.84948
MEX,2022-Q2,62.5863
MEX,2022-Q3,62.55387
MEX,2022-Q4,63.15576
MEX,2023-Q1,63.81595
MEX,2023-Q2,63.36795
NLD,2000-Q1,71.81953
NLD,2000-Q2,72.70621
NLD,2000-Q3,73.33804
NLD,2000-Q4,73.83019
NLD,2001-Q1,73.94598
NLD,2001-Q2,73.97926
NLD,2001-Q3,74.20334
NLD,2001-Q4,74.3256
NLD,2002-Q1,74.26822
NLD,2002-Q2,74.43726
NLD,2002-Q3,74.48672
NLD,2002-Q4,74.45969
NLD,2003-Q1,74.07298
NLD,2003-Q2,73.75138
NLD,2003-Q3,73.55392
NLD,2003-Q4,73.17964
NLD,2004-Q1,73.22832
NLD,2004-Q2,73.10111
NLD,2004-Q3,73.19926
NLD,2004-Q4,72.94102
NLD,2005-Q1,70.41714
NLD,2005-Q2,70.51377
NLD,2005-Q3,70.61476
NLD,2005-Q4,70.9585
NLD,2006-Q1,71.11403
NLD,2006-Q2,71.2098
NLD,2006-Q3,71.65397
NLD,2006-Q4,72.28758
NLD,2007-Q1,72.77247
NLD,2007-Q2,73.2823
NLD,2007-Q3,73.75451
NLD,2007-Q4,74.03915
NLD,2008-Q1,74.50661
NLD,2008-Q2,74.98191
NLD,2008-Q3,75.1141
NLD,2008-Q4,75.16648
NLD,2009-Q1,76.69969
NLD,2009-Q2,76.41776
NLD,2009-Q3,76.06215
NLD,2009-Q4,75.47498
NLD,2010-Q1,75.23414
NLD,2010-Q2,75.44576
NLD,2010-Q3,75.54191
NLD,2010-Q4,75.58325
NLD,2011-Q1,75.45016
NLD,2011-Q2,75.52879
NLD,2011-Q3,75.70951
NLD,2011-Q4,76.0275
NLD,2012-Q1,75.97653
NLD,2012-Q2,75.95175
NLD,2012-Q3,75.94928
NLD,2012-Q4,75.69904
NLD,2013-Q1,75.37838
NLD,2013-Q2,75.2542
NLD,2013-Q3,74.97655
NLD,2013-Q4,74.80501
NLD,2014-Q1,74.32191
NLD,2014-Q2,74.4213
NLD,2014-Q3,74.79487
NLD,2014-Q4,75.0602
NLD,2015-Q1,75.37344
NLD,2015-Q2,75.62761
NLD,2015-Q3,75.79501
NLD,2015-Q4,75.77619
NLD,2016-Q1,75.93318
NLD,2016-Q2,76.26641
NLD,2016-Q3,76.56997
NLD,2016-Q4,76.70876
NLD,2017-Q1,76.94497
NLD,2017-Q2,77.20365
NLD,2017-Q3,77.54356
NLD,2017-Q4,77.79154
NLD,2018-Q1,78.05624
NLD,2018-Q2,78.48902
NLD,2018-Q3,78.95077
NLD,2018-Q4,79.28374
NLD,2019-Q1,79.4565
NLD,2019-Q2,79.7197
NLD,2019-Q3,79.77459
NLD,2019-Q4,79.76942
NLD,2020-Q1,80.10939
NLD,2020-Q2,78.95673
NLD,2020-Q3,78.86728
NLD,2020-Q4,79.23765
NLD,2021-Q1,79.43129
NLD,2021-Q2,79.83975
NLD,2021-Q3,80.41928
NLD,2021-Q4,80.84986
NLD,2022-Q1,81.37928
NLD,2022-Q2,81.8541
NLD,2022-Q3,81.73155
NLD,2022-Q4,82.07525
NLD,2023-Q1,82.27949
NLD,2023-Q2,82.50891
NZL,1995-Q1,68.95591
NZL,1995-Q2,69.5927
NZL,1995-Q3,70.00182
NZL,1995-Q4,70.0761
NZL,1996-Q1,70.30319
NZL,1996-Q2,70.77186
NZL,1996-Q3,71.05698
NZL,1996-Q4,70.30926
NZL,1997-Q1,70.18773
NZL,1997-Q2,70.2376
NZL,1997-Q3,70.16544
NZL,1997-Q4,69.91087
NZL,1998-Q1,69.64204
NZL,1998-Q2,69.0205
NZL,1998-Q3,68.99626
NZL,1998-Q4,68.64432
NZL,1999-Q1,69.24903
NZL,1999-Q2,69.20109
NZL,1999-Q3,69.56252
NZL,1999-Q4,70.20571
NZL,2000-Q1,70.00346
NZL,2000-Q2,69.69485
NZL,2000-Q3,70.59054
NZL,2000-Q4,71.04099
NZL,2001-Q1,71.02539
NZL,2001-Q2,71.25826
NZL,2001-Q3,71.34759
NZL,2001-Q4,71.88048
NZL,2002-Q1,72.33437
NZL,2002-Q2,72.07298
NZL,2002-Q3,71.8965
NZL,2002-Q4,72.08453
NZL,2003-Q1,71.84061
NZL,2003-Q2,71.86393
NZL,2003-Q3,72.58638
NZL,2003-Q4,72.34288
NZL,2004-Q1,72.51365
NZL,2004-Q2,72.63619
NZL,2004-Q3,73.28383
NZL,2004-Q4,74.24538
NZL,2005-Q1,73.71721
NZL,2005-Q2,73.79787
NZL,2005-Q3,74.61929
NZL,2005-Q4,74.74279
NZL,2006-Q1,74.78092
NZL,2006-Q2,75.1143
NZL,2006-Q3,74.7226
NZL,2006-Q4,74.44208
NZL,2007-Q1,74.96739
NZL,2007-Q2,75.18695
NZL,2007-Q3,74.93214
NZL,2007-Q4,75.32929
NZL,2008-Q1,73.79374
NZL,2008-Q2,74.93694
NZL,2008-Q3,74.7132
NZL,2008-Q4,74.74799
NZL,2009-Q1,73.32063
NZL,2009-Q2,73.21813
NZL,2009-Q3,72.2144
NZL,2009-Q4,72.15865
NZL,2010-Q1,72.21098
NZL,2010-Q2,72.00035
NZL,2010-Q3,72.25798
NZL,2010-Q4,71.97881
NZL,2011-Q1,72.44676
NZL,2011-Q2,72.44975
NZL,2011-Q3,72.3364
NZL,2011-Q4,72.3851
NZL,2012-Q1,72.48067
NZL,2012-Q2,72.26699
NZL,2012-Q3,71.752
NZL,2012-Q4,70.92411
NZL,2013-Q1,72.09786
NZL,2013-Q2,72.37003
NZL,2013-Q3,72.90973
NZL,2013-Q4,73.4997
NZL,2014-Q1,73.94692
NZL,2014-Q2,73.94201
NZL,2014-Q3,74.06485
NZL,2014-Q4,74.74042
NZL,2015-Q1,74.80164
NZL,2015-Q2,74.45637
NZL,2015-Q3,73.56379
NZL,2015-Q4,74.18779
NZL,2016-Q1,74.61693
NZL,2016-Q2,75.62546
NZL,2016-Q3,75.7184
NZL,2016-Q4,76.34804
NZL,2017-Q1,76.78043
NZL,2017-Q2,76.23502
NZL,2017-Q3,77.10947
NZL,2017-Q4,77.54469
NZL,2018-Q1,77.54395
NZL,2018-Q2,77.57755
NZL,2018-Q3,77.92646
NZL,2018-Q4,76.92972
NZL,2019-Q1,77.45212
NZL,2019-Q2,77.60721
NZL,2019-Q3,77.4894
NZL,2019-Q4,77.30247
NZL,2020-Q1,77.6831
NZL,2020-Q2,76.84844
NZL,2020-Q3,76.10585
NZL,2020-Q4,76.52039
NZL,2021-Q1,77.11617
NZL,2021-Q2,77.84718
NZL,2021-Q3,79.10116
NZL,2021-Q4,79.26727
NZL,2022-Q1,79.10984
NZL,2022-Q2,79.2183
NZL,2022-Q3,80.12969
NZL,2022-Q4,80.25785
NZL,2023-Q1,80.36201
NZL,2023-Q2,80.39118
NZL,2023-Q3,79.79467
NOR,2000-Q1,77.42034
NOR,2000-Q2,77.60725
NOR,2000-Q3,77.52644
NOR,2000-Q4,77.46281
NOR,2001-Q1,77.28835
NOR,2001-Q2,77.27651
NOR,2001-Q3,77.04218
NOR,2001-Q4,77.11557
NOR,2002-Q1,77.11416
NOR,2002-Q2,77.15443
NOR,2002-Q3,76.81587
NOR,2002-Q4,76.22813
NOR,2003-Q1,75.86675
NOR,2003-Q2,75.42261
NOR,2003-Q3,75.36467
NOR,2003-Q4,75.24102
NOR,2004-Q1,75.04458
NOR,2004-Q2,75.16496
NOR,2004-Q3,75.21415
NOR,2004-Q4,75.06038
NOR,2005-Q1,74.67531
NOR,2005-Q2,74.58788
NOR,2005-Q3,74.93803
NOR,2005-Q4,75.12254
NOR,2006-Q1,75.22269
NOR,2006-Q2,75.15418
NOR,2006-Q3,75.47379
NOR,2006-Q4,75.58801
NOR,2007-Q1,76.21169
NOR,2007-Q2,76.46023
NOR,2007-Q3,76.89859
NOR,2007-Q4,77.62964
NOR,2008-Q1,78.06128
NOR,2008-Q2,78.06707
NOR,2008-Q3,78.11668
NOR,2008-Q4,77.58599
NOR,2009-Q1,76.96926
NOR,2009-Q2,76.59155
NOR,2009-Q3,76.13309
NOR,2009-Q4,75.95452
NOR,2010-Q1,75.39568
NOR,2010-Q2,75.30471
NOR,2010-Q3,75.21659
NOR,2010-Q4,75.31671
NOR,2011-Q1,75.0885
NOR,2011-Q2,74.95795
NOR,2011-Q3,75.50212
NOR,2011-Q4,75.58414
NOR,2012-Q1,75.75098
NOR,2012-Q2,75.88978
NOR,2012-Q3,75.78485
NOR,2012-Q4,75.54169
NOR,2013-Q1,75.46758
NOR,2013-Q2,75.36156
NOR,2013-Q3,75.48797
NOR,2013-Q4,75.34127
NOR,2014-Q1,75.15322
NOR,2014-Q2,75.41388
NOR,2014-Q3,75.1109
NOR,2014-Q4,75.21559
NOR,2015-Q1,74.81882
NOR,2015-Q2,74.9558
NOR,2015-Q3,74.76227
NOR,2015-Q4,74.59904
NOR,2016-Q1,74.62197
NOR,2016-Q2,74.23056
NOR,2016-Q3,74.24146
NOR,2016-Q4,74.06758
NOR,2017-Q1,73.88398
NOR,2017-Q2,73.98102
NOR,2017-Q3,74.00272
NOR,2017-Q4,74.17847
NOR,2018-Q1,74.55882
NOR,2018-Q2,74.90932
NOR,2018-Q3,74.74622
NOR,2018-Q4,75.04472
NOR,2019-Q1,75.04692
NOR,2019-Q2,75.33337
NOR,2019-Q3,75.57523
NOR,2019-Q4,75.23962
NOR,2020-Q1,75.52915
NOR,2020-Q2,74.36269
NOR,2020-Q3,74.17213
NOR,2020-Q4,74.60055
NOR,2021-Q1,74.8847
NOR,2021-Q2,75.98611
NOR,2021-Q3,76.92081
NOR,2021-Q4,77.392
NOR,2022-Q1,77.85249
NOR,2022-Q2,77.8077
NOR,2022-Q3,77.71002
NOR,2022-Q4,77.52653
NOR,2023-Q1,77.24049
NOR,2023-Q2,77.3922
POL,2000-Q1,55.40475
POL,2000-Q2,55.13938
POL,2000-Q3,54.82799
POL,2000-Q4,54.60408
POL,2001-Q1,54.17782
POL,2001-Q2,53.60994
POL,2001-Q3,53.16905
POL,2001-Q4,52.49646
POL,2002-Q1,52.04525
POL,2002-Q2,51.63474
POL,2002-Q3,51.23455
POL,2002-Q4,51.05988
POL,2003-Q1,51.05812
POL,2003-Q2,51.2817
POL,2003-Q3,51.16547
POL,2003-Q4,51.23969
POL,2004-Q1,51.40385
POL,2004-Q2,51.47269
POL,2004-Q3,51.62759
POL,2004-Q4,52.11121
POL,2005-Q1,52.37425
POL,2005-Q2,52.42052
POL,2005-Q3,53.00558
POL,2005-Q4,53.3204
POL,2006-Q1,53.41032
POL,2006-Q2,54.06461
POL,2006-Q3,54.9022
POL,2006-Q4,55.49374
POL,2007-Q1,56.15842
POL,2007-Q2,56.87173
POL,2007-Q3,57.16132
POL,2007-Q4,57.90667
POL,2008-Q1,58.7517
POL,2008-Q2,59.05636
POL,2008-Q3,59.45158
POL,2008-Q4,59.66581
POL,2009-Q1,57.02766
POL,2009-Q2,56.9544
POL,2009-Q3,57.20308
POL,2009-Q4,57.51298
POL,2010-Q1,56.51702
POL,2010-Q2,57.02138
POL,2010-Q3,57.22819
POL,2010-Q4,57.21609
POL,2011-Q1,57.17878
POL,2011-Q2,57.47222
POL,2011-Q3,57.55295
POL,2011-Q4,57.66254
POL,2012-Q1,57.77929
POL,2012-Q2,58.06501
POL,2012-Q3,58.05706
POL,2012-Q4,58.2049
POL,2013-Q1,57.87897
POL,2013-Q2,58.19672
POL,2013-Q3,58.59543
POL,2013-Q4,58.96436
POL,2014-Q1,59.39536
POL,2014-Q2,59.95841
POL,2014-Q3,60.58036
POL,2014-Q4,60.95132
POL,2015-Q1,61.06717
POL,2015-Q2,61.24381
POL,2015-Q3,61.78693
POL,2015-Q4,62.31204
POL,2016-Q1,62.85768
POL,2016-Q2,63.29235
POL,2016-Q3,63.58843
POL,2016-Q4,64.15818
POL,2017-Q1,64.7024
POL,2017-Q2,65.23061
POL,2017-Q3,65.52347
POL,2017-Q4,65.62828
POL,2018-Q1,66.05994
POL,2018-Q2,66.8572
POL,2018-Q3,66.95749
POL,2018-Q4,66.7081
POL,2019-Q1,66.81823
POL,2019-Q2,67.74899
POL,2019-Q3,67.84679
POL,2019-Q4,67.71274
POL,2020-Q1,67.70321
POL,2020-Q2,67.29468
POL,2020-Q3,67.89141
POL,2020-Q4,68.43622
POL,2021-Q1,69.38984
POL,2021-Q2,70.10421
POL,2021-Q3,70.75173
POL,2021-Q4,70.91529
POL,2022-Q1,71.19512
POL,2022-Q2,71.2944
POL,2022-Q3,71.14265
POL,2022-Q4,71.73232
POL,2023-Q1,72.13653
POL,2023-Q2,71.8876
PRT,1998-Q1,66.53934
PRT,1998-Q2,66.93438
PRT,1998-Q3,66.79893
PRT,1998-Q4,67.12978
PRT,1999-Q1,67.3469
PRT,1999-Q2,67.31715
PRT,1999-Q3,67.60715
PRT,1999-Q4,67.77253
PRT,2000-Q1,68.13086
PRT,2000-Q2,68.14333
PRT,2000-Q3,68.50874
PRT,2000-Q4,68.72691
PRT,2001-Q1,68.96098
PRT,2001-Q2,68.8167
PRT,2001-Q3,68.97389
PRT,2001-Q4,69.19976
PRT,2002-Q1,69.18144
PRT,2002-Q2,68.98397
PRT,2002-Q3,68.88342
PRT,2002-Q4,68.18814
PRT,2003-Q1,68.29013
PRT,2003-Q2,67.95918
PRT,2003-Q3,67.91685
PRT,2003-Q4,67.81767
PRT,2004-Q1,67.76858
PRT,2004-Q2,67.60622
PRT,2004-Q3,67.5101
PRT,2004-Q4,67.62835
PRT,2005-Q1,67.32996
PRT,2005-Q2,67.28195
PRT,2005-Q3,67.28088
PRT,2005-Q4,67.34006
PRT,2006-Q1,67.55726
PRT,2006-Q2,67.759
PRT,2006-Q3,67.78779
PRT,2006-Q4,67.4277
PRT,2007-Q1,67.39532
PRT,2007-Q2,67.32216
PRT,2007-Q3,67.82754
PRT,2007-Q4,67.89227
PRT,2008-Q1,68.08667
PRT,2008-Q2,68.2988
PRT,2008-Q3,67.96066
PRT,2008-Q4,67.71345
PRT,2009-Q1,63.75174
PRT,2009-Q2,63.21877
PRT,2009-Q3,62.42868
PRT,2009-Q4,62.49657
PRT,2010-Q1,62.60534
PRT,2010-Q2,62.22227
PRT,2010-Q3,62.06606
PRT,2010-Q4,62.10364
PRT,2011-Q1,62.52331
PRT,2011-Q2,62.29124
PRT,2011-Q3,61.62607
PRT,2011-Q4,60.89074
PRT,2012-Q1,60.25154
PRT,2012-Q2,59.79077
PRT,2012-Q3,59.03515
PRT,2012-Q4,58.2624
PRT,2013-Q1,58.12187
PRT,2013-Q2,58.06473
PRT,2013-Q3,59.04686
PRT,2013-Q4,60.03458
PRT,2014-Q1,60.22845
PRT,2014-Q2,60.83828
PRT,2014-Q3,61.8431
PRT,2014-Q4,61.91985
PRT,2015-Q1,61.93634
PRT,2015-Q2,62.85041
PRT,2015-Q3,62.9734
PRT,2015-Q4,63.30644
PRT,2016-Q1,63.44228
PRT,2016-Q2,63.85613
PRT,2016-Q3,64.64271
PRT,2016-Q4,64.9754
PRT,2017-Q1,65.75986
PRT,2017-Q2,66.53544
PRT,2017-Q3,67.46686
PRT,2017-Q4,68.10129
PRT,2018-Q1,68.47909
PRT,2018-Q2,68.91619
PRT,2018-Q3,69.29612
PRT,2018-Q4,69.39384
PRT,2019-Q1,69.61426
PRT,2019-Q2,69.7673
PRT,2019-Q3,70.15088
PRT,2019-Q4,69.85361
PRT,2020-Q1,69.57381
PRT,2020-Q2,67.43667
PRT,2020-Q3,68.11121
PRT,2020-Q4,68.94842
PRT,2021-Q1,68.63157
PRT,2021-Q2,70.0582
PRT,2021-Q3,70.86558
PRT,2021-Q4,70.95547
PRT,2022-Q1,71.68093
PRT,2022-Q2,71.5518
PRT,2022-Q3,71.89954
PRT,2022-Q4,71.66492
PRT,2023-Q1,71.81673
PRT,2023-Q2,72.38449
SVK,1999-Q1,59.08059
SVK,1999-Q2,58.30381
SVK,1999-Q3,57.81701
SVK,1999-Q4,57.27406
SVK,2000-Q1,56.97126
SVK,2000-Q2,56.60039
SVK,2000-Q3,56.67196
SVK,2000-Q4,56.7969
SVK,2001-Q1,56.72049
SVK,2001-Q2,56.96682
SVK,2001-Q3,56.85981
SVK,2001-Q4,56.7561
SVK,2002-Q1,56.72777
SVK,2002-Q2,56.58161
SVK,2002-Q3,56.77299
SVK,2002-Q4,57.1622
SVK,2003-Q1,57.55635
SVK,2003-Q2,57.94778
SVK,2003-Q3,57.83381
SVK,2003-Q4,57.5051
SVK,2004-Q1,56.85486
SVK,2004-Q2,56.88708
SVK,2004-Q3,57.072
SVK,2004-Q4,57.07287
SVK,2005-Q1,57.38262
SVK,2005-Q2,57.50358
SVK,2005-Q3,57.70213
SVK,2005-Q4,58.26858
SVK,2006-Q1,58.70778
SVK,2006-Q2,59.33108
SVK,2006-Q3,59.73254
SVK,2006-Q4,59.95398
SVK,2007-Q1,60.34769
SVK,2007-Q2,60.4796
SVK,2007-Q3,60.64641
SVK,2007-Q4,61.27518
SVK,2008-Q1,61.64273
SVK,2008-Q2,61.84643
SVK,2008-Q3,62.88668
SVK,2008-Q4,62.70081
SVK,2009-Q1,62.86227
SVK,2009-Q2,62.06611
SVK,2009-Q3,61.53832
SVK,2009-Q4,60.83653
SVK,2010-Q1,60.05268
SVK,2010-Q2,60.25943
SVK,2010-Q3,60.48384
SVK,2010-Q4,60.89153
SVK,2011-Q1,60.73562
SVK,2011-Q2,61.04717
SVK,2011-Q3,61.09291
SVK,2011-Q4,61.10284
SVK,2012-Q1,61.38136
SVK,2012-Q2,61.39362
SVK,2012-Q3,61.51091
SVK,2012-Q4,61.21791
SVK,2013-Q1,61.63654
SVK,2013-Q2,61.45344
SVK,2013-Q3,61.55529
SVK,2013-Q4,61.6597
SVK,2014-Q1,62.08117
SVK,2014-Q2,62.41472
SVK,2014-Q3,62.91409
SVK,2014-Q4,63.39837
SVK,2015-Q1,63.79037
SVK,2015-Q2,64.19512
SVK,2015-Q3,64.73586
SVK,2015-Q4,65.30951
SVK,2016-Q1,66.01591
SVK,2016-Q2,66.66032
SVK,2016-Q3,66.98232
SVK,2016-Q4,67.25151
SVK,2017-Q1,67.72527
SVK,2017-Q2,68.01334
SVK,2017-Q3,68.27328
SVK,2017-Q4,68.33439
SVK,2018-Q1,69.04516
SVK,2018-Q2,69.19556
SVK,2018-Q3,69.80359
SVK,2018-Q4,70.01616
SVK,2019-Q1,70.62393
SVK,2019-Q2,70.36148
SVK,2019-Q3,70.43056
SVK,2019-Q4,70.24036
SVK,2020-Q1,70.09463
SVK,2020-Q2,69.16485
SVK,2020-Q3,69.31741
SVK,2020-Q4,69.38248
SVK,2021-Q1,68.12506
SVK,2021-Q2,69.11366
SVK,2021-Q3,70.03484
SVK,2021-Q4,70.51203
SVK,2022-Q1,70.79134
SVK,2022-Q2,71.50953
SVK,2022-Q3,71.37047
SVK,2022-Q4,71.64417
SVK,2023-Q1,71.58086
SVK,2023-Q2,72.08301
ESP,1999-Q1,52.92431
ESP,1999-Q2,53.5539
ESP,1999-Q3,54.1268
ESP,1999-Q4,54.76043
ESP,2000-Q1,55.4664
ESP,2000-Q2,56.01584
ESP,2000-Q3,56.50467
ESP,2000-Q4,57.0307
ESP,2001-Q1,57.41948
ESP,2001-Q2,57.58123
ESP,2001-Q3,58.00433
ESP,2001-Q4,58.25555
ESP,2002-Q1,58.55236
ESP,2002-Q2,58.88678
ESP,2002-Q3,59.00801
ESP,2002-Q4,59.28777
ESP,2003-Q1,59.5823
ESP,2003-Q2,59.98309
ESP,2003-Q3,60.3773
ESP,2003-Q4,60.71799
ESP,2004-Q1,60.87252
ESP,2004-Q2,60.97043
ESP,2004-Q3,61.43408
ESP,2004-Q4,62.03017
ESP,2005-Q1,62.69128
ESP,2005-Q2,63.42702
ESP,2005-Q3,63.93763
ESP,2005-Q4,64.25174
ESP,2006-Q1,64.64392
ESP,2006-Q2,64.91988
ESP,2006-Q3,65.09422
ESP,2006-Q4,65.47921
ESP,2007-Q1,65.68576
ESP,2007-Q2,65.92802
ESP,2007-Q3,65.86322
ESP,2007-Q4,65.77824
ESP,2008-Q1,65.64638
ESP,2008-Q2,65.02801
ESP,2008-Q3,64.26681
ESP,2008-Q4,62.99928
ESP,2009-Q1,60.88344
ESP,2009-Q2,60.20499
ESP,2009-Q3,59.56884
ESP,2009-Q4,59.18679
ESP,2010-Q1,59.03159
ESP,2010-Q2,58.92616
ESP,2010-Q3,58.75511
ESP,2010-Q4,58.64045
ESP,2011-Q1,58.45913
ESP,2011-Q2,58.59709
ESP,2011-Q3,57.84103
ESP,2011-Q4,57.14187
ESP,2012-Q1,56.61037
ESP,2012-Q2,56.00866
ESP,2012-Q3,55.41293
ESP,2012-Q4,54.96614
ESP,2013-Q1,54.82571
ESP,2013-Q2,54.63324
ESP,2013-Q3,54.70524
ESP,2013-Q4,55.04271
ESP,2014-Q1,55.29606
ESP,2014-Q2,55.85238
ESP,2014-Q3,56.02806
ESP,2014-Q4,56.70244
ESP,2015-Q1,56.99836
ESP,2015-Q2,57.77417
ESP,2015-Q3,57.97565
ESP,2015-Q4,58.54147
ESP,2016-Q1,59.05557
ESP,2016-Q2,59.36935
ESP,2016-Q3,59.70239
ESP,2016-Q4,60.05648
ESP,2017-Q1,60.4362
ESP,2017-Q2,60.97816
ESP,2017-Q3,61.32666
ESP,2017-Q4,61.57869
ESP,2018-Q1,61.72099
ESP,2018-Q2,62.39845
ESP,2018-Q3,62.5775
ESP,2018-Q4,62.87325
ESP,2019-Q1,63.00329
ESP,2019-Q2,63.59224
ESP,2019-Q3,63.28215
ESP,2019-Q4,63.35347
ESP,2020-Q1,62.67451
ESP,2020-Q2,59.3508
ESP,2020-Q3,60.67383
ESP,2020-Q4,61.08115
ESP,2021-Q1,61.22124
ESP,2021-Q2,62.5013
ESP,2021-Q3,63.37902
ESP,2021-Q4,63.8891
ESP,2022-Q1,64.10294
ESP,2022-Q2,64.58621
ESP,2022-Q3,64.54653
ESP,2022-Q4,64.38895
ESP,2023-Q1,64.65857
ESP,2023-Q2,65.43542
SWE,2001-Q1,74.07256
SWE,2001-Q2,74.08021
SWE,2001-Q3,74.02587
SWE,2001-Q4,73.96308
SWE,2002-Q1,73.90697
SWE,2002-Q2,73.66109
SWE,2002-Q3,73.4949
SWE,2002-Q4,73.40354
SWE,2003-Q1,73.16942
SWE,2003-Q2,73.15317
SWE,2003-Q3,72.72859
SWE,2003-Q4,72.44544
SWE,2004-Q1,72.27095
SWE,2004-Q2,72.01968
SWE,2004-Q3,72.07546
SWE,2004-Q4,71.94139
SWE,2005-Q1,71.89323
SWE,2005-Q2,72.27639
SWE,2005-Q3,72.30096
SWE,2005-Q4,72.66914
SWE,2006-Q1,72.73934
SWE,2006-Q2,72.84044
SWE,2006-Q3,73.37576
SWE,2006-Q4,73.56237
SWE,2007-Q1,73.84193
SWE,2007-Q2,74.03589
SWE,2007-Q3,74.41867
SWE,2007-Q4,74.48616
SWE,2008-Q1,74.5787
SWE,2008-Q2,74.49498
SWE,2008-Q3,74.41269
SWE,2008-Q4,73.82954
SWE,2009-Q1,72.3129
SWE,2009-Q2,71.73248
SWE,2009-Q3,71.31992
SWE,2009-Q4,71.23888
SWE,2010-Q1,70.949
SWE,2010-Q2,71.35838
SWE,2010-Q3,71.88333
SWE,2010-Q4,72.22796
SWE,2011-Q1,72.75212
SWE,2011-Q2,73.02299
SWE,2011-Q3,73.23291
SWE,2011-Q4,73.31423
SWE,2012-Q1,73.17406
SWE,2012-Q2,73.28712
SWE,2012-Q3,73.2346
SWE,2012-Q4,73.37857
SWE,2013-Q1,73.60753
SWE,2013-Q2,73.84462
SWE,2013-Q3,74.04504
SWE,2013-Q4,74.23759
SWE,2014-Q1,74.16597
SWE,2014-Q2,74.26879
SWE,2014-Q3,74.70697
SWE,2014-Q4,74.43144
SWE,2015-Q1,74.71628
SWE,2015-Q2,74.74103
SWE,2015-Q3,75.21607
SWE,2015-Q4,75.49034
SWE,2016-Q1,75.48234
SWE,2016-Q2,75.74908
SWE,2016-Q3,75.70928
SWE,2016-Q4,75.87442
SWE,2017-Q1,76.23986
SWE,2017-Q2,76.22117
SWE,2017-Q3,76.43254
SWE,2017-Q4,76.50088
SWE,2018-Q1,76.78753
SWE,2018-Q2,76.87794
SWE,2018-Q3,76.88078
SWE,2018-Q4,76.81258
SWE,2019-Q1,76.70627
SWE,2019-Q2,76.77686
SWE,2019-Q3,76.45786
SWE,2019-Q4,76.41675
SWE,2020-Q1,75.83537
SWE,2020-Q2,74.56883
SWE,2020-Q3,74.44956
SWE,2020-Q4,74.66454
SWE,2021-Q1,74.44903
SWE,2021-Q2,75.31976
SWE,2021-Q3,75.64301
SWE,2021-Q4,76.10316
SWE,2022-Q1,76.59804
SWE,2022-Q2,77.14918
SWE,2022-Q3,77.36398
SWE,2022-Q4,77.30975
SWE,2023-Q1,77.56799
SWE,2023-Q2,77.73667
CHE,1998-Q2,78.04481
CHE,1999-Q2,78.42708
CHE,2000-Q2,78.33935
CHE,2001-Q2,79.14845
CHE,2002-Q2,78.87551
CHE,2003-Q2,77.9174
CHE,2004-Q2,77.39597
CHE,2005-Q2,77.19546
CHE,2006-Q2,77.93854
CHE,2007-Q2,78.59044
CHE,2008-Q2,79.50344
CHE,2009-Q2,79.0213
CHE,2010-Q1,76.91197
CHE,2010-Q2,77.19075
CHE,2010-Q3,77.59249
CHE,2010-Q4,77.49364
CHE,2011-Q1,78.17743
CHE,2011-Q2,78.42485
CHE,2011-Q3,78.28194
CHE,2011-Q4,78.49069
CHE,2012-Q1,78.41068
CHE,2012-Q2,78.39851
CHE,2012-Q3,78.92616
CHE,2012-Q4,78.24139
CHE,2013-Q1,78.31888
CHE,2013-Q2,78.14487
CHE,2013-Q3,78.38922
CHE,2013-Q4,78.65515
CHE,2014-Q1,78.20222
CHE,2014-Q2,78.49403
CHE,2014-Q3,78.66673
CHE,2014-Q4,79.65726
CHE,2015-Q1,79.48386
CHE,2015-Q2,78.99171
CHE,2015-Q3,78.82883
CHE,2015-Q4,79.45443
CHE,2016-Q1,79.80757
CHE,2016-Q2,79.24863
CHE,2016-Q3,79.43414
CHE,2016-Q4,79.93568
CHE,2017-Q1,79.6199
CHE,2017-Q2,79.60081
CHE,2017-Q3,79.93773
CHE,2017-Q4,79.97721
CHE,2018-Q1,79.76852
CHE,2018-Q2,79.78071
CHE,2018-Q3,80.53065
CHE,2018-Q4,80.33691
CHE,2019-Q1,80.21674
CHE,2019-Q2,80.56333
CHE,2019-Q3,80.44712
CHE,2019-Q4,80.71161
CHE,2020-Q1,80.61099
CHE,2020-Q2,79.09505
CHE,2020-Q3,79.76193
CHE,2020-Q4,80.27194
CHE,2021-Q1,79.01328
CHE,2021-Q2,78.42769
CHE,2021-Q3,79.45615
CHE,2021-Q4,80.17235
CHE,2022-Q1,79.53085
CHE,2022-Q2,79.27021
CHE,2022-Q3,79.34969
CHE,2022-Q4,79.6957
CHE,2023-Q1,80.09088
CHE,2023-Q2,80.65765
TUR,2006-Q1,43.93686
TUR,2006-Q2,44.51101
TUR,2006-Q3,44.73227
TUR,2006-Q4,45.21482
TUR,2007-Q1,44.88757
TUR,2007-Q2,44.72334
TUR,2007-Q3,44.69386
TUR,2007-Q4,44.21719
TUR,2008-Q1,44.67377
TUR,2008-Q2,45.1595
TUR,2008-Q3,45.08138
TUR,2008-Q4,44.55238
TUR,2009-Q1,43.62002
TUR,2009-Q2,43.59455
TUR,2009-Q3,44.55504
TUR,2009-Q4,45.23228
TUR,2010-Q1,45.79791
TUR,2010-Q2,46.20066
TUR,2010-Q3,46.26995
TUR,2010-Q4,46.88419
TUR,2011-Q1,48.03682
TUR,2011-Q2,48.10698
TUR,2011-Q3,48.80097
TUR,2011-Q4,48.72528
TUR,2012-Q1,48.09821
TUR,2012-Q2,48.74948
TUR,2012-Q3,48.94624
TUR,2012-Q4,49.78385
TUR,2013-Q1,49.59412
TUR,2013-Q2,49.66884
TUR,2013-Q3,49.43451
TUR,2013-Q4,49.40956
TUR,2014-Q1,49.62943
TUR,2014-Q2,49.69851
TUR,2014-Q3,49.38726
TUR,2014-Q4,49.47147
TUR,2015-Q1,49.87871
TUR,2015-Q2,50.07808
TUR,2015-Q3,50.35425
TUR,2015-Q4,50.36345
TUR,2016-Q1,50.85471
TUR,2016-Q2,51.02411
TUR,2016-Q3,50.30309
TUR,2016-Q4,50.41087
TUR,2017-Q1,50.83382
TUR,2017-Q2,51.39031
TUR,2017-Q3,51.77013
TUR,2017-Q4,52.17003
TUR,2018-Q1,52.36951
TUR,2018-Q2,52.18106
TUR,2018-Q3,52.1053
TUR,2018-Q4,51.24974
TUR,2019-Q1,50.54081
TUR,2019-Q2,50.27637
TUR,2019-Q3,50.05465
TUR,2019-Q4,50.26246
TUR,2020-Q1,48.82534
TUR,2020-Q2,45.70124
TUR,2020-Q3,47.78268
TUR,2020-Q4,47.76472
TUR,2021-Q1,49.15507
TUR,2021-Q2,49.54252
TUR,2021-Q3,50.74436
TUR,2021-Q4,51.57916
TUR,2022-Q1,51.96622
TUR,2022-Q2,52.80938
TUR,2022-Q3,52.78106
TUR,2022-Q4,53.77618
TUR,2023-Q1,53.80708
TUR,2023-Q2,53.56366
GBR,1995-Q1,69.2086
GBR,1995-Q2,69.42632
GBR,1995-Q3,69.63885
GBR,1995-Q4,69.94743
GBR,1996-Q1,69.90453
GBR,1996-Q2,69.93823
GBR,1996-Q3,70.01639
GBR,1996-Q4,70.33995
GBR,1997-Q1,70.76462
GBR,1997-Q2,71.02432
GBR,1997-Q3,71.07834
GBR,1997-Q4,71.19907
GBR,1998-Q1,71.27648
GBR,1998-Q2,71.2774
GBR,1998-Q3,71.56174
GBR,1998-Q4,71.78155
GBR,1999-Q1,71.85828
GBR,1999-Q2,71.88622
GBR,1999-Q3,72.11771
GBR,1999-Q4,72.2747
GBR,2000-Q1,72.26537
GBR,2000-Q2,72.47532
GBR,2000-Q3,72.62865
GBR,2000-Q4,72.49927
GBR,2001-Q1,72.64088
GBR,2001-Q2,72.67834
GBR,2001-Q3,72.5294
GBR,2001-Q4,72.58215
GBR,2002-Q1,72.45824
GBR,2002-Q2,72.68372
GBR,2002-Q3,72.57182
GBR,2002-Q4,72.87263
GBR,2003-Q1,72.68249
GBR,2003-Q2,72.88149
GBR,2003-Q3,72.78049
GBR,2003-Q4,72.76896
GBR,2004-Q1,73.03226
GBR,2004-Q2,72.87817
GBR,2004-Q3,72.86763
GBR,2004-Q4,73.04147
GBR,2005-Q1,73.07851
GBR,2005-Q2,72.89326
GBR,2005-Q3,73.04482
GBR,2005-Q4,72.67564
GBR,2006-Q1,72.90321
GBR,2006-Q2,72.84257
GBR,2006-Q3,72.81538
GBR,2006-Q4,72.70507
GBR,2007-Q1,72.50254
GBR,2007-Q2,72.64994
GBR,2007-Q3,72.68157
GBR,2007-Q4,72.90926
GBR,2008-Q1,72.97685
GBR,2008-Q2,72.90055
GBR,2008-Q3,72.43549
GBR,2008-Q4,72.17339
GBR,2009-Q1,71.67367
GBR,2009-Q2,70.83978
GBR,2009-Q3,70.61582
GBR,2009-Q4,70.55235
GBR,2010-Q1,70.19494
GBR,2010-Q2,70.42103
GBR,2010-Q3,70.70692
GBR,2010-Q4,70.39026
GBR,2011-Q1,70.54754
GBR,2011-Q2,70.45168
GBR,2011-Q3,70.10457
GBR,2011-Q4,70.21859
GBR,2012-Q1,70.46846
GBR,2012-Q2,70.90865
GBR,2012-Q3,71.1291
GBR,2012-Q4,71.40636
GBR,2013-Q1,71.17896
GBR,2013-Q2,71.3327
GBR,2013-Q3,71.65405
GBR,2013-Q4,71.99537
GBR,2014-Q1,72.46066
GBR,2014-Q2,72.8286
GBR,2014-Q3,73.04346
GBR,2014-Q4,73.20126
GBR,2015-Q1,73.43697
GBR,2015-Q2,73.38264
GBR,2015-Q3,73.77586
GBR,2015-Q4,74.11207
GBR,2016-Q1,74.1339
GBR,2016-Q2,74.4164
GBR,2016-Q3,74.44731
GBR,2016-Q4,74.56567
GBR,2017-Q1,74.7702
GBR,2017-Q2,75.1051
GBR,2017-Q3,75.0079
GBR,2017-Q4,75.17477
GBR,2018-Q1,75.56041
GBR,2018-Q2,75.54796
GBR,2018-Q3,75.55437
GBR,2018-Q4,75.83325
GBR,2019-Q1,76.05743
GBR,2019-Q2,76.1029
GBR,2019-Q3,76.04663
GBR,2019-Q4,76.47201
GBR,2020-Q1,76.32597
GBR,2020-Q2,75.71138
GBR,2020-Q3,74.92329
GBR,2020-Q4,74.57873
GBR,2021-Q1,74.67038
GBR,2021-Q2,75.01875
GBR,2021-Q3,75.33553
GBR,2021-Q4,75.4696
GBR,2022-Q1,75.62624
GBR,2022-Q2,75.51773
GBR,2022-Q3,75.47619
GBR,2022-Q4,75.62912
GBR,2023-Q1,75.87716
GBR,2023-Q2,75.73028
USA,1995-Q1,72.67052
USA,1995-Q2,72.48186
USA,1995-Q3,72.50301
USA,1995-Q4,72.46884
USA,1996-Q1,72.48395
USA,1996-Q2,72.69921
USA,1996-Q3,73.07024
USA,1996-Q4,73.1861
USA,1997-Q1,73.15756
USA,1997-Q2,73.43915
USA,1997-Q3,73.69149
USA,1997-Q4,73.73997
USA,1998-Q1,73.76094
USA,1998-Q2,73.8522
USA,1998-Q3,73.82018
USA,1998-Q4,73.94707
USA,1999-Q1,73.9883
USA,1999-Q2,73.89839
USA,1999-Q3,73.87026
USA,1999-Q4,74.02932
USA,2000-Q1,74.26336
USA,2000-Q2,74.26682
USA,2000-Q3,73.85538
USA,2000-Q4,73.97626
USA,2001-Q1,73.92587
USA,2001-Q2,73.36373
USA,2001-Q3,72.83227
USA,2001-Q4,72.33094
USA,2002-Q1,72.16034
USA,2002-Q2,71.92752
USA,2002-Q3,71.90492
USA,2002-Q4,71.66724
USA,2003-Q1,71.50294
USA,2003-Q2,71.26849
USA,2003-Q3,70.97087
USA,2003-Q4,71.10416
USA,2004-Q1,71.17931
USA,2004-Q2,71.14005
USA,2004-Q3,71.24058
USA,2004-Q4,71.29576
USA,2005-Q1,71.26665
USA,2005-Q2,71.48653
USA,2005-Q3,71.71336
USA,2005-Q4,71.62611
USA,2006-Q1,71.76883
USA,2006-Q2,71.88818
USA,2006-Q3,72.05154
USA,2006-Q4,72.24934
USA,2007-Q1,72.04437
USA,2007-Q2,71.7421
USA,2007-Q3,71.66605
USA,2007-Q4,71.6369
USA,2008-Q1,71.50635
USA,2008-Q2,71.25231
USA,2008-Q3,70.73247
USA,2008-Q4,69.96708
USA,2009-Q1,68.65289
USA,2009-Q2,67.89716
USA,2009-Q3,67.30384
USA,2009-Q4,66.56477
USA,2010-Q1,66.72894
USA,2010-Q2,66.79053
USA,2010-Q3,66.72531
USA,2010-Q4,66.44377
USA,2011-Q1,66.6543
USA,2011-Q2,66.49495
USA,2011-Q3,66.58437
USA,2011-Q4,66.78328
USA,2012-Q1,66.96033
USA,2012-Q2,67.03594
USA,2012-Q3,67.12069
USA,2012-Q4,67.36121
USA,2013-Q1,67.22652
USA,2013-Q2,67.32445
USA,2013-Q3,67.45781
USA,2013-Q4,67.37549
USA,2014-Q1,67.77213
USA,2014-Q2,68.03933
USA,2014-Q3,68.2266
USA,2014-Q4,68.52819
USA,2015-Q1,68.50365
USA,2015-Q2,68.72249
USA,2015-Q3,68.68228
USA,2015-Q4,68.89592
USA,2016-Q1,69.24448
USA,2016-Q2,69.22059
USA,2016-Q3,69.36547
USA,2016-Q4,69.51654
USA,2017-Q1,69.79129
USA,2017-Q2,70.06439
USA,2017-Q3,70.26738
USA,2017-Q4,70.28224
USA,2018-Q1,70.49175
USA,2018-Q2,70.66767
USA,2018-Q3,70.73279
USA,2018-Q4,70.97482
USA,2019-Q1,71.04366
USA,2019-Q2,71.17416
USA,2019-Q3,71.46662
USA,2019-Q4,71.71152
USA,2020-Q1,71.371
USA,2020-Q2,62.39488
USA,2020-Q3,66.38037
USA,2020-Q4,67.88529
USA,2021-Q1,68.39278
USA,2021-Q2,68.90335
USA,2021-Q3,69.75758
USA,2021-Q4,70.55584
USA,2022-Q1,70.97579
USA,2022-Q2,71.27409
USA,2022-Q3,71.39587
USA,2022-Q4,71.39834
USA,2023-Q1,71.78157
USA,2023-Q2,71.9695
USA,2023-Q3,72.02103
CHL,2005-Q1,54.4008
CHL,2005-Q2,54.44004
CHL,2005-Q3,54.33921
CHL,2005-Q4,54.5962
CHL,2006-Q1,55.17107
CHL,2006-Q2,55.37469
CHL,2006-Q3,55.42904
CHL,2006-Q4,56.00896
CHL,2007-Q1,56.34602
CHL,2007-Q2,56.37843
CHL,2007-Q3,56.00297
CHL,2007-Q4,56.58731
CHL,2008-Q1,57.25668
CHL,2008-Q2,57.20411
CHL,2008-Q3,57.28431
CHL,2008-Q4,57.2959
CHL,2009-Q1,56.27939
CHL,2009-Q2,55.73221
CHL,2009-Q3,55.87461
CHL,2009-Q4,56.35593
CHL,2010-Q1,58.9601
CHL,2010-Q2,59.61446
CHL,2010-Q3,60.69818
CHL,2010-Q4,61.11154
CHL,2011-Q1,61.56028
CHL,2011-Q2,62.40042
CHL,2011-Q3,62.13084
CHL,2011-Q4,62.06464
CHL,2012-Q1,62.58379
CHL,2012-Q2,62.59251
CHL,2012-Q3,62.93196
CHL,2012-Q4,62.48814
CHL,2013-Q1,62.97172
CHL,2013-Q2,63.26536
CHL,2013-Q3,63.13623
CHL,2013-Q4,63.21675
CHL,2014-Q1,63.27494
CHL,2014-Q2,63.46528
CHL,2014-Q3,63.1018
CHL,2014-Q4,63.09435
CHL,2015-Q1,63.21845
CHL,2015-Q2,63.3912
CHL,2015-Q3,63.7813
CHL,2015-Q4,63.59584
CHL,2016-Q1,63.14732
CHL,2016-Q2,63.32403
CHL,2016-Q3,63.57674
CHL,2016-Q4,63.32577
CHL,2017-Q1,63.29373
CHL,2017-Q2,63.85665
CHL,2017-Q3,64.28081
CHL,2017-Q4,64.1771
CHL,2018-Q1,64.16353
CHL,2018-Q2,64.40533
CHL,2018-Q3,63.76546
CHL,2018-Q4,64.04818
CHL,2019-Q1,63.70275
CHL,2019-Q2,64.26729
CHL,2019-Q3,64.52708
CHL,2019-Q4,63.87756
CHL,2020-Q1,63.16899
CHL,2020-Q2,51.24503
CHL,2020-Q3,52.61997
CHL,2020-Q4,56.37878
CHL,2021-Q1,57.373
CHL,2021-Q2,57.07974
CHL,2021-Q3,59.10171
CHL,2021-Q4,60.32909
CHL,2022-Q1,61.5216
CHL,2022-Q2,62.10888
CHL,2022-Q3,62.13083
CHL,2022-Q4,61.96186
CHL,2023-Q1,62.34045
CHL,2023-Q2,63.12573
CHL,2023-Q3,62.85963
EST,2000-Q1,59.58578
EST,2000-Q2,60.94443
EST,2000-Q3,60.55774
EST,2000-Q4,59.99264
EST,2001-Q1,60.12241
EST,2001-Q2,60.77932
EST,2001-Q3,61.96704
EST,2001-Q4,61.4602
EST,2002-Q1,61.09154
EST,2002-Q2,61.57651
EST,2002-Q3,61.53005
EST,2002-Q4,61.10823
EST,2003-Q1,61.83889
EST,2003-Q2,62.53241
EST,2003-Q3,63.6369
EST,2003-Q4,63.84103
EST,2004-Q1,63.48733
EST,2004-Q2,63.33897
EST,2004-Q3,62.76983
EST,2004-Q4,62.8777
EST,2005-Q1,63.98173
EST,2005-Q2,65.14344
EST,2005-Q3,64.53651
EST,2005-Q4,65.69772
EST,2006-Q1,67.6328
EST,2006-Q2,69.08283
EST,2006-Q3,68.19662
EST,2006-Q4,68.74133
EST,2007-Q1,69.07504
EST,2007-Q2,70.13586
EST,2007-Q3,70.42564
EST,2007-Q4,69.37706
EST,2008-Q1,70.24913
EST,2008-Q2,70.15253
EST,2008-Q3,70.14323
EST,2008-Q4,69.74608
EST,2009-Q1,65.96078
EST,2009-Q2,64.92509
EST,2009-Q3,63.63622
EST,2009-Q4,62.3003
EST,2010-Q1,60.09935
EST,2010-Q2,60.70453
EST,2010-Q3,62.6363
EST,2010-Q4,64.07954
EST,2011-Q1,63.93546
EST,2011-Q2,65.27244
EST,2011-Q3,67.16949
EST,2011-Q4,66.56472
EST,2012-Q1,67.0355
EST,2012-Q2,68.07242
EST,2012-Q3,68.67889
EST,2012-Q4,68.19361
EST,2013-Q1,68.64645
EST,2013-Q2,70.1235
EST,2013-Q3,69.03745
EST,2013-Q4,68.8865
EST,2014-Q1,68.96437
EST,2014-Q2,70.48605
EST,2014-Q3,70.55787
EST,2014-Q4,71.06024
EST,2015-Q1,70.26521
EST,2015-Q2,71.57228
EST,2015-Q3,73.17693
EST,2015-Q4,71.79336
EST,2016-Q1,70.29791
EST,2016-Q2,73.39208
EST,2016-Q3,72.84931
EST,2016-Q4,71.57224
EST,2017-Q1,73.61463
EST,2017-Q2,73.20197
EST,2017-Q3,74.11295
EST,2017-Q4,75.08084
EST,2018-Q1,73.87021
EST,2018-Q2,74.5006
EST,2018-Q3,74.18826
EST,2018-Q4,75.12569
EST,2019-Q1,74.24801
EST,2019-Q2,74.38496
EST,2019-Q3,75.70055
EST,2019-Q4,76.10062
EST,2020-Q1,74.79657
EST,2020-Q2,72.20338
EST,2020-Q3,73.26637
EST,2020-Q4,73.71114
EST,2021-Q1,73.54137
EST,2021-Q2,72.8947
EST,2021-Q3,74.44382
EST,2021-Q4,75.11024
EST,2022-Q1,76.30383
EST,2022-Q2,76.17564
EST,2022-Q3,76.33518
EST,2022-Q4,76.84142
EST,2023-Q1,76.49272
EST,2023-Q2,76.5537
ISR,1995-Q1,56.25586
ISR,1995-Q2,56.51836
ISR,1995-Q3,56.74692
ISR,1995-Q4,56.53396
ISR,1996-Q1,56.36441
ISR,1996-Q2,56.74913
ISR,1996-Q3,56.39846
ISR,1996-Q4,55.94384
ISR,1997-Q1,55.88108
ISR,1997-Q2,55.97228
ISR,1997-Q3,55.58205
ISR,1997-Q4,55.37268
ISR,1998-Q1,55.55899
ISR,1998-Q2,54.75854
ISR,1998-Q3,55.35046
ISR,1998-Q4,55.26494
ISR,1999-Q1,55.31675
ISR,1999-Q2,55.13504
ISR,1999-Q3,55.3611
ISR,1999-Q4,56.0605
ISR,2000-Q1,55.69119
ISR,2000-Q2,56.2749
ISR,2000-Q3,56.33674
ISR,2000-Q4,56.00438
ISR,2001-Q1,55.85937
ISR,2001-Q2,55.81721
ISR,2001-Q3,55.76379
ISR,2001-Q4,54.819
ISR,2002-Q1,54.89688
ISR,2002-Q2,54.62809
ISR,2002-Q3,54.6306
ISR,2002-Q4,55.07424
ISR,2003-Q1,54.8335
ISR,2003-Q2,54.65598
ISR,2003-Q3,54.94355
ISR,2003-Q4,55.48483
ISR,2004-Q1,55.54826
ISR,2004-Q2,55.55364
ISR,2004-Q3,55.75999
ISR,2004-Q4,55.8115
ISR,2005-Q1,56.30405
ISR,2005-Q2,56.58496
ISR,2005-Q3,56.64585
ISR,2005-Q4,57.29629
ISR,2006-Q1,57.06282
ISR,2006-Q2,57.65908
ISR,2006-Q3,57.62113
ISR,2006-Q4,57.88453
ISR,2007-Q1,58.51684
ISR,2007-Q2,58.98199
ISR,2007-Q3,59.25274
ISR,2007-Q4,59.02209
ISR,2008-Q1,60.00135
ISR,2008-Q2,60.06408
ISR,2008-Q3,59.52131
ISR,2008-Q4,59.72697
ISR,2009-Q1,59.47644
ISR,2009-Q2,59.09364
ISR,2009-Q3,59.0868
ISR,2009-Q4,59.19567
ISR,2010-Q1,59.26575
ISR,2010-Q2,60.22796
ISR,2010-Q3,60.3257
ISR,2010-Q4,60.83028
ISR,2011-Q1,60.76044
ISR,2011-Q2,61.13394
ISR,2011-Q3,61.22466
ISR,2011-Q4,61.49828
ISR,2012-Q1,65.95889
ISR,2012-Q2,66.3949
ISR,2012-Q3,66.98909
ISR,2012-Q4,66.65148
ISR,2013-Q1,66.89517
ISR,2013-Q2,66.87395
ISR,2013-Q3,67.23578
ISR,2013-Q4,67.2664
ISR,2014-Q1,67.94769
ISR,2014-Q2,67.78921
ISR,2014-Q3,67.66048
ISR,2014-Q4,68.0563
ISR,2015-Q1,67.89792
ISR,2015-Q2,68.3241
ISR,2015-Q3,68.54462
ISR,2015-Q4,68.50928
ISR,2016-Q1,68.12575
ISR,2016-Q2,68.72932
ISR,2016-Q3,68.72681
ISR,2016-Q4,68.78796
ISR,2017-Q1,68.88778
ISR,2017-Q2,69.00317
ISR,2017-Q3,69.13168
ISR,2017-Q4,69.13132
ISR,2018-Q1,69.12273
ISR,2018-Q2,68.989
ISR,2018-Q3,69.05426
ISR,2018-Q4,68.93625
ISR,2019-Q1,69.25401
ISR,2019-Q2,69.01047
ISR,2019-Q3,68.80279
ISR,2019-Q4,68.62926
ISR,2020-Q1,68.53218
ISR,2020-Q2,66.64864
ISR,2020-Q3,66.12542
ISR,2020-Q4,65.83088
ISR,2021-Q1,65.28133
ISR,2021-Q2,65.714
ISR,2021-Q3,67.12276
ISR,2021-Q4,68.26851
ISR,2022-Q1,69.0685
ISR,2022-Q2,69.07442
ISR,2022-Q3,69.54559
ISR,2022-Q4,69.03702
ISR,2023-Q1,70.17688
ISR,2023-Q2,70.17545
ISR,2023-Q3,69.99854
SVN,1999-Q1,62.27492
SVN,1999-Q2,62.38001
SVN,1999-Q3,61.95286
SVN,1999-Q4,62.12201
SVN,2000-Q1,62.11891
SVN,2000-Q2,62.48549
SVN,2000-Q3,63.40491
SVN,2000-Q4,63.30103
SVN,2001-Q1,63.73252
SVN,2001-Q2,63.3608
SVN,2001-Q3,64.42924
SVN,2001-Q4,63.69827
SVN,2002-Q1,64.51485
SVN,2002-Q2,64.08062
SVN,2002-Q3,62.67928
SVN,2002-Q4,62.47449
SVN,2003-Q1,62.6809
SVN,2003-Q2,62.28661
SVN,2003-Q3,61.73469
SVN,2003-Q4,63.53072
SVN,2004-Q1,64.46694
SVN,2004-Q2,65.42506
SVN,2004-Q3,66.06341
SVN,2004-Q4,65.18873
SVN,2005-Q1,65.94121
SVN,2005-Q2,65.73303
SVN,2005-Q3,65.80481
SVN,2005-Q4,66.33722
SVN,2006-Q1,66.73712
SVN,2006-Q2,66.89896
SVN,2006-Q3,66.38535
SVN,2006-Q4,66.27369
SVN,2007-Q1,66.80905
SVN,2007-Q2,68.16347
SVN,2007-Q3,68.23823
SVN,2007-Q4,67.8708
SVN,2008-Q1,67.90482
SVN,2008-Q2,68.19833
SVN,2008-Q3,69.27701
SVN,2008-Q4,68.92123
SVN,2009-Q1,66.72104
SVN,2009-Q2,67.25755
SVN,2009-Q3,67.4234
SVN,2009-Q4,66.87045
SVN,2010-Q1,66.21341
SVN,2010-Q2,65.89261
SVN,2010-Q3,65.04119
SVN,2010-Q4,65.11599
SVN,2011-Q1,63.84311
SVN,2011-Q2,63.81987
SVN,2011-Q3,63.80459
SVN,2011-Q4,63.87435
SVN,2012-Q1,64.11067
SVN,2012-Q2,63.26339
SVN,2012-Q3,63.35395
SVN,2012-Q4,63.59185
SVN,2013-Q1,62.80345
SVN,2013-Q2,62.51348
SVN,2013-Q3,63.17988
SVN,2013-Q4,62.57861
SVN,2014-Q1,62.85583
SVN,2014-Q2,63.76513
SVN,2014-Q3,63.3826
SVN,2014-Q4,63.50657
SVN,2015-Q1,63.83179
SVN,2015-Q2,64.78153
SVN,2015-Q3,65.36559
SVN,2015-Q4,64.71085
SVN,2016-Q1,64.40385
SVN,2016-Q2,65.51113
SVN,2016-Q3,65.26746
SVN,2016-Q4,66.24228
SVN,2017-Q1,67.47336
SVN,2017-Q2,68.33721
SVN,2017-Q3,69.26065
SVN,2017-Q4,69.72653
SVN,2018-Q1,69.75183
SVN,2018-Q2,70.42151
SVN,2018-Q3,70.96375
SVN,2018-Q4,71.19575
SVN,2019-Q1,71.3707
SVN,2019-Q2,71.8536
SVN,2019-Q3,71.04496
SVN,2019-Q4,70.91153
SVN,2020-Q1,71.33343
SVN,2020-Q2,69.37788
SVN,2020-Q3,69.48947
SVN,2020-Q4,70.07561
SVN,2021-Q1,69.00964
SVN,2021-Q2,71.67484
SVN,2021-Q3,72.76155
SVN,2021-Q4,72.32367
SVN,2022-Q1,73.16875
SVN,2022-Q2,73.01576
SVN,2022-Q3,73.39708
SVN,2022-Q4,72.93623
SVN,2023-Q1,72.04592
SVN,2023-Q2,72.95356
ZAF,2000-Q3,45.67535
ZAF,2001-Q1,45.82233
ZAF,2001-Q3,42.35324
ZAF,2002-Q1,43.14854
ZAF,2002-Q3,42.52173
ZAF,2003-Q1,41.18478
ZAF,2003-Q3,41.83663
ZAF,2004-Q1,41.00368
ZAF,2004-Q3,42.1753
ZAF,2005-Q1,42.64325
ZAF,2005-Q3,44.10123
ZAF,2006-Q1,44.45079
ZAF,2006-Q3,45.33969
ZAF,2007-Q1,44.11083
ZAF,2007-Q3,44.74255
ZAF,2008-Q1,45.9164
ZAF,2008-Q2,46.05008
ZAF,2008-Q3,45.66483
ZAF,2008-Q4,46.02898
ZAF,2009-Q1,45.57695
ZAF,2009-Q2,44.49708
ZAF,2009-Q3,42.64951
ZAF,2009-Q4,42.75767
ZAF,2010-Q1,42.23446
ZAF,2010-Q2,42.03842
ZAF,2010-Q3,41.32942
ZAF,2010-Q4,41.74441
ZAF,2011-Q1,41.76672
ZAF,2011-Q2,41.6275
ZAF,2011-Q3,41.99161
ZAF,2011-Q4,42.29147
ZAF,2012-Q1,42.13217
ZAF,2012-Q2,42.0486
ZAF,2012-Q3,42.55058
ZAF,2012-Q4,42.10293
ZAF,2013-Q1,42.18985
ZAF,2013-Q2,42.35271
ZAF,2013-Q3,43.15235
ZAF,2013-Q4,43.21291
ZAF,2014-Q1,42.87717
ZAF,2014-Q2,42.74272
ZAF,2014-Q3,42.62003
ZAF,2014-Q4,42.85602
ZAF,2015-Q1,43.28611
ZAF,2015-Q2,43.54351
ZAF,2015-Q3,43.85125
ZAF,2015-Q4,44.04
ZAF,2016-Q1,43.11681
ZAF,2016-Q2,42.45853
ZAF,2016-Q3,43.12159
ZAF,2016-Q4,43.43859
ZAF,2017-Q1,43.83663
ZAF,2017-Q2,43.20688
ZAF,2017-Q3,43.37926
ZAF,2017-Q4,43.00154
ZAF,2018-Q1,43.53032
ZAF,2018-Q2,42.97136
ZAF,2018-Q3,43.20252
ZAF,2018-Q4,43.28378
ZAF,2019-Q1,42.59087
ZAF,2019-Q2,42.25592
ZAF,2019-Q3,42.49841
ZAF,2019-Q4,42.49647
ZAF,2020-Q1,42.27786
ZAF,2020-Q2,36.02471
ZAF,2020-Q3,37.51429
ZAF,2020-Q4,38.33598
ZAF,2021-Q1,38.12766
ZAF,2021-Q2,37.56415
ZAF,2021-Q3,35.97744
ZAF,2021-Q4,36.46494
ZAF,2022-Q1,37.34656
ZAF,2022-Q2,38.59439
ZAF,2022-Q3,39.13844
ZAF,2022-Q4,39.38668
ZAF,2023-Q1,39.98643
ZAF,2023-Q2,40.02247
OECD,2005-Q1,64.9771
OECD,2005-Q2,65.07457
OECD,2005-Q3,65.28314
OECD,2005-Q4,65.371
OECD,2006-Q1,65.56519
OECD,2006-Q2,65.75042
OECD,2006-Q3,65.91969
OECD,2006-Q4,66.08617
OECD,2007-Q1,66.13992
OECD,2007-Q2,66.23915
OECD,2007-Q3,66.27174
OECD,2007-Q4,66.40791
OECD,2008-Q1,66.46983
OECD,2008-Q2,66.42721
OECD,2008-Q3,66.1929
OECD,2008-Q4,65.75094
OECD,2009-Q1,64.83188
OECD,2009-Q2,64.44144
OECD,2009-Q3,64.28252
OECD,2009-Q4,64.20142
OECD,2010-Q1,64.18089
OECD,2010-Q2,64.32458
OECD,2010-Q3,64.40983
OECD,2010-Q4,64.29884
OECD,2011-Q1,64.54604
OECD,2011-Q2,64.64748
OECD,2011-Q3,64.66576
OECD,2011-Q4,64.81
OECD,2012-Q1,64.75514
OECD,2012-Q2,64.94746
OECD,2012-Q3,64.98511
OECD,2012-Q4,65.00031
OECD,2013-Q1,64.90695
OECD,2013-Q2,65.10324
OECD,2013-Q3,65.19082
OECD,2013-Q4,65.30586
OECD,2014-Q1,65.47367
OECD,2014-Q2,65.64204
OECD,2014-Q3,65.74429
OECD,2014-Q4,65.90529
OECD,2015-Q1,66.05498
OECD,2015-Q2,66.20152
OECD,2015-Q3,66.33358
OECD,2015-Q4,66.57341
OECD,2016-Q1,66.73991
OECD,2016-Q2,66.89008
OECD,2016-Q3,67.01424
OECD,2016-Q4,67.13621
OECD,2017-Q1,67.35638
OECD,2017-Q2,67.65919
OECD,2017-Q3,67.80766
OECD,2017-Q4,67.92963
OECD,2018-Q1,68.13754
OECD,2018-Q2,68.39781
OECD,2018-Q3,68.45761
OECD,2018-Q4,68.48058
OECD,2019-Q1,68.57616
OECD,2019-Q2,68.79404
OECD,2019-Q3,68.79239
OECD,2019-Q4,68.89855
OECD,2020-Q1,68.47865
OECD,2020-Q2,63.48314
OECD,2020-Q3,65.56553
OECD,2020-Q4,66.52121
OECD,2021-Q1,66.69409
OECD,2021-Q2,67.37798
OECD,2021-Q3,68.09978
OECD,2021-Q4,68.56258
OECD,2022-Q1,68.95535
OECD,2022-Q2,69.42213
OECD,2022-Q3,69.45586
OECD,2022-Q4,69.59687
OECD,2023-Q1,69.88209
OECD,2023-Q2,70.07086
G-7,2005-Q1,68.79916
G-7,2005-Q2,68.89587
G-7,2005-Q3,69.06113
G-7,2005-Q4,69.04942
G-7,2006-Q1,69.29867
G-7,2006-Q2,69.48086
G-7,2006-Q3,69.62322
G-7,2006-Q4,69.77834
G-7,2007-Q1,69.81511
G-7,2007-Q2,69.86664
G-7,2007-Q3,69.91654
G-7,2007-Q4,69.98001
G-7,2008-Q1,69.97866
G-7,2008-Q2,69.89445
G-7,2008-Q3,69.66784
G-7,2008-Q4,69.31091
G-7,2009-Q1,68.16396
G-7,2009-Q2,67.65527
G-7,2009-Q3,67.35366
G-7,2009-Q4,67.10914
G-7,2010-Q1,67.12
G-7,2010-Q2,67.19333
G-7,2010-Q3,67.28503
G-7,2010-Q4,67.18437
G-7,2011-Q1,67.39396
G-7,2011-Q2,67.43304
G-7,2011-Q3,67.40283
G-7,2011-Q4,67.48202
G-7,2012-Q1,67.48209
G-7,2012-Q2,67.63812
G-7,2012-Q3,67.74422
G-7,2012-Q4,67.91692
G-7,2013-Q1,67.83578
G-7,2013-Q2,67.95199
G-7,2013-Q3,68.08806
G-7,2013-Q4,68.15082
G-7,2014-Q1,68.40284
G-7,2014-Q2,68.61536
G-7,2014-Q3,68.7487
G-7,2014-Q4,68.94437
G-7,2015-Q1,69.02168
G-7,2015-Q2,69.10561
G-7,2015-Q3,69.21988
G-7,2015-Q4,69.42323
G-7,2016-Q1,69.7093
G-7,2016-Q2,69.78445
G-7,2016-Q3,69.9652
G-7,2016-Q4,70.09544
G-7,2017-Q1,70.29624
G-7,2017-Q2,70.57815
G-7,2017-Q3,70.76587
G-7,2017-Q4,70.90295
G-7,2018-Q1,71.1461
G-7,2018-Q2,71.33469
G-7,2018-Q3,71.46111
G-7,2018-Q4,71.65527
G-7,2019-Q1,71.78821
G-7,2019-Q2,71.97466
G-7,2019-Q3,72.08916
G-7,2019-Q4,72.28299
G-7,2020-Q1,71.89781
G-7,2020-Q2,67.09546
G-7,2020-Q3,69.10026
G-7,2020-Q4,69.96661
G-7,2021-Q1,70.19943
G-7,2021-Q2,70.71074
G-7,2021-Q3,71.42297
G-7,2021-Q4,71.90479
G-7,2022-Q1,72.16161
G-7,2022-Q2,72.49284
G-7,2022-Q3,72.55859
G-7,2022-Q4,72.65487
G-7,2023-Q1,72.90317
G-7,2023-Q2,73.07267
EA19,2005-Q1,63.21289
EA19,2005-Q2,63.32062
EA19,2005-Q3,63.45056
EA19,2005-Q4,63.67111
EA19,2006-Q1,64.00504
EA19,2006-Q2,64.29763
EA19,2006-Q3,64.53559
EA19,2006-Q4,64.76298
EA19,2007-Q1,65.02168
EA19,2007-Q2,65.31374
EA19,2007-Q3,65.59381
EA19,2007-Q4,65.69693
EA19,2008-Q1,65.82372
EA19,2008-Q2,65.81867
EA19,2008-Q3,65.84669
EA19,2008-Q4,65.52985
EA19,2009-Q1,65.51295
EA19,2009-Q2,65.20251
EA19,2009-Q3,65.00114
EA19,2009-Q4,64.85229
EA19,2010-Q1,64.74822
EA19,2010-Q2,64.71047
EA19,2010-Q3,64.84776
EA19,2010-Q4,64.86799
EA19,2011-Q1,64.91392
EA19,2011-Q2,65.02058
EA19,2011-Q3,64.94608
EA19,2011-Q4,64.78162
EA19,2012-Q1,64.61107
EA19,2012-Q2,64.49435
EA19,2012-Q3,64.46098
EA19,2012-Q4,64.21853
EA19,2013-Q1,64.09512
EA19,2013-Q2,64.07613
EA19,2013-Q3,64.16512
EA19,2013-Q4,64.17015
EA19,2014-Q1,64.04043
EA19,2014-Q2,64.1879
EA19,2014-Q3,64.35857
EA19,2014-Q4,64.4136
EA19,2015-Q1,64.66393
EA19,2015-Q2,64.82758
EA19,2015-Q3,65.10746
EA19,2015-Q4,65.2184
EA19,2016-Q1,65.55492
EA19,2016-Q2,65.81217
EA19,2016-Q3,66.08681
EA19,2016-Q4,66.15424
EA19,2017-Q1,66.43839
EA19,2017-Q2,66.78769
EA19,2017-Q3,67.01208
EA19,2017-Q4,67.25774
EA19,2018-Q1,67.4651
EA19,2018-Q2,67.78622
EA19,2018-Q3,67.99273
EA19,2018-Q4,68.07761
EA19,2019-Q1,68.38376
EA19,2019-Q2,68.80391
EA19,2019-Q3,68.45719
EA19,2019-Q4,68.52146
EA19,2020-Q1,68.27487
EA19,2020-Q2,66.66386
EA19,2020-Q3,66.81556
EA19,2020-Q4,67.12833
EA19,2021-Q1,66.72738
EA19,2021-Q2,67.73828
EA19,2021-Q3,68.31355
EA19,2021-Q4,68.79396
EA19,2022-Q1,69.30858
EA19,2022-Q2,69.60447
EA19,2022-Q3,69.43121
EA19,2022-Q4,69.59135
COL,2007-Q1,59.18836
COL,2007-Q2,60.01538
COL,2007-Q3,60.275
COL,2007-Q4,60.51206
COL,2008-Q1,61.04195
COL,2008-Q2,60.57033
COL,2008-Q3,60.40854
COL,2008-Q4,58.84339
COL,2009-Q1,61.01005
COL,2009-Q2,62.56524
COL,2009-Q3,61.88828
COL,2009-Q4,62.64097
COL,2010-Q1,63.05086
COL,2010-Q2,63.08523
COL,2010-Q3,63.90881
COL,2010-Q4,63.37458
COL,2011-Q1,64.14528
COL,2011-Q2,64.17724
COL,2011-Q3,64.90253
COL,2011-Q4,66.08445
COL,2012-Q1,66.24932
COL,2012-Q2,66.3251
COL,2012-Q3,65.83387
COL,2012-Q4,65.66294
COL,2013-Q1,65.5574
COL,2013-Q2,66.26787
COL,2013-Q3,66.67513
COL,2013-Q4,66.37031
COL,2014-Q1,66.29929
COL,2014-Q2,66.83148
COL,2014-Q3,66.9205
COL,2014-Q4,66.79618
COL,2015-Q1,66.99599
COL,2015-Q2,67.56068
COL,2015-Q3,67.37083
COL,2015-Q4,67.62791
COL,2016-Q1,66.79255
COL,2016-Q2,67.54111
COL,2016-Q3,66.83456
COL,2016-Q4,66.9787
COL,2017-Q1,66.7808
COL,2017-Q2,67.82452
COL,2017-Q3,66.85561
COL,2017-Q4,66.28873
COL,2018-Q1,66.05963
COL,2018-Q2,67.44472
COL,2018-Q3,66.83356
COL,2018-Q4,65.48321
COL,2019-Q1,65.57774
COL,2019-Q2,66.26749
COL,2019-Q3,64.97819
COL,2019-Q4,64.66629
COL,2020-Q1,63.12635
COL,2020-Q2,52.19891
COL,2020-Q3,56.4122
COL,2020-Q4,59.61519
COL,2021-Q1,57.21322
COL,2021-Q2,57.66805
COL,2021-Q3,58.30333
COL,2021-Q4,58.21982
COL,2022-Q1,60.77066
COL,2022-Q2,62.40928
COL,2022-Q3,62.11344
COL,2022-Q4,61.07608
COL,2023-Q1,62.32499
COL,2023-Q2,63.89641
COL,2023-Q3,63.86751
LVA,2002-Q1,58.35804
LVA,2002-Q2,59.91259
LVA,2002-Q3,60.4763
LVA,2002-Q4,60.99664
LVA,2003-Q1,60.59153
LVA,2003-Q2,60.63219
LVA,2003-Q3,61.38045
LVA,2003-Q4,60.45506
LVA,2004-Q1,60.81841
LVA,2004-Q2,60.74508
LVA,2004-Q3,61.28568
LVA,2004-Q4,61.249
LVA,2005-Q1,60.97728
LVA,2005-Q2,62.20335
LVA,2005-Q3,62.04746
LVA,2005-Q4,63.27558
LVA,2006-Q1,64.01485
LVA,2006-Q2,65.83732
LVA,2006-Q3,67.02328
LVA,2006-Q4,66.74684
LVA,2007-Q1,66.47098
LVA,2007-Q2,67.67873
LVA,2007-Q3,68.64681
LVA,2007-Q4,69.73606
LVA,2008-Q1,69.30283
LVA,2008-Q2,69.21611
LVA,2008-Q3,68.08095
LVA,2008-Q4,66.18473
LVA,2009-Q1,63.61203
LVA,2009-Q2,60.4651
LVA,2009-Q3,58.56353
LVA,2009-Q4,57.56288
LVA,2010-Q1,57.0179
LVA,2010-Q2,57.57792
LVA,2010-Q3,59.16147
LVA,2010-Q4,59.03838
LVA,2011-Q1,59.16021
LVA,2011-Q2,60.38286
LVA,2011-Q3,61.23812
LVA,2011-Q4,61.62115
LVA,2012-Q1,61.17985
LVA,2012-Q2,62.30318
LVA,2012-Q3,63.94725
LVA,2012-Q4,63.82952
LVA,2013-Q1,64.22033
LVA,2013-Q2,64.63087
LVA,2013-Q3,65.51454
LVA,2013-Q4,65.00405
LVA,2014-Q1,65.79237
LVA,2014-Q2,66.34442
LVA,2014-Q3,66.12156
LVA,2014-Q4,66.31786
LVA,2015-Q1,66.89031
LVA,2015-Q2,68.16993
LVA,2015-Q3,68.47718
LVA,2015-Q4,68.7346
LVA,2016-Q1,68.27491
LVA,2016-Q2,68.61787
LVA,2016-Q3,68.61499
LVA,2016-Q4,68.72523
LVA,2017-Q1,68.74222
LVA,2017-Q2,69.70705
LVA,2017-Q3,70.69389
LVA,2017-Q4,70.83784
LVA,2018-Q1,70.96231
LVA,2018-Q2,71.67289
LVA,2018-Q3,72.55598
LVA,2018-Q4,71.64706
LVA,2019-Q1,71.49986
LVA,2019-Q2,71.96322
LVA,2019-Q3,72.86284
LVA,2019-Q4,72.63467
LVA,2020-Q1,71.59546
LVA,2020-Q2,71.41325
LVA,2020-Q3,71.44878
LVA,2020-Q4,71.36938
LVA,2021-Q1,68.81017
LVA,2021-Q2,69.60185
LVA,2021-Q3,70.87315
LVA,2021-Q4,70.21872
LVA,2022-Q1,70.55869
LVA,2022-Q2,71.51797
LVA,2022-Q3,71.85014
LVA,2022-Q4,71.30143
LVA,2023-Q1,70.88462
LVA,2023-Q2,71.80133
LTU,2005-Q1,62.34524
LTU,2005-Q2,62.76084
LTU,2005-Q3,62.95884
LTU,2005-Q4,63.38793
LTU,2006-Q1,63.5991
LTU,2006-Q2,63.76434
LTU,2006-Q3,63.62082
LTU,2006-Q4,63.44616
LTU,2007-Q1,64.31672
LTU,2007-Q2,65.43449
LTU,2007-Q3,65.89786
LTU,2007-Q4,64.39645
LTU,2008-Q1,64.19362
LTU,2008-Q2,64.73804
LTU,2008-Q3,64.91948
LTU,2008-Q4,63.75486
LTU,2009-Q1,61.05155
LTU,2009-Q2,60.34402
LTU,2009-Q3,59.88566
LTU,2009-Q4,58.145
LTU,2010-Q1,57.05438
LTU,2010-Q2,56.87914
LTU,2010-Q3,57.78228
LTU,2010-Q4,58.51488
LTU,2011-Q1,59.30131
LTU,2011-Q2,60.21592
LTU,2011-Q3,60.4155
LTU,2011-Q4,60.84048
LTU,2012-Q1,61.13929
LTU,2012-Q2,62.02592
LTU,2012-Q3,62.5888
LTU,2012-Q4,62.34254
LTU,2013-Q1,62.97307
LTU,2013-Q2,63.75554
LTU,2013-Q3,63.87267
LTU,2013-Q4,64.3671
LTU,2014-Q1,64.92313
LTU,2014-Q2,65.27611
LTU,2014-Q3,66.43295
LTU,2014-Q4,66.09431
LTU,2015-Q1,66.35558
LTU,2015-Q2,66.99466
LTU,2015-Q3,67.51589
LTU,2015-Q4,68.04727
LTU,2016-Q1,68.62692
LTU,2016-Q2,69.49165
LTU,2016-Q3,69.67251
LTU,2016-Q4,69.74239
LTU,2017-Q1,69.54272
LTU,2017-Q2,70.50517
LTU,2017-Q3,70.54368
LTU,2017-Q4,71.04478
LTU,2018-Q1,71.16043
LTU,2018-Q2,71.99916
LTU,2018-Q3,73.63367
LTU,2018-Q4,72.87614
LTU,2019-Q1,72.91381
LTU,2019-Q2,73.06787
LTU,2019-Q3,72.98791
LTU,2019-Q4,72.98788
LTU,2020-Q1,72.71866
LTU,2020-Q2,71.43866
LTU,2020-Q3,70.78144
LTU,2020-Q4,71.51127
LTU,2021-Q1,71.15504
LTU,2021-Q2,71.82117
LTU,2021-Q3,73.16349
LTU,2021-Q4,73.62227
LTU,2022-Q1,72.93784
LTU,2022-Q2,74.08862
LTU,2022-Q3,74.81335
LTU,2022-Q4,73.17001
LTU,2023-Q1,72.41695
LTU,2023-Q2,73.53912
EU27_2020,2005-Q1,61.87331
EU27_2020,2005-Q2,62.04021
EU27_2020,2005-Q3,62.19604
EU27_2020,2005-Q4,62.48153
EU27_2020,2006-Q1,62.76732
EU27_2020,2006-Q2,63.06199
EU27_2020,2006-Q3,63.40159
EU27_2020,2006-Q4,63.64293
EU27_2020,2007-Q1,63.95678
EU27_2020,2007-Q2,64.23536
EU27_2020,2007-Q3,64.46367
EU27_2020,2007-Q4,64.65016
EU27_2020,2008-Q1,64.87388
EU27_2020,2008-Q2,64.89835
EU27_2020,2008-Q3,64.93491
EU27_2020,2008-Q4,64.68583
EU27_2020,2009-Q1,63.41288
EU27_2020,2009-Q2,63.0825
EU27_2020,2009-Q3,62.78005
EU27_2020,2009-Q4,62.64019
EU27_2020,2010-Q1,62.73391
EU27_2020,2010-Q2,62.78649
EU27_2020,2010-Q3,62.82539
EU27_2020,2010-Q4,62.85822
EU27_2020,2011-Q1,62.9694
EU27_2020,2011-Q2,63.04746
EU27_2020,2011-Q3,62.94001
EU27_2020,2011-Q4,62.89
EU27_2020,2012-Q1,62.83877
EU27_2020,2012-Q2,62.79153
EU27_2020,2012-Q3,62.74242
EU27_2020,2012-Q4,62.6084
EU27_2020,2013-Q1,62.52861
EU27_2020,2013-Q2,62.58582
EU27_2020,2013-Q3,62.65047
EU27_2020,2013-Q4,62.76672
EU27_2020,2014-Q1,62.83168
EU27_2020,2014-Q2,63.00233
EU27_2020,2014-Q3,63.21453
EU27_2020,2014-Q4,63.35382
EU27_2020,2015-Q1,63.62094
EU27_2020,2015-Q2,63.82272
EU27_2020,2015-Q3,64.09296
EU27_2020,2015-Q4,64.31094
EU27_2020,2016-Q1,64.6595
EU27_2020,2016-Q2,64.92506
EU27_2020,2016-Q3,65.17924
EU27_2020,2016-Q4,65.40025
EU27_2020,2017-Q1,65.73187
EU27_2020,2017-Q2,66.11731
EU27_2020,2017-Q3,66.35644
EU27_2020,2017-Q4,66.606
EU27_2020,2018-Q1,66.82294
EU27_2020,2018-Q2,67.15612
EU27_2020,2018-Q3,67.3883
EU27_2020,2018-Q4,67.43887
EU27_2020,2019-Q1,67.72849
EU27_2020,2019-Q2,68.15274
EU27_2020,2019-Q3,67.94447
EU27_2020,2019-Q4,67.98553
EU27_2020,2020-Q1,67.67268
EU27_2020,2020-Q2,66.24957
EU27_2020,2020-Q3,66.63242
EU27_2020,2020-Q4,66.96532
EU27_2020,2021-Q1,67.12997
EU27_2020,2021-Q2,68.13351
EU27_2020,2021-Q3,68.82618
EU27_2020,2021-Q4,69.23583
EU27_2020,2022-Q1,69.54543
EU27_2020,2022-Q2,69.86977
EU27_2020,2022-Q3,69.83828
EU27_2020,2022-Q4,70.05705
EU27_2020,2023-Q1,70.25456
EU27_2020,2023-Q2,70.47628
RUS,2009-Q4,66.97739
RUS,2010-Q1,66.86517
RUS,2010-Q2,67.25357
RUS,2010-Q3,67.48769
RUS,2010-Q4,67.61127
RUS,2011-Q1,67.86036
RUS,2011-Q2,67.86237
RUS,2011-Q3,68.16273
RUS,2011-Q4,68.28942
RUS,2012-Q1,68.58321
RUS,2012-Q2,69.14046
RUS,2012-Q3,69.09837
RUS,2012-Q4,69.08044
RUS,2013-Q1,69.16153
RUS,2013-Q2,68.68951
RUS,2013-Q3,68.63514
RUS,2013-Q4,68.82336
RUS,2014-Q1,69.22432
RUS,2014-Q2,69.2189
RUS,2014-Q3,69.27634
RUS,2014-Q4,69.58697
RUS,2015-Q1,69.29296
RUS,2015-Q2,69.1921
RUS,2015-Q3,69.41416
RUS,2015-Q4,69.30076
RUS,2016-Q1,69.53355
RUS,2016-Q2,69.83944
RUS,2016-Q3,70.06429
RUS,2016-Q4,70.29263
RUS,2017-Q1,70.28012
RUS,2017-Q2,70.15013
RUS,2017-Q3,70.24126
RUS,2017-Q4,70.53878
RUS,2018-Q1,70.98338
RUS,2018-Q2,71.03603
RUS,2018-Q3,70.89587
RUS,2018-Q4,71.041
RUS,2019-Q1,70.8099
RUS,2019-Q2,70.64869
RUS,2019-Q3,70.71784
RUS,2019-Q4,71.08635
RUS,2020-Q1,71.0795
RUS,2020-Q2,70.18101
RUS,2020-Q3,69.6964
RUS,2020-Q4,69.75356
RUS,2021-Q1,70.2616
RUS,2021-Q2,71.38441
RUS,2021-Q3,71.96723
RUS,2021-Q4,72.26421
CRI,2010-Q3,59.82221
CRI,2010-Q4,59.4301
CRI,2011-Q1,57.20576
CRI,2011-Q2,56.26653
CRI,2011-Q3,58.30302
CRI,2011-Q4,60.58237
CRI,2012-Q1,62.75637
CRI,2012-Q2,61.51035
CRI,2012-Q3,61.47501
CRI,2012-Q4,61.50837
CRI,2013-Q1,60.74109
CRI,2013-Q2,61.12076
CRI,2013-Q3,61.90006
CRI,2013-Q4,63.30004
CRI,2014-Q1,62.80204
CRI,2014-Q2,61.23232
CRI,2014-Q3,61.60734
CRI,2014-Q4,61.32146
CRI,2015-Q1,60.7186
CRI,2015-Q2,61.48014
CRI,2015-Q3,61.02555
CRI,2015-Q4,59.53615
CRI,2016-Q1,59.0303
CRI,2016-Q2,57.45566
CRI,2016-Q3,57.83308
CRI,2016-Q4,60.53406
CRI,2017-Q1,60.34304
CRI,2017-Q2,60.52156
CRI,2017-Q3,60.2851
CRI,2017-Q4,57.99788
CRI,2018-Q1,58.40683
CRI,2018-Q2,62.24781
CRI,2018-Q3,61.2893
CRI,2018-Q4,61.86226
CRI,2019-Q1,61.69806
CRI,2019-Q2,62.00516
CRI,2019-Q3,61.26518
CRI,2019-Q4,61.62133
CRI,2020-Q1,61.96293
CRI,2020-Q2,49.69787
CRI,2020-Q3,52.40552
CRI,2020-Q4,55.25658
CRI,2021-Q1,56.04257
CRI,2021-Q2,55.59557
CRI,2021-Q3,58.32516
CRI,2021-Q4,58.65159
CRI,2022-Q1,58.62284
CRI,2022-Q2,60.02401
CRI,2022-Q3,60.90527
CRI,2022-Q4,60.68662
CRI,2023-Q1,58.98521
CRI,2023-Q2,59.30724
CRI,2023-Q3,58.17517