LOCATION,TIME,TERMTRADE
AUS,1995,72.9001544
AUS,1996,75.0571771
AUS,1997,74.64151553
AUS,1998,70.97068813
AUS,1999,73.81311679
AUS,2000,75.04675994
AUS,2001,76.15379524
AUS,2002,77.28924263
AUS,2003,83.06072841
AUS,2004,90.91681926
AUS,2005,100.6094249
AUS,2006,107.7879586
AUS,2007,113.8732698
AUS,2008,122.0927985
AUS,2009,117.7097266
AUS,2010,141.7207413
AUS,2011,142.4165281
AUS,2012,128.8339064
AUS,2013,123.9677508
AUS,2014,111.1428659
AUS,2015,100
AUS,2016,114.2927372
AUS,2017,116.4846802
AUS,2018,123.1446465
AUS,2019,124.1593514
AUS,2020,136.6755181
AUS,2021,152.4308976
AUS,2022,149.7475444
AUT,1995,106.4072954
AUT,1996,104.8398466
AUT,1997,103.706729
AUT,1998,103.3157002
AUT,1999,102.7935077
AUT,2000,101.7467435
AUT,2001,101.9618204
AUT,2002,102.6850219
AUT,2003,103.5095072
AUT,2004,102.9655627
AUT,2005,102.1417651
AUT,2006,101.0236839
AUT,2007,100.5884362
AUT,2008,99.34630404
AUT,2009,101.2256466
AUT,2010,99.56306738
AUT,2011,97.84121802
AUT,2012,97.34409624
AUT,2013,97.48918486
AUT,2014,98.44285246
AUT,2015,100
AUT,2016,100.9819056
AUT,2017,99.79001581
AUT,2018,99.4644484
AUT,2019,98.88011049
AUT,2020,99.70393741
AUT,2021,99.07271741
AUT,2022,95.28441959
BEL,1995,106.2247223
BEL,1996,105.435023
BEL,1997,105.0942247
BEL,1998,105.6588335
BEL,1999,104.6776652
BEL,2000,102.8661218
BEL,2001,102.9284333
BEL,2002,103.5837824
BEL,2003,103.2971467
BEL,2004,102.4542672
BEL,2005,101.7387856
BEL,2006,101.0185082
BEL,2007,101.1747449
BEL,2008,98.53140401
BEL,2009,101.5059775
BEL,2010,99.7413952
BEL,2011,98.30814003
BEL,2012,98.31981353
BEL,2013,98.68077373
BEL,2014,99.01199793
BEL,2015,100
BEL,2016,100.8490183
BEL,2017,100.3489543
BEL,2018,99.57534936
BEL,2019,100.3202364
BEL,2020,100.9524835
BEL,2021,99.67429207
BEL,2022,96.01810254
CAN,1995,90.68697112
CAN,1996,92.32713885
CAN,1997,91.5410158
CAN,1998,87.90307407
CAN,1999,89.15295744
CAN,2000,92.95403842
CAN,2001,91.93619358
CAN,2002,89.77280147
CAN,2003,94.71831907
CAN,2004,98.93715484
CAN,2005,102.4207132
CAN,2006,103.5037108
CAN,2007,106.6086271
CAN,2008,111.2333702
CAN,2009,101.0976864
CAN,2010,106.4549761
CAN,2011,110.0250883
CAN,2012,108.3668564
CAN,2013,109.0477127
CAN,2014,107.5241466
CAN,2015,100
CAN,2016,98.89469354
CAN,2017,102.4901978
CAN,2018,102.8758212
CAN,2019,101.9807195
CAN,2020,98.58964789
CAN,2021,112.6197314
CAN,2022,118.5206575
CZE,1995,89.74809242
CZE,1996,93.48645118
CZE,1997,93.96117846
CZE,1998,99.03446358
CZE,1999,98.65878465
CZE,2000,95.68597706
CZE,2001,98.51808443
CZE,2002,102.1963113
CZE,2003,102.5024672
CZE,2004,103.6283837
CZE,2005,101.3833599
CZE,2006,99.33615419
CZE,2007,100.4316213
CZE,2008,99.19382091
CZE,2009,101.2167894
CZE,2010,99.2140372
CZE,2011,97.68161097
CZE,2012,97.12442258
CZE,2013,98.17910907
CZE,2014,99.61566023
CZE,2015,100
CZE,2016,101.0224033
CZE,2017,99.9913524
CZE,2018,100.0045719
CZE,2019,100.4918194
CZE,2020,102.0247178
CZE,2021,101.8717385
CZE,2022,98.12528644
DNK,1995,89.77981924
DNK,1996,90.99038713
DNK,1997,91.08867969
DNK,1998,90.7750214
DNK,1999,90.54561278
DNK,2000,91.12189812
DNK,2001,91.03901158
DNK,2002,92.05587949
DNK,2003,92.77520124
DNK,2004,93.56845641
DNK,2005,95.2986721
DNK,2006,94.6508421
DNK,2007,94.14539763
DNK,2008,95.84920925
DNK,2009,96.10187044
DNK,2010,98.43807024
DNK,2011,96.57631258
DNK,2012,97.10337115
DNK,2013,98.10629165
DNK,2014,99.6267187
DNK,2015,100
DNK,2016,99.86464951
DNK,2017,99.85589637
DNK,2018,99.07213039
DNK,2019,98.97165831
DNK,2020,102.1303474
DNK,2021,102.7964554
DNK,2022,103.9863731
FIN,1995,119.0459814
FIN,1996,118.0139999
FIN,1997,116.3198793
FIN,1998,118.4163545
FIN,1999,114.8831115
FIN,2000,110.6878365
FIN,2001,112.3007783
FIN,2002,112.133296
FIN,2003,110.3743948
FIN,2004,107.9028442
FIN,2005,104.2264598
FIN,2006,100.9627831
FIN,2007,100.8941386
FIN,2008,98.97720076
FIN,2009,100.2188508
FIN,2010,98.15257752
FIN,2011,96.60884772
FIN,2012,95.59043317
FIN,2013,96.29411948
FIN,2014,96.98344759
FIN,2015,100
FIN,2016,99.73345319
FIN,2017,99.2315774
FIN,2018,99.97723757
FIN,2019,99.45349911
FIN,2020,101.0062339
FIN,2021,101.0665345
FIN,2022,100.3675924
FRA,1995,99.5224226
FRA,1996,98.48014077
FRA,1997,98.41561594
FRA,1998,99.74577024
FRA,1999,99.99586067
FRA,2000,97.33087045
FRA,2001,97.61679945
FRA,2002,99.31895902
FRA,2003,99.28561353
FRA,2004,98.38074383
FRA,2005,97.0568383
FRA,2006,95.58937713
FRA,2007,96.68820043
FRA,2008,96.05432839
FRA,2009,98.60168841
FRA,2010,97.24123584
FRA,2011,94.91830573
FRA,2012,94.61909649
FRA,2013,95.71471918
FRA,2014,96.90577656
FRA,2015,100
FRA,2016,100.9852515
FRA,2017,99.67626662
FRA,2018,98.53676313
FRA,2019,99.39090078
FRA,2020,100.2448977
FRA,2021,100.1698802
FRA,2022,97.03687909
DEU,1995,100.1515935
DEU,1996,99.74837892
DEU,1997,98.19937227
DEU,1998,100.2040223
DEU,1999,100.8759586
DEU,2000,96.70092575
DEU,2001,96.72695879
DEU,2002,98.63883815
DEU,2003,100.4826026
DEU,2004,100.6286289
DEU,2005,98.9082263
DEU,2006,97.23888246
DEU,2007,97.71967221
DEU,2008,96.05896336
DEU,2009,100.3583
DEU,2010,98.1232553
DEU,2011,95.59252416
DEU,2012,95.42973929
DEU,2013,96.45905178
DEU,2014,97.70478827
DEU,2015,100
DEU,2016,101.7573645
DEU,2017,100.8959605
DEU,2018,100.1193444
DEU,2019,100.8414433
DEU,2020,102.8117719
DEU,2021,99.84303621
DEU,2022,94.96038518
GRC,1995,89.0074368
GRC,1996,90.99718712
GRC,1997,91.63593543
GRC,1998,92.37609205
GRC,1999,92.74036811
GRC,2000,91.0647729
GRC,2001,91.81898299
GRC,2002,93.14062587
GRC,2003,94.76075941
GRC,2004,94.65451265
GRC,2005,93.79313351
GRC,2006,93.74232452
GRC,2007,94.20486726
GRC,2008,93.126804
GRC,2009,92.49812322
GRC,2010,95.69929301
GRC,2011,94.2890194
GRC,2012,92.68894051
GRC,2013,94.2096052
GRC,2014,95.88503888
GRC,2015,100
GRC,2016,101.178157
GRC,2017,100.4093684
GRC,2018,98.30570975
GRC,2019,97.74202822
GRC,2020,96.947888
GRC,2021,95.9317174
GRC,2022,96.15886963
HUN,1995,102.424204
HUN,1996,101.6028974
HUN,1997,103.5805245
HUN,1998,104.6338557
HUN,1999,104.0249033
HUN,2000,101.9253575
HUN,2001,102.564206
HUN,2002,103.8356071
HUN,2003,103.476299
HUN,2004,103.3191499
HUN,2005,101.5484156
HUN,2006,100.1945502
HUN,2007,100.6193994
HUN,2008,99.73128204
HUN,2009,100.4873507
HUN,2010,100.5205574
HUN,2011,99.13099595
HUN,2012,98.17303787
HUN,2013,98.68122221
HUN,2014,99.29185416
HUN,2015,100
HUN,2016,100.6655392
HUN,2017,100.2234125
HUN,2018,99.29476772
HUN,2019,99.56162224
HUN,2020,101.5959631
HUN,2021,98.48242523
HUN,2022,92.97298072
ISL,1995,113.6129615
ISL,1996,110.0964152
ISL,1997,112.2126834
ISL,1998,117.9741558
ISL,1999,117.1632382
ISL,2000,114.0996421
ISL,2001,114.1916526
ISL,2002,114.9067806
ISL,2003,110.1225575
ISL,2004,108.4836592
ISL,2005,109.5369903
ISL,2006,112.9190891
ISL,2007,108.861902
ISL,2008,101.5397541
ISL,2009,93.68933874
ISL,2010,97.90483151
ISL,2011,95.28606976
ISL,2012,92.35676859
ISL,2013,90.58517482
ISL,2014,93.62990289
ISL,2015,100
ISL,2016,102.6686823
ISL,2017,104.2189402
ISL,2018,100.2799439
ISL,2019,99.47330084
ISL,2020,98.02531908
ISL,2021,101.8052228
ISL,2022,104.272224
IRL,1995,102.9278899
IRL,1996,102.9957314
IRL,1997,103.3172651
IRL,1998,104.2755833
IRL,1999,104.0555877
IRL,2000,103.9371028
IRL,2001,105.2620111
IRL,2002,107.4835909
IRL,2003,106.3639964
IRL,2004,100.6498144
IRL,2005,102.3678255
IRL,2006,101.3962317
IRL,2007,101.8791445
IRL,2008,102.946366
IRL,2009,101.471188
IRL,2010,98.10944566
IRL,2011,100.0986722
IRL,2012,98.19055198
IRL,2013,98.0208903
IRL,2014,96.08071898
IRL,2015,100
IRL,2016,99.80530834
IRL,2017,98.12295174
IRL,2018,97.53013592
IRL,2019,97.99437266
IRL,2020,97.82211922
IRL,2021,96.34987092
IRL,2022,96.84388757
ITA,1995,99.99888012
ITA,1996,102.546457
ITA,1997,103.0034216
ITA,1998,105.9081317
ITA,1999,105.7939766
ITA,2000,100.0384346
ITA,2001,101.5921846
ITA,2002,103.1338624
ITA,2003,104.032519
ITA,2004,103.0317875
ITA,2005,100.3177125
ITA,2006,97.33950811
ITA,2007,98.46969412
ITA,2008,96.06649873
ITA,2009,101.64393
ITA,2010,97.60525255
ITA,2011,95.05412348
ITA,2012,93.70232792
ITA,2013,95.2804268
ITA,2014,97.73154812
ITA,2015,100
ITA,2016,103.2530936
ITA,2017,101.7230089
ITA,2018,101.1725007
ITA,2019,102.0673497
ITA,2020,105.7078679
ITA,2021,100.7907912
ITA,2022,92.10225588
JPN,1995,154.6548903
JPN,1996,147.6260238
JPN,1997,141.5746065
JPN,1998,147.1515342
JPN,1999,146.6682193
JPN,2000,138.7307914
JPN,2001,138.8998191
JPN,2002,138.1921232
JPN,2003,133.9099934
JPN,2004,128.4166716
JPN,2005,120.2570016
JPN,2006,111.8418392
JPN,2007,107.4465512
JPN,2008,97.62092961
JPN,2009,109.4105821
JPN,2010,103.2542836
JPN,2011,95.32451489
JPN,2012,94.05576518
JPN,2013,93.01234736
JPN,2014,92.28023242
JPN,2015,100
JPN,2016,105.6404677
JPN,2017,101.6107875
JPN,2018,97.37953639
JPN,2019,98.06383626
JPN,2020,103.3616347
JPN,2021,96.06995169
JPN,2022,86.24583685
KOR,1995,148.7924476
KOR,1996,142.6613519
KOR,1997,134.1997606
KOR,1998,124.7431419
KOR,1999,121.6688765
KOR,2000,111.7382567
KOR,2001,108.6965522
KOR,2002,110.4143652
KOR,2003,108.7116535
KOR,2004,105.5271135
KOR,2005,101.8378937
KOR,2006,97.37448889
KOR,2007,97.05563111
KOR,2008,90.43397883
KOR,2009,93.78020946
KOR,2010,93.95716015
KOR,2011,89.52504302
KOR,2012,89.5072259
KOR,2013,91.46548237
KOR,2014,92.26533439
KOR,2015,100
KOR,2016,103.565736
KOR,2017,103.786765
KOR,2018,100.4379707
KOR,2019,94.55776828
KOR,2020,96.32207046
KOR,2021,93.73823632
KOR,2022,85.88549055
LUX,1995,91.97773715
LUX,1996,93.6715382
LUX,1997,94.25217722
LUX,1998,92.09346986
LUX,1999,93.71474247
LUX,2000,93.76537447
LUX,2001,93.36029451
LUX,2002,93.55384277
LUX,2003,93.70699592
LUX,2004,93.45576389
LUX,2005,93.44019734
LUX,2006,94.85908179
LUX,2007,93.71474747
LUX,2008,96.52648241
LUX,2009,98.00015893
LUX,2010,98.69576841
LUX,2011,98.89028075
LUX,2012,99.07395504
LUX,2013,99.45393067
LUX,2014,100.2104572
LUX,2015,100
LUX,2016,99.36444491
LUX,2017,98.87654942
LUX,2018,99.02914515
LUX,2019,98.31333258
LUX,2020,99.65555452
LUX,2021,100.2199414
LUX,2022,99.52587016
MEX,1995,92.25752912
MEX,1996,91.80910477
MEX,1997,96.56752387
MEX,1998,96.60350677
MEX,1999,103.9759191
MEX,2000,111.1823998
MEX,2001,109.0698652
MEX,2002,111.0011227
MEX,2003,112.6778141
MEX,2004,108.2936309
MEX,2005,108.7352051
MEX,2006,109.9673349
MEX,2007,111.9319319
MEX,2008,114.3770006
MEX,2009,110.3466967
MEX,2010,107.083217
MEX,2011,105.0980342
MEX,2012,104.6737157
MEX,2013,105.5945387
MEX,2014,104.5340793
MEX,2015,100
MEX,2016,99.83086055
MEX,2017,102.4487661
MEX,2018,102.4762218
MEX,2019,104.7902583
MEX,2020,103.5266265
MEX,2021,101.6912982
MEX,2022,99.86166934
NLD,1995,97.68555789
NLD,1996,97.62096603
NLD,1997,98.77310337
NLD,1998,100.0231574
NLD,1999,99.28986609
NLD,2000,99.21866964
NLD,2001,100.699517
NLD,2002,101.4772697
NLD,2003,101.4944167
NLD,2004,101.0545368
NLD,2005,101.3575227
NLD,2006,101.4741103
NLD,2007,101.1954571
NLD,2008,101.0331895
NLD,2009,101.9202225
NLD,2010,100.1120421
NLD,2011,98.57453677
NLD,2012,98.60034019
NLD,2013,98.96891073
NLD,2014,98.88486799
NLD,2015,100
NLD,2016,100.5781969
NLD,2017,100.3525324
NLD,2018,100.216486
NLD,2019,100.7900197
NLD,2020,101.4795748
NLD,2021,100.3770487
NLD,2022,97.62882715
NZL,1995,80.73339109
NZL,1996,81.68948623
NZL,1997,79.18078645
NZL,1998,78.63610073
NZL,1999,76.97746944
NZL,2000,78.75915228
NZL,2001,81.2119829
NZL,2002,80.1946266
NZL,2003,85.24951711
NZL,2004,88.99699281
NZL,2005,88.31231405
NZL,2006,87.08733547
NZL,2007,94.23451515
NZL,2008,92.65583806
NZL,2009,88.51134189
NZL,2010,95.46019677
NZL,2011,96.84919792
NZL,2012,92.61472192
NZL,2013,103.3720176
NZL,2014,103.1303162
NZL,2015,100
NZL,2016,102.9354494
NZL,2017,107.1751558
NZL,2018,104.376049
NZL,2019,106.8895525
NZL,2020,105.7036996
NZL,2021,106.3853536
NZL,2022,101.2929413
NOR,1995,60.11918025
NOR,1996,63.8281315
NOR,1997,64.91111808
NOR,1998,59.16989741
NOR,1999,66.02404088
NOR,2000,84.16987965
NOR,2001,82.45589344
NOR,2002,78.13517321
NOR,2003,78.65062788
NOR,2004,85.02466362
NOR,2005,98.32208405
NOR,2006,109.9409597
NOR,2007,108.0413564
NOR,2008,121.8723401
NOR,2009,101.7459154
NOR,2010,108.7222635
NOR,2011,118.4991642
NOR,2012,121.6058252
NOR,2013,121.3834894
NOR,2014,113.7938733
NOR,2015,100
NOR,2016,90.82836659
NOR,2017,95.3651167
NOR,2018,104.0916746
NOR,2019,95.50493401
NOR,2020,80.08532722
NOR,2021,114.7728847
NOR,2022,166.5642162
POL,1995,101.9040172
POL,1996,99.30714418
POL,1997,97.86324563
POL,1998,99.84532608
POL,1999,98.63517721
POL,2000,92.66061583
POL,2001,92.6759912
POL,2002,92.02481056
POL,2003,91.59265652
POL,2004,94.50096087
POL,2005,95.6774979
POL,2006,95.55247029
POL,2007,97.14350526
POL,2008,95.76298634
POL,2009,98.79130367
POL,2010,97.30822467
POL,2011,95.79553022
POL,2012,94.59173131
POL,2013,95.58560528
POL,2014,97.3852097
POL,2015,100
POL,2016,100.4734283
POL,2017,100.6754449
POL,2018,99.75251168
POL,2019,100.9574869
POL,2020,103.7509581
POL,2021,101.6583856
POL,2022,98.10694062
PRT,1995,93.31832757
PRT,1996,91.31298395
PRT,1997,91.91236235
PRT,1998,94.46651549
PRT,1999,95.51316245
PRT,2000,92.83578413
PRT,2001,92.94682609
PRT,2002,94.60177629
PRT,2003,94.85946923
PRT,2004,94.53725371
PRT,2005,93.47556313
PRT,2006,94.10639711
PRT,2007,94.5405781
PRT,2008,92.34726621
PRT,2009,96.81336366
PRT,2010,95.47085481
PRT,2011,93.71174411
PRT,2012,94.33086257
PRT,2013,95.98062835
PRT,2014,96.91524491
PRT,2015,100
PRT,2016,101.6263125
PRT,2017,100.8323119
PRT,2018,100.3082168
PRT,2019,101.1177769
PRT,2020,102.5227973
PRT,2021,101.4634794
PRT,2022,97.78131173
SVK,1995,116.8611251
SVK,1996,111.2782206
SVK,1997,113.8689894
SVK,1998,109.8715321
SVK,1999,108.049757
SVK,2000,112.0102415
SVK,2001,110.8203241
SVK,2002,110.5300783
SVK,2003,110.2107969
SVK,2004,109.8859526
SVK,2005,109.8994446
SVK,2006,108.3510824
SVK,2007,107.1245696
SVK,2008,105.3715559
SVK,2009,104.1746256
SVK,2010,103.3172751
SVK,2011,101.936029
SVK,2012,100.6728529
SVK,2013,100.2174515
SVK,2014,100.2698944
SVK,2015,100
SVK,2016,99.61231053
SVK,2017,99.06852971
SVK,2018,98.48652614
SVK,2019,98.24731695
SVK,2020,97.89354348
SVK,2021,97.0364412
SVK,2022,93.24050961
ESP,1995,94.99355065
ESP,1996,96.69476634
ESP,1997,96.82666252
ESP,1998,99.66897401
ESP,1999,99.39603882
ESP,2000,95.92506036
ESP,2001,97.59375213
ESP,2002,100.378658
ESP,2003,101.7183564
ESP,2004,101.3905636
ESP,2005,102.2661715
ESP,2006,102.7975879
ESP,2007,103.6857464
ESP,2008,102.0054974
ESP,2009,106.7061496
ESP,2010,103.7333543
ESP,2011,100.0309476
ESP,2012,98.94281025
ESP,2013,100.338492
ESP,2014,99.51170212
ESP,2015,100
ESP,2016,100.4288019
ESP,2017,99.93385894
ESP,2018,99.28559972
ESP,2019,99.13430792
ESP,2020,101.2472847
ESP,2021,100.5518196
ESP,2022,93.56486283
SWE,1995,111.4655454
SWE,1996,110.5559033
SWE,1997,109.8517862
SWE,1998,109.6144985
SWE,1999,106.5752219
SWE,2000,104.8065018
SWE,2001,103.3818333
SWE,2002,101.2417212
SWE,2003,100.8251144
SWE,2004,99.69536181
SWE,2005,97.83316817
SWE,2006,97.94903313
SWE,2007,99.36414064
SWE,2008,99.06580057
SWE,2009,100.1028584
SWE,2010,99.7328377
SWE,2011,99.0217804
SWE,2012,99.03263169
SWE,2013,99.23264929
SWE,2014,99.3332759
SWE,2015,100
SWE,2016,100.3383371
SWE,2017,99.43812136
SWE,2018,98.09383825
SWE,2019,98.53434476
SWE,2020,99.5210728
SWE,2021,99.91342626
SWE,2022,97.03807787
CHE,1995,101.011423
CHE,1996,100.3488269
CHE,1997,98.25633429
CHE,1998,99.17238561
CHE,1999,99.59441825
CHE,2000,97.73931697
CHE,2001,98.04187251
CHE,2002,100.4090401
CHE,2003,101.8852678
CHE,2004,100.8391857
CHE,2005,99.55350522
CHE,2006,98.61403912
CHE,2007,97.78182692
CHE,2008,97.00996929
CHE,2009,98.42391968
CHE,2010,98.88778473
CHE,2011,99.15207255
CHE,2012,99.0454154
CHE,2013,98.60441174
CHE,2014,98.56168425
CHE,2015,100
CHE,2016,97.69724785
CHE,2017,96.11179742
CHE,2018,95.80896923
CHE,2019,95.64074639
CHE,2020,92.67574038
CHE,2021,93.69448004
CHE,2022,94.51795575
TUR,1995,114.2337517
TUR,1996,106.9890971
TUR,1997,114.8993763
TUR,1998,113.2234132
TUR,1999,116.2427674
TUR,2000,105.5909309
TUR,2001,103.5232542
TUR,2002,106.2188706
TUR,2003,109.744229
TUR,2004,112.2250192
TUR,2005,111.7194804
TUR,2006,106.7823906
TUR,2007,108.6485695
TUR,2008,105.3485777
TUR,2009,106.5829448
TUR,2010,104.1570619
TUR,2011,96.79962768
TUR,2012,95.95006616
TUR,2013,98.14988088
TUR,2014,97.98625193
TUR,2015,100
TUR,2016,103.7640396
TUR,2017,97.8470866
TUR,2018,95.53364699
TUR,2019,94.61603122
TUR,2020,97.47681495
TUR,2021,89.03484755
TUR,2022,78.86002692
GBR,1995,88.38994722
GBR,1996,89.77309404
GBR,1997,88.13141765
GBR,1998,88.19548557
GBR,1999,89.54628557
GBR,2000,88.8679448
GBR,2001,89.92753382
GBR,2002,90.87522262
GBR,2003,91.47609481
GBR,2004,92.30495196
GBR,2005,92.80628506
GBR,2006,92.3830171
GBR,2007,91.92663662
GBR,2008,89.81093355
GBR,2009,92.92570557
GBR,2010,94.32639878
GBR,2011,93.35397516
GBR,2012,94.26867802
GBR,2013,95.69699864
GBR,2014,97.60655691
GBR,2015,100
GBR,2016,100.0964493
GBR,2017,98.77644284
GBR,2018,98.75335552
GBR,2019,99.41914873
GBR,2020,100.5538624
GBR,2021,99.10164577
GBR,2022,96.8527406
USA,1995,97.40706979
USA,1996,97.81775844
USA,1997,99.55366665
USA,1998,102.7285843
USA,1999,101.3485434
USA,2000,98.96817914
USA,2001,100.7995191
USA,2002,101.1347048
USA,2003,99.72568158
USA,2004,98.66290209
USA,2005,96.40615799
USA,2006,95.77128042
USA,2007,96.03494349
USA,2008,91.35807361
USA,2009,96.61696749
USA,2010,95.22528493
USA,2011,94.06325908
USA,2012,94.51751056
USA,2013,95.90766423
USA,2014,96.69345301
USA,2015,100
USA,2016,101.4655857
USA,2017,101.8708546
USA,2018,102.51374
USA,2019,103.6778315
USA,2020,103.3967518
USA,2021,107.3485371
CHL,1995,75.53631778
CHL,1996,65.69959334
CHL,1997,65.22812356
CHL,1998,62.59857017
CHL,1999,64.54261007
CHL,2000,66.07847914
CHL,2001,64.31665506
CHL,2002,64.40834758
CHL,2003,69.63596754
CHL,2004,83.06240591
CHL,2005,91.29158606
CHL,2006,113.8923899
CHL,2007,117.0140164
CHL,2008,95.84237038
CHL,2009,99.20847116
CHL,2010,115.7793764
CHL,2011,115.9250209
CHL,2012,109.2364078
CHL,2013,106.23927
CHL,2014,102.9368141
CHL,2015,100
CHL,2016,103.1177566
CHL,2017,112.0998845
CHL,2018,109.1842117
CHL,2019,107.2487842
CHL,2020,118.1157789
CHL,2021,132.1271921
CHL,2022,122.0088645
EST,1995,76.28810016
EST,1996,76.13668696
EST,1997,80.18602296
EST,1998,81.21364649
EST,1999,81.01815502
EST,2000,83.20525044
EST,2001,86.93871344
EST,2002,90.41497767
EST,2003,91.92251784
EST,2004,92.61715533
EST,2005,94.35721415
EST,2006,96.60120635
EST,2007,98.56160844
EST,2008,98.73535471
EST,2009,99.11792389
EST,2010,97.17804883
EST,2011,97.57476997
EST,2012,97.10912298
EST,2013,98.0266464
EST,2014,99.53439986
EST,2015,100
EST,2016,101.174556
EST,2017,101.0701312
EST,2018,102.2295985
EST,2019,101.8902196
EST,2020,102.2779195
EST,2021,102.5916132
EST,2022,103.2017166
IND,1995,118.4493937
IND,1996,108.4427792
IND,1997,125.2131544
IND,1998,128.8159726
IND,1999,115.196102
IND,2000,111.2342928
IND,2001,109.7730543
IND,2002,101.6382639
IND,2003,107.8578329
IND,2004,98.60436218
IND,2005,99.85119096
IND,2006,100.122272
IND,2007,100.1021191
IND,2008,105.5851379
IND,2009,103.8334999
IND,2010,106.1658187
IND,2011,105.3146627
IND,2012,103.9285643
IND,2013,100.9924308
IND,2014,98.96430766
IND,2015,100
IND,2016,101.5863877
IND,2017,106.6609349
IND,2018,101.8974274
IND,2019,109.2455103
IND,2020,115.6695794
IDN,1995,119.7664361
IDN,1996,122.1152137
IDN,1997,131.7453075
IDN,1998,138.9032509
IDN,1999,127.6512626
IDN,2000,125.9150367
IDN,2001,122.9335792
IDN,2002,116.3113179
IDN,2003,118.6442957
IDN,2004,117.5340376
IDN,2005,115.5613403
IDN,2006,122.010031
IDN,2007,117.3275442
IDN,2008,105.3795767
IDN,2009,107.5919524
IDN,2010,105.6509526
IDN,2011,107.7519578
IDN,2012,102.1260149
IDN,2013,98.22215863
IDN,2014,99.37391779
IDN,2015,100
IDN,2016,101.4698894
IDN,2017,101.7437001
IDN,2018,96.87972501
IDN,2019,92.78760538
IDN,2020,94.71297831
IDN,2021,103.0973198
IDN,2022,104.636947
ISR,1995,89.30134374
ISR,1996,91.5379984
ISR,1997,94.67264051
ISR,1998,97.44116031
ISR,1999,99.59045177
ISR,2000,97.13647314
ISR,2001,96.86765594
ISR,2002,96.59833845
ISR,2003,94.45102772
ISR,2004,92.0341084
ISR,2005,90.56200049
ISR,2006,89.77946333
ISR,2007,88.1558082
ISR,2008,86.11333643
ISR,2009,92.77042286
ISR,2010,90.84681632
ISR,2011,87.87908425
ISR,2012,90.264989
ISR,2013,92.11124743
ISR,2014,92.91235785
ISR,2015,100
ISR,2016,103.2992875
ISR,2017,103.4067222
ISR,2018,101.0956712
ISR,2019,105.8291083
ISR,2020,109.7936072
ISR,2021,112.3380182
ISR,2022,112.094228
RUS,1995,67.88355681
RUS,1996,69.94302056
RUS,1997,64.92733256
RUS,1998,60.97002237
RUS,1999,59.09489126
RUS,2000,79.32506278
RUS,2001,75.0894629
RUS,2002,73.80713935
RUS,2003,78.71449148
RUS,2004,91.28306598
RUS,2005,105.3956601
RUS,2006,116.869065
RUS,2007,121.0119551
RUS,2008,139.8674244
RUS,2009,98.16713113
RUS,2010,116.9820327
RUS,2011,141.3567309
RUS,2012,144.7878476
RUS,2013,136.3804134
RUS,2014,130.4139497
RUS,2015,100
RUS,2016,84.0710367
RUS,2017,94.22127945
RUS,2018,108.1404509
RUS,2019,102.3053281
SVN,1995,100.1362938
SVN,1996,101.7382147
SVN,1997,102.0996277
SVN,1998,103.0400173
SVN,1999,103.2732584
SVN,2000,100.0556861
SVN,2001,101.7811304
SVN,2002,103.7151237
SVN,2003,104.3598092
SVN,2004,103.1580102
SVN,2005,100.9604794
SVN,2006,100.4162582
SVN,2007,101.3309634
SVN,2008,100.0461403
SVN,2009,103.5070687
SVN,2010,99.3669675
SVN,2011,98.00628777
SVN,2012,96.96726418
SVN,2013,97.75290504
SVN,2014,98.74956696
SVN,2015,100
SVN,2016,100.8292864
SVN,2017,100.235994
SVN,2018,100.1703077
SVN,2019,100.7044991
SVN,2020,101.4313175
SVN,2021,99.31532979
SVN,2022,96.26737545
ZAF,1995,76.71141859
ZAF,1996,80.45848994
ZAF,1997,79.2654875
ZAF,1998,78.10996855
ZAF,1999,75.24358473
ZAF,2000,73.4751863
ZAF,2001,74.29428489
ZAF,2002,76.18247763
ZAF,2003,79.42086512
ZAF,2004,80.89408541
ZAF,2005,82.28756353
ZAF,2006,86.23872785
ZAF,2007,88.89777548
ZAF,2008,89.80667964
ZAF,2009,94.59755937
ZAF,2010,100.3440574
ZAF,2011,106.9760155
ZAF,2012,101.9758724
ZAF,2013,99.75249379
ZAF,2014,97.66445749
ZAF,2015,100
ZAF,2016,101.5810829
ZAF,2017,106.2091313
ZAF,2018,104.4191599
ZAF,2019,108.6073593
ZAF,2020,118.6160457
ZAF,2021,124.8813904
ZAF,2022,114.1066062
EA,1995,100.5167531
EA,1996,100.6090771
EA,1997,100.3374323
EA,1998,101.9705381
EA,1999,101.9463868
EA,2000,98.98264676
EA,2001,99.61863531
EA,2002,101.1015591
EA,2003,101.7836288
EA,2004,101.086547
EA,2005,100.0043512
EA,2006,98.73033382
EA,2007,99.17735101
EA,2008,97.81239544
EA,2009,100.8186148
EA,2010,98.67487159
EA,2011,96.61359019
EA,2012,96.14617008
EA,2013,97.02107084
EA,2014,97.83510822
EA,2015,100
EA,2016,101.1973813
EA,2017,100.301179
EA,2018,99.64737292
EA,2019,100.1579462
EA,2020,101.5252947
EA,2021,99.61035309
EA,2022,95.33099737
EU,1995,100.3103288
EU,1996,100.2830126
EU,1997,100.0019489
EU,1998,101.5300859
EU,1999,101.3777198
EU,2000,98.55309868
EU,2001,99.03946394
EU,2002,100.3375174
EU,2003,100.9729844
EU,2004,100.470709
EU,2005,99.46569252
EU,2006,98.35722819
EU,2007,98.93413389
EU,2008,97.72327004
EU,2009,100.49126
EU,2010,98.6498974
EU,2011,96.75558434
EU,2012,96.27639564
EU,2013,97.1275631
EU,2014,97.98866645
EU,2015,100
EU,2016,101.0960986
EU,2017,100.289676
EU,2018,99.64990379
EU,2019,100.1912373
EU,2020,101.7143732
EU,2021,99.98672101
EU,2022,95.98643474
LVA,1995,100.9222548
LVA,1996,100.2832615
LVA,1997,92.61539878
LVA,1998,96.93774869
LVA,1999,100.2597236
LVA,2000,94.66036349
LVA,2001,95.95585236
LVA,2002,93.51723962
LVA,2003,95.37236027
LVA,2004,97.80668919
LVA,2005,96.92658283
LVA,2006,96.35168847
LVA,2007,100.811821
LVA,2008,99.16095625
LVA,2009,99.34835314
LVA,2010,99.53130593
LVA,2011,102.602406
LVA,2012,99.73377648
LVA,2013,100.3024338
LVA,2014,99.41664119
LVA,2015,100
LVA,2016,103.0395658
LVA,2017,103.4977318
LVA,2018,105.357656
LVA,2019,106.2992493
LVA,2020,108.2616273
LVA,2021,106.5798613
LVA,2022,105.9053826
COL,1995,72.57953618
COL,1996,72.21575299
COL,1997,71.79761653
COL,1998,62.79029643
COL,1999,63.34891742
COL,2000,65.4880121
COL,2001,61.05808446
COL,2002,60.12311599
COL,2003,63.01787601
COL,2004,68.98369861
COL,2005,74.1139343
COL,2006,77.64603834
COL,2007,81.80306352
COL,2008,97.55104186
COL,2009,95.85127596
COL,2010,108.2226025
COL,2011,121.3596279
COL,2012,125.0393466
COL,2013,125.4152261
COL,2014,118.9659843
COL,2015,100
COL,2016,96.08072108
COL,2017,103.8993021
COL,2018,111.9063534
COL,2019,110.6395035
COL,2020,102.892901
COL,2021,116.9107002
COL,2022,135.1062631
CRI,1995,99.20388925
CRI,1996,95.54431981
CRI,1997,100.6360144
CRI,1998,103.4099708
CRI,1999,98.64629149
CRI,2000,96.50989377
CRI,2001,96.76550271
CRI,2002,94.85876681
CRI,2003,93.96349508
CRI,2004,91.74494728
CRI,2005,89.66580714
CRI,2006,87.74545522
CRI,2007,85.32149507
CRI,2008,82.09201503
CRI,2009,88.12374194
CRI,2010,91.8800984
CRI,2011,90.10156134
CRI,2012,91.65382057
CRI,2013,92.19403558
CRI,2014,93.60353129
CRI,2015,100
CRI,2016,103.2207791
CRI,2017,101.6450699
CRI,2018,99.86743011
CRI,2019,100.5786533
CRI,2020,101.4186574
CRI,2021,94.79178813
CRI,2022,88.4508136
LTU,1995,76.42473916
LTU,1996,82.78143616
LTU,1997,86.121288
LTU,1998,83.69841452
LTU,1999,87.01616786
LTU,2000,91.61698773
LTU,2001,91.2578422
LTU,2002,91.55282192
LTU,2003,91.54739221
LTU,2004,99.39907157
LTU,2005,100.4526946
LTU,2006,97.56996098
LTU,2007,98.45352946
LTU,2008,102.0090103
LTU,2009,97.96237326
LTU,2010,98.57776392
LTU,2011,97.77059516
LTU,2012,96.93631865
LTU,2013,96.65465048
LTU,2014,97.47186704
LTU,2015,100
LTU,2016,101.6779342
LTU,2017,101.6853162
LTU,2018,100.1830351
LTU,2019,101.1089578
LTU,2020,102.9415978
LTU,2021,97.56568745
LTU,2022,90.19159682
OAVG,1995,100.1262574
OAVG,1996,99.91984734
OAVG,1997,100.0968186
OAVG,1998,101.206885
OAVG,1999,101.264185
OAVG,2000,99.47555272
OAVG,2001,100.1108696
OAVG,2002,100.8891576
OAVG,2003,101.1217625
OAVG,2004,100.8748975
OAVG,2005,99.95201095
OAVG,2006,99.1966455
OAVG,2007,99.62011397
OAVG,2008,97.2832254
OAVG,2009,100.1321873
OAVG,2010,99.41232085
OAVG,2011,97.3932813
OAVG,2012,97.07608692
OAVG,2013,97.87479555
OAVG,2014,98.06301448
OAVG,2015,100
OAVG,2016,101.4722515
OAVG,2017,101.1168144
OAVG,2018,100.5666435
OAVG,2019,100.9071868
OAVG,2020,102.0541689
OAVG,2021,101.6460298
OAVG,2022,98.90649375